customer_id,company_name,industry,subscription_tier,contract_type,payment_method,signup_cohort,tenure_months,monthly_charges,total_charges,active_user_seats,feature_adoption_rate,support_tickets_30d,days_since_last_login,nps_score,churn_risk_score,risk_tier,churn_status,churn_reason
CUST-10001,Vanguard Data Systems,Education,Starter,Month-to-Month,Bank Transfer,2025-12,5,131.57,632.93,5,26,1,0,3,63.4,Medium Risk,1,Low User Adoption
CUST-10002,Nexus Data Systems,Healthcare,Professional,Month-to-Month,Credit Card,2026-02,1,495.07,488.6,27,35,2,1,4,50.0,Medium Risk,0,N/A
CUST-10003,Quantum Data Systems,Technology,Starter,1-Year,Electronic Check,2025-12,4,161.16,651.27,6,83,0,8,3,17.5,Low Risk,0,N/A
CUST-10004,Hyperion Data Systems,Financial Services,Professional,1-Year,Credit Card,2024-03,28,478.43,13034.51,27,44,3,1,7,3.9,Low Risk,0,N/A
CUST-10005,Aura Data Systems,Financial Services,Starter,1-Year,Bank Transfer,2025-09,3,147.56,447.64,5,83,2,0,7,6.3,Low Risk,0,N/A
CUST-10006,Catalyst Data Systems,Manufacturing,Starter,1-Year,Bank Transfer,2024-02,26,161.0,4258.98,6,55,1,0,9,1.6,Low Risk,0,N/A
CUST-10007,Pulse Data Systems,Healthcare,Professional,1-Year,Bank Transfer,2024-05,8,421.96,3338.41,17,86,1,3,7,6.6,Low Risk,0,N/A
CUST-10008,Vertex Data Systems,Healthcare,Professional,2-Year,Bank Transfer,2024-06,26,332.45,8471.8,7,69,1,1,8,1.3,Low Risk,0,N/A
CUST-10009,Starlight Data Systems,Manufacturing,Enterprise,Month-to-Month,Electronic Check,2026-01,3,929.81,2873.3,22,97,0,0,4,34.3,Low Risk,1,Executive Leadership Turnover
CUST-10010,Beacon Data Systems,Financial Services,Enterprise,Month-to-Month,Credit Card,2026-03,5,1289.27,6664.2,65,92,0,1,4,22.3,Low Risk,0,N/A
CUST-10011,Cobalt Data Systems,Technology,Professional,2-Year,Electronic Check,2026-03,3,417.18,1250.14,20,45,0,5,10,4.5,Low Risk,0,N/A
CUST-10012,Crest Data Systems,Technology,Enterprise,Month-to-Month,Credit Card,2024-09,17,1165.49,19339.63,52,92,1,0,7,8.7,Low Risk,0,N/A
CUST-10013,Elevation Data Systems,Financial Services,Starter,Month-to-Month,Bank Transfer,2024-08,3,146.83,445.11,6,58,0,2,8,33.2,Low Risk,1,Executive Leadership Turnover
CUST-10014,Frontier Data Systems,Healthcare,Starter,Month-to-Month,Bank Transfer,2025-10,8,119.09,933.13,1,42,1,3,9,14.2,Low Risk,0,N/A
CUST-10015,Horizon Data Systems,E-Commerce,Enterprise,1-Year,Credit Card,2025-02,15,1300.3,19973.53,68,21,2,30,3,86.4,High Risk,1,Budget Reallocation / Price
CUST-10016,Integra Data Systems,Technology,Starter,Month-to-Month,Bank Transfer,2025-03,8,133.27,1094.82,4,24,1,5,8,57.4,Medium Risk,1,Low User Adoption
CUST-10017,Kinetic Data Systems,Technology,Enterprise,Month-to-Month,Bank Transfer,2025-01,2,1404.82,2761.37,80,36,1,30,6,79.4,High Risk,1,Poor Onboarding Experience
CUST-10018,Luminary Data Systems,Education,Enterprise,Month-to-Month,Electronic Check,2025-07,12,1948.42,24165.5,144,84,0,1,2,22.3,Low Risk,0,N/A
CUST-10019,Meridian Data Systems,Manufacturing,Starter,Month-to-Month,Credit Card,2025-10,4,159.8,645.3,9,66,0,8,5,56.2,Medium Risk,0,N/A
CUST-10020,Nova Data Systems,E-Commerce,Professional,2-Year,Bank Transfer,2025-11,6,460.3,2856.59,23,45,0,0,8,3.4,Low Risk,0,N/A
CUST-10021,Omni Data Systems,Technology,Starter,2-Year,Bank Transfer,2024-07,17,200.45,3349.03,10,48,0,1,2,7.9,Low Risk,0,N/A
CUST-10022,Pinnacle Data Systems,E-Commerce,Enterprise,2-Year,Credit Card,2024-01,22,1564.91,33368.82,97,85,0,2,10,0.3,Low Risk,0,N/A
CUST-10023,Acro Data Systems,Technology,Professional,1-Year,Credit Card,2024-07,22,332.53,7052.76,9,96,3,1,5,4.1,Low Risk,0,N/A
CUST-10024,Boreal Data Systems,Education,Professional,Month-to-Month,Bank Transfer,2024-09,6,358.54,2220.76,13,71,1,1,1,35.4,Medium Risk,1,Executive Leadership Turnover
CUST-10025,Cortex Data Systems,Manufacturing,Starter,Month-to-Month,Bank Transfer,2024-10,12,151.89,1878.69,6,20,3,0,5,63.4,Medium Risk,1,Low User Adoption
CUST-10026,Equinox Data Systems,E-Commerce,Enterprise,Month-to-Month,Bank Transfer,2026-02,2,1252.9,2566.39,59,67,0,3,6,48.8,Medium Risk,0,N/A
CUST-10027,Flux Data Systems,Education,Enterprise,1-Year,Credit Card,2024-02,28,1472.57,42206.17,88,75,0,5,7,8.7,Low Risk,0,N/A
CUST-10028,Galactic Data Systems,Healthcare,Starter,Month-to-Month,Bank Transfer,2026-01,3,128.45,398.89,4,59,1,1,10,13.6,Low Risk,0,N/A
CUST-10029,Helix Data Systems,Technology,Enterprise,2-Year,Bank Transfer,2024-04,20,1456.25,28229.45,86,70,0,3,7,3.1,Low Risk,0,N/A
CUST-10030,Infini Data Systems,Manufacturing,Starter,Month-to-Month,Electronic Check,2025-06,11,113.81,1233.27,1,40,1,0,8,18.2,Low Risk,0,N/A
CUST-10031,Krypton Data Systems,Technology,Professional,1-Year,Bank Transfer,2025-11,5,383.25,1978.0,14,85,0,1,10,1.7,Low Risk,0,N/A
CUST-10032,Matrix Data Systems,Manufacturing,Professional,Month-to-Month,Bank Transfer,2025-02,11,410.18,4677.96,17,74,1,2,7,18.2,Low Risk,0,N/A
CUST-10033,Neutron Data Systems,Education,Starter,1-Year,Credit Card,2024-03,27,107.43,3012.91,2,45,2,0,5,9.1,Low Risk,1,Competitor Migration
CUST-10034,Optima Data Systems,Manufacturing,Enterprise,2-Year,Credit Card,2025-11,7,1057.94,7619.12,38,78,1,0,8,1.2,Low Risk,0,N/A
CUST-10035,Prism Data Systems,Technology,Professional,2-Year,Credit Card,2024-02,18,354.66,6399.78,12,46,4,0,4,23.1,Low Risk,0,N/A
CUST-10036,Radiant Data Systems,Manufacturing,Professional,Month-to-Month,Electronic Check,2026-05,3,570.43,1707.82,35,69,3,1,9,13.6,Low Risk,0,N/A
CUST-10037,Solaris Data Systems,Financial Services,Professional,1-Year,Credit Card,2025-09,4,532.32,2196.23,31,50,1,3,5,28.9,Low Risk,0,N/A
CUST-10038,Titan Data Systems,Technology,Starter,Month-to-Month,Bank Transfer,2025-02,14,127.91,1848.74,4,57,1,1,5,35.4,Medium Risk,0,N/A
CUST-10039,Zenith Data Systems,Manufacturing,Enterprise,1-Year,Credit Card,2024-01,31,961.49,29897.33,25,60,0,1,9,1.9,Low Risk,0,N/A
CUST-10040,Strata Data Systems,Education,Professional,Month-to-Month,Bank Transfer,2025-04,1,481.92,498.09,24,64,0,2,7,33.2,Low Risk,1,Poor Onboarding Experience
CUST-10041,Synapse Data Systems,Manufacturing,Professional,1-Year,Bank Transfer,2025-09,7,549.29,3831.1,34,32,3,0,6,21.4,Low Risk,0,N/A
CUST-10042,Vortex Data Systems,Financial Services,Professional,2-Year,Credit Card,2026-03,1,400.74,405.55,17,75,0,1,10,2.4,Low Risk,0,N/A
CUST-10043,Vector Data Systems,Education,Starter,Month-to-Month,Bank Transfer,2024-05,8,122.24,958.85,1,31,1,0,10,21.4,Low Risk,0,N/A
CUST-10044,Zenith Data Systems,Financial Services,Starter,1-Year,Credit Card,2024-06,10,199.23,1972.43,10,28,1,8,8,34.3,Low Risk,0,N/A
CUST-10045,Aegis Data Systems,Education,Starter,1-Year,Bank Transfer,2026-01,3,189.67,565.75,10,91,3,3,8,11.4,Low Risk,1,Low User Adoption
CUST-10046,Orion Data Systems,Financial Services,Starter,Month-to-Month,Credit Card,2025-02,12,131.94,1642.24,6,96,3,1,4,19.0,Low Risk,1,Low User Adoption
CUST-10047,Apex Cloud Systems,Financial Services,Professional,Month-to-Month,Credit Card,2025-12,5,554.34,2760.79,34,49,0,0,10,9.5,Low Risk,0,N/A
CUST-10048,Vanguard Cloud Systems,E-Commerce,Professional,Month-to-Month,Electronic Check,2024-06,16,480.76,7926.07,26,42,1,0,6,18.2,Low Risk,0,N/A
CUST-10049,Nexus Cloud Systems,Manufacturing,Starter,1-Year,Credit Card,2026-01,2,117.5,229.77,4,75,1,1,9,5.7,Low Risk,0,N/A
CUST-10050,Quantum Cloud Systems,Education,Starter,1-Year,Bank Transfer,2025-12,5,178.42,907.89,10,57,1,1,6,7.9,Low Risk,0,N/A
CUST-10051,Hyperion Cloud Systems,Financial Services,Starter,1-Year,Bank Transfer,2025-12,4,190.28,781.37,9,50,2,21,7,45.0,Medium Risk,1,Missing Core Feature
CUST-10052,Aura Cloud Systems,Financial Services,Starter,1-Year,Bank Transfer,2024-02,2,116.58,225.75,3,85,0,14,8,13.6,Low Risk,0,N/A
CUST-10053,Catalyst Cloud Systems,Technology,Professional,Month-to-Month,Electronic Check,2024-09,16,433.25,6738.86,20,29,3,1,3,63.4,Medium Risk,1,Missing Core Feature
CUST-10054,Pulse Cloud Systems,Manufacturing,Enterprise,Month-to-Month,Credit Card,2025-08,10,1102.29,11340.51,41,94,0,1,7,10.4,Low Risk,0,N/A
CUST-10055,Vertex Cloud Systems,E-Commerce,Starter,2-Year,Bank Transfer,2026-01,2,167.61,323.82,10,95,0,2,4,6.3,Low Risk,0,N/A
CUST-10056,Starlight Cloud Systems,Technology,Professional,Month-to-Month,Bank Transfer,2025-11,5,496.78,2501.74,27,73,0,0,6,21.4,Low Risk,0,N/A
CUST-10057,Beacon Cloud Systems,Healthcare,Professional,Month-to-Month,Bank Transfer,2024-05,3,441.37,1317.66,22,22,0,1,8,61.1,Medium Risk,1,Budget Reallocation / Price
CUST-10058,Cobalt Cloud Systems,E-Commerce,Professional,Month-to-Month,Credit Card,2025-03,3,490.09,1422.2,27,91,0,1,6,17.5,Low Risk,0,N/A
CUST-10059,Crest Cloud Systems,Education,Enterprise,1-Year,Bank Transfer,2024-02,25,966.49,24327.19,25,37,1,2,9,1.6,Low Risk,0,N/A
CUST-10060,Elevation Cloud Systems,Education,Enterprise,Month-to-Month,Bank Transfer,2024-04,28,1100.95,31599.89,43,35,0,2,6,11.4,Low Risk,0,N/A
CUST-10061,Frontier Cloud Systems,Manufacturing,Starter,Month-to-Month,Electronic Check,2025-01,17,108.51,1862.77,2,15,2,1,7,41.3,Medium Risk,1,Budget Reallocation / Price
CUST-10062,Horizon Cloud Systems,E-Commerce,Professional,Month-to-Month,Bank Transfer,2024-10,15,494.81,7309.78,29,77,0,21,8,52.5,Medium Risk,1,Competitor Migration
CUST-10063,Integra Cloud Systems,Technology,Professional,1-Year,Bank Transfer,2024-04,21,313.86,6767.55,7,34,1,3,7,19.8,Low Risk,0,N/A
CUST-10064,Kinetic Cloud Systems,E-Commerce,Starter,Month-to-Month,Credit Card,2025-12,2,162.06,324.32,9,23,0,3,7,75.0,High Risk,0,N/A
CUST-10065,Luminary Cloud Systems,Technology,Starter,1-Year,Credit Card,2026-04,2,152.31,303.53,5,72,1,1,8,13.6,Low Risk,0,N/A
CUST-10066,Meridian Cloud Systems,Financial Services,Enterprise,Month-to-Month,Credit Card,2024-02,11,1427.51,16105.54,81,75,2,5,7,29.9,Low Risk,0,N/A
CUST-10067,Nova Cloud Systems,Healthcare,Professional,2-Year,Bank Transfer,2024-04,28,301.92,8704.62,6,71,0,8,1,7.2,Low Risk,0,N/A
CUST-10068,Omni Cloud Systems,Healthcare,Starter,1-Year,Credit Card,2026-04,3,134.85,416.6,5,83,1,1,8,6.3,Low Risk,0,N/A
CUST-10069,Pinnacle Cloud Systems,Technology,Professional,2-Year,Electronic Check,2025-12,1,370.59,376.34,12,70,5,3,8,29.9,Low Risk,1,Competitor Migration
CUST-10070,Acro Cloud Systems,Technology,Starter,Month-to-Month,Bank Transfer,2025-05,7,99.27,688.36,1,87,2,0,4,19.0,Low Risk,0,N/A
CUST-10071,Boreal Cloud Systems,Education,Starter,Month-to-Month,Bank Transfer,2024-09,22,170.51,3623.34,10,16,3,1,6,25.0,Low Risk,0,N/A
CUST-10072,Cortex Cloud Systems,Financial Services,Enterprise,Month-to-Month,Bank Transfer,2026-04,3,1557.36,4700.04,96,40,6,5,3,89.1,High Risk,1,Budget Reallocation / Price
CUST-10073,Equinox Cloud Systems,Education,Starter,1-Year,Credit Card,2025-12,1,149.61,146.38,7,92,2,5,9,4.7,Low Risk,0,N/A
CUST-10074,Flux Cloud Systems,Financial Services,Starter,1-Year,Credit Card,2025-10,3,136.23,393.43,4,95,0,2,2,16.8,Low Risk,0,N/A
CUST-10075,Galactic Cloud Systems,Financial Services,Professional,Month-to-Month,Credit Card,2024-07,5,337.84,1643.87,7,84,3,1,7,8.7,Low Risk,0,N/A
CUST-10076,Helix Cloud Systems,E-Commerce,Enterprise,Month-to-Month,Bank Transfer,2024-03,5,1552.63,7952.31,95,43,3,3,10,14.2,Low Risk,0,N/A
CUST-10077,Infini Cloud Systems,Financial Services,Starter,Month-to-Month,Credit Card,2025-10,5,140.49,700.85,7,89,1,2,7,8.7,Low Risk,0,N/A
CUST-10078,Krypton Cloud Systems,Manufacturing,Enterprise,Month-to-Month,Bank Transfer,2026-03,4,1626.53,6306.31,103,53,1,0,2,35.4,Medium Risk,1,Poor Onboarding Experience
CUST-10079,Matrix Cloud Systems,Healthcare,Enterprise,Month-to-Month,Electronic Check,2025-11,7,1191.6,8334.09,54,90,2,0,7,8.7,Low Risk,0,N/A
CUST-10080,Neutron Cloud Systems,E-Commerce,Enterprise,Month-to-Month,Credit Card,2024-08,12,1493.65,17293.67,91,27,6,1,9,53.7,Medium Risk,0,N/A
CUST-10081,Optima Cloud Systems,Financial Services,Starter,1-Year,Bank Transfer,2024-07,21,130.72,2662.97,2,96,1,0,9,0.7,Low Risk,0,N/A
CUST-10082,Prism Cloud Systems,Manufacturing,Starter,Month-to-Month,Electronic Check,2024-11,5,164.25,840.86,9,91,0,5,4,35.4,Medium Risk,1,Budget Reallocation / Price
CUST-10083,Radiant Cloud Systems,Technology,Professional,Month-to-Month,Credit Card,2025-07,6,293.61,1796.28,5,17,0,0,8,46.3,Medium Risk,0,N/A
CUST-10084,Solaris Cloud Systems,E-Commerce,Professional,Month-to-Month,Credit Card,2025-08,1,400.46,411.59,16,81,0,2,2,34.3,Low Risk,0,N/A
CUST-10085,Titan Cloud Systems,E-Commerce,Professional,Month-to-Month,Electronic Check,2024-11,20,441.43,8705.13,20,33,0,0,8,28.9,Low Risk,0,N/A
CUST-10086,Zenith Cloud Systems,Manufacturing,Professional,Month-to-Month,Credit Card,2024-04,28,425.69,11873.13,19,98,2,3,8,7.9,Low Risk,0,N/A
CUST-10087,Strata Cloud Systems,Healthcare,Professional,Month-to-Month,Bank Transfer,2025-02,11,525.87,5596.33,31,47,1,0,10,7.9,Low Risk,1,Missing Core Feature
CUST-10088,Synapse Cloud Systems,Technology,Professional,1-Year,Credit Card,2025-06,9,410.91,3675.39,16,57,2,1,9,3.2,Low Risk,0,N/A
CUST-10089,Vortex Cloud Systems,Education,Starter,Month-to-Month,Credit Card,2024-07,5,144.01,735.18,5,76,0,0,9,4.3,Low Risk,0,N/A
CUST-10090,Vector Cloud Systems,Manufacturing,Starter,2-Year,Electronic Check,2025-08,11,169.58,1795.09,7,97,1,2,8,1.2,Low Risk,0,N/A
CUST-10091,Zenith Cloud Systems,Financial Services,Professional,Month-to-Month,Bank Transfer,2024-05,19,397.75,7575.68,14,66,0,3,10,8.7,Low Risk,0,N/A
CUST-10092,Aegis Cloud Systems,E-Commerce,Professional,Month-to-Month,Bank Transfer,2025-07,10,379.51,3725.91,15,25,3,0,8,41.3,Medium Risk,1,Missing Core Feature
CUST-10093,Orion Cloud Systems,Education,Professional,Month-to-Month,Credit Card,2024-04,12,465.97,5505.94,24,70,0,2,8,21.4,Low Risk,0,N/A
CUST-10094,Apex Digital Systems,Healthcare,Starter,Month-to-Month,Electronic Check,2026-01,2,167.42,324.91,10,47,0,0,7,33.2,Low Risk,0,N/A
CUST-10095,Vanguard Digital Systems,Manufacturing,Professional,1-Year,Credit Card,2025-01,2,444.56,894.34,21,70,0,8,9,12.5,Low Risk,0,N/A
CUST-10096,Nexus Digital Systems,Education,Professional,Month-to-Month,Bank Transfer,2026-02,5,369.53,1809.71,14,73,3,8,3,51.2,Medium Risk,0,N/A
CUST-10097,Quantum Digital Systems,Manufacturing,Professional,Month-to-Month,Bank Transfer,2024-11,6,319.85,1895.97,7,24,1,0,7,41.3,Medium Risk,0,N/A
CUST-10098,Hyperion Digital Systems,Education,Enterprise,Month-to-Month,Bank Transfer,2025-08,3,1211.77,3653.85,57,98,0,14,8,28.9,Low Risk,0,N/A
CUST-10099,Aura Digital Systems,Manufacturing,Professional,1-Year,Electronic Check,2024-11,11,566.37,6275.63,34,34,1,1,8,21.4,Low Risk,0,N/A
CUST-10100,Catalyst Digital Systems,Financial Services,Professional,Month-to-Month,Credit Card,2024-10,3,381.66,1141.56,14,97,3,5,8,25.0,Low Risk,0,N/A
CUST-10101,Pulse Digital Systems,Manufacturing,Enterprise,1-Year,Credit Card,2024-11,20,989.74,20329.07,30,75,1,14,7,7.2,Low Risk,0,N/A
CUST-10102,Vertex Digital Systems,Education,Starter,1-Year,Electronic Check,2025-05,9,107.37,953.83,3,93,0,1,6,4.3,Low Risk,0,N/A
CUST-10103,Starlight Digital Systems,Manufacturing,Starter,Month-to-Month,Credit Card,2024-10,9,133.81,1189.82,6,92,3,1,8,8.7,Low Risk,0,N/A
CUST-10104,Beacon Digital Systems,Education,Professional,1-Year,Bank Transfer,2025-06,7,395.51,2821.46,17,97,2,5,8,6.6,Low Risk,0,N/A
CUST-10105,Cobalt Digital Systems,Education,Enterprise,Month-to-Month,Credit Card,2024-12,10,1107.11,10765.49,43,38,5,1,9,26.9,Low Risk,1,Competitor Migration
CUST-10106,Crest Digital Systems,Financial Services,Enterprise,Month-to-Month,Credit Card,2025-05,1,1119.27,1148.94,45,58,3,2,8,28.9,Low Risk,1,Competitor Migration
CUST-10107,Elevation Digital Systems,Manufacturing,Enterprise,Month-to-Month,Credit Card,2025-12,2,1271.24,2489.43,62,71,1,3,9,23.1,Low Risk,0,N/A
CUST-10108,Frontier Digital Systems,E-Commerce,Enterprise,2-Year,Electronic Check,2025-03,10,1318.37,13294.09,69,63,1,1,4,6.6,Low Risk,0,N/A
CUST-10109,Horizon Digital Systems,Financial Services,Starter,1-Year,Bank Transfer,2026-04,1,179.09,183.83,8,51,0,0,7,16.1,Low Risk,0,N/A
CUST-10110,Integra Digital Systems,Technology,Enterprise,2-Year,Electronic Check,2025-02,2,1393.58,2681.96,76,65,1,0,10,2.0,Low Risk,0,N/A
CUST-10111,Kinetic Digital Systems,Technology,Enterprise,Month-to-Month,Bank Transfer,2026-03,4,1639.2,6304.5,105,32,2,1,8,41.3,Medium Risk,0,N/A
CUST-10112,Luminary Digital Systems,Healthcare,Enterprise,Month-to-Month,Bank Transfer,2024-02,8,1810.89,14486.92,128,68,1,2,2,35.4,Medium Risk,0,N/A
CUST-10113,Meridian Digital Systems,Manufacturing,Starter,1-Year,Bank Transfer,2024-01,20,177.13,3677.12,9,60,0,1,8,4.7,Low Risk,0,N/A
CUST-10114,Nova Digital Systems,Technology,Enterprise,Month-to-Month,Bank Transfer,2026-04,4,2013.02,7952.11,149,20,1,30,5,94.3,High Risk,1,Missing Core Feature
CUST-10115,Omni Digital Systems,Education,Professional,1-Year,Bank Transfer,2024-02,12,341.5,4255.63,8,84,0,2,9,1.7,Low Risk,0,N/A
CUST-10116,Pinnacle Digital Systems,E-Commerce,Professional,1-Year,Electronic Check,2024-02,10,506.22,5068.43,30,40,0,0,2,20.6,Low Risk,0,N/A
CUST-10117,Acro Digital Systems,Manufacturing,Professional,Month-to-Month,Credit Card,2026-01,1,323.87,330.17,6,98,0,0,7,17.5,Low Risk,0,N/A
CUST-10118,Boreal Digital Systems,E-Commerce,Starter,Month-to-Month,Electronic Check,2025-05,5,123.37,619.09,3,25,2,0,8,41.3,Medium Risk,0,N/A
CUST-10119,Cortex Digital Systems,Financial Services,Starter,Month-to-Month,Credit Card,2025-02,6,154.63,964.75,6,71,1,0,9,7.9,Low Risk,0,N/A
CUST-10120,Equinox Digital Systems,Financial Services,Professional,Month-to-Month,Credit Card,2024-12,17,534.68,8751.28,30,35,5,0,8,48.8,Medium Risk,0,N/A
CUST-10121,Flux Digital Systems,Technology,Starter,2-Year,Bank Transfer,2024-05,22,144.18,3179.44,6,72,4,1,9,2.2,Low Risk,0,N/A
CUST-10122,Galactic Digital Systems,E-Commerce,Starter,Month-to-Month,Credit Card,2025-04,13,131.74,1727.95,5,86,0,3,8,18.2,Low Risk,0,N/A
CUST-10123,Helix Digital Systems,Education,Enterprise,Month-to-Month,Bank Transfer,2024-06,23,1958.51,45650.57,145,71,6,5,10,25.0,Low Risk,0,N/A
CUST-10124,Infini Digital Systems,Education,Starter,Month-to-Month,Bank Transfer,2025-11,3,167.16,482.48,9,61,1,0,5,50.0,Medium Risk,1,Poor Onboarding Experience
CUST-10125,Krypton Digital Systems,Manufacturing,Professional,1-Year,Credit Card,2024-03,3,436.13,1298.91,19,54,1,3,7,23.1,Low Risk,0,N/A
CUST-10126,Matrix Digital Systems,Manufacturing,Starter,Month-to-Month,Credit Card,2024-12,5,153.98,795.2,6,85,1,0,10,3.6,Low Risk,0,N/A
CUST-10127,Neutron Digital Systems,Technology,Enterprise,Month-to-Month,Electronic Check,2024-08,12,1231.14,14833.77,59,81,3,5,5,31.0,Low Risk,0,N/A
CUST-10128,Optima Digital Systems,Healthcare,Professional,Month-to-Month,Bank Transfer,2025-07,3,469.17,1414.67,24,36,2,3,8,43.8,Medium Risk,0,N/A
CUST-10129,Prism Digital Systems,Technology,Starter,Month-to-Month,Credit Card,2025-08,11,174.76,1919.74,10,18,1,2,6,41.3,Medium Risk,0,N/A
CUST-10130,Radiant Digital Systems,Education,Professional,Month-to-Month,Credit Card,2025-04,15,410.55,6398.68,19,41,0,0,9,9.5,Low Risk,0,N/A
CUST-10131,Solaris Digital Systems,Financial Services,Enterprise,Month-to-Month,Bank Transfer,2024-08,15,1196.12,18464.5,53,30,0,0,3,67.9,High Risk,1,Poor Onboarding Experience
CUST-10132,Titan Digital Systems,E-Commerce,Starter,2-Year,Credit Card,2024-07,25,134.47,3233.51,3,35,1,1,7,1.3,Low Risk,0,N/A
CUST-10133,Zenith Digital Systems,E-Commerce,Professional,1-Year,Bank Transfer,2024-10,16,552.43,9084.37,35,91,3,2,7,3.6,Low Risk,0,N/A
CUST-10134,Strata Digital Systems,E-Commerce,Starter,1-Year,Credit Card,2025-01,2,148.46,295.74,5,87,1,1,6,6.3,Low Risk,0,N/A
CUST-10135,Synapse Digital Systems,Manufacturing,Starter,Month-to-Month,Electronic Check,2025-01,12,189.31,2253.8,10,58,1,1,4,35.4,Medium Risk,0,N/A
CUST-10136,Vortex Digital Systems,Technology,Starter,1-Year,Credit Card,2024-05,20,130.98,2644.01,3,80,0,14,6,3.9,Low Risk,0,N/A
CUST-10137,Vector Digital Systems,Financial Services,Professional,Month-to-Month,Credit Card,2024-10,16,453.99,7436.29,21,17,1,2,10,21.4,Low Risk,0,N/A
CUST-10138,Zenith Digital Systems,Education,Enterprise,Month-to-Month,Credit Card,2026-01,5,960.89,4889.46,26,88,0,0,7,10.4,Low Risk,0,N/A
CUST-10139,Aegis Digital Systems,E-Commerce,Starter,2-Year,Bank Transfer,2024-01,15,115.6,1749.46,4,55,1,1,5,6.6,Low Risk,0,N/A
CUST-10140,Orion Digital Systems,E-Commerce,Enterprise,Month-to-Month,Credit Card,2025-10,8,1041.2,8360.43,35,82,1,14,7,15.4,Low Risk,0,N/A
CUST-10141,Apex Bio Systems,Education,Professional,1-Year,Bank Transfer,2025-04,7,508.33,3635.5,28,46,0,0,10,3.9,Low Risk,0,N/A
CUST-10142,Vanguard Bio Systems,Education,Starter,Month-to-Month,Electronic Check,2026-02,3,159.6,491.0,8,51,0,2,7,33.2,Low Risk,0,N/A
CUST-10143,Nexus Bio Systems,Healthcare,Starter,Month-to-Month,Electronic Check,2025-09,5,156.44,767.91,5,76,0,5,6,18.2,Low Risk,0,N/A
CUST-10144,Quantum Bio Systems,Technology,Professional,Month-to-Month,Electronic Check,2024-08,21,450.37,9083.38,23,44,0,1,8,11.4,Low Risk,1,Competitor Migration
CUST-10145,Hyperion Bio Systems,Manufacturing,Enterprise,2-Year,Electronic Check,2025-04,7,1243.24,8754.29,60,51,0,2,9,1.3,Low Risk,0,N/A
CUST-10146,Aura Bio Systems,Manufacturing,Professional,2-Year,Bank Transfer,2026-05,1,551.28,571.66,32,19,6,1,7,41.3,Medium Risk,0,N/A
CUST-10147,Catalyst Bio Systems,Financial Services,Enterprise,1-Year,Electronic Check,2024-11,10,916.44,9421.78,22,73,6,1,7,26.9,Low Risk,0,N/A
CUST-10148,Pulse Bio Systems,E-Commerce,Starter,1-Year,Credit Card,2025-11,3,109.07,318.72,2,16,2,3,8,48.8,Medium Risk,0,N/A
CUST-10149,Vertex Bio Systems,Education,Enterprise,Month-to-Month,Credit Card,2024-06,5,1833.53,9353.76,129,76,0,0,6,10.4,Low Risk,0,N/A
CUST-10150,Starlight Bio Systems,Financial Services,Starter,1-Year,Credit Card,2024-02,22,165.9,3763.03,10,30,1,0,8,11.4,Low Risk,0,N/A
CUST-10151,Beacon Bio Systems,Financial Services,Professional,Month-to-Month,Credit Card,2024-08,5,491.06,2464.97,25,76,0,3,8,18.2,Low Risk,0,N/A
CUST-10152,Cobalt Bio Systems,E-Commerce,Professional,Month-to-Month,Bank Transfer,2026-01,5,524.74,2542.3,30,25,1,1,7,41.3,Medium Risk,0,N/A
CUST-10153,Crest Bio Systems,Manufacturing,Enterprise,Month-to-Month,Bank Transfer,2025-05,8,1342.54,10693.48,71,29,2,3,7,57.4,Medium Risk,0,N/A
CUST-10154,Elevation Bio Systems,Technology,Professional,1-Year,Credit Card,2025-10,5,439.54,2117.75,21,17,1,5,8,34.3,Low Risk,0,N/A
CUST-10155,Frontier Bio Systems,Financial Services,Professional,2-Year,Bank Transfer,2026-06,2,468.29,953.76,22,19,0,0,4,33.2,Low Risk,0,N/A
CUST-10156,Horizon Bio Systems,E-Commerce,Starter,2-Year,Credit Card,2024-03,22,155.7,3396.09,7,84,0,5,3,3.2,Low Risk,0,N/A
CUST-10157,Integra Bio Systems,Healthcare,Professional,1-Year,Electronic Check,2025-03,14,377.72,5156.29,12,83,1,0,7,3.6,Low Risk,0,N/A
CUST-10158,Kinetic Bio Systems,Education,Professional,Month-to-Month,Credit Card,2026-05,1,325.83,331.13,6,45,0,0,2,55.0,Medium Risk,0,N/A
CUST-10159,Luminary Bio Systems,Technology,Starter,Month-to-Month,Bank Transfer,2026-04,1,103.08,101.59,1,32,1,0,9,33.2,Low Risk,0,N/A
CUST-10160,Meridian Bio Systems,Manufacturing,Professional,Month-to-Month,Bank Transfer,2025-10,9,521.22,4779.25,31,43,1,0,8,18.2,Low Risk,0,N/A
CUST-10161,Nova Bio Systems,Healthcare,Professional,Month-to-Month,Bank Transfer,2025-09,7,418.95,2992.34,18,82,0,1,4,22.3,Low Risk,0,N/A
CUST-10162,Omni Bio Systems,E-Commerce,Starter,1-Year,Electronic Check,2026-06,1,125.03,122.58,4,86,1,1,7,6.3,Low Risk,0,N/A
CUST-10163,Pinnacle Bio Systems,Financial Services,Professional,Month-to-Month,Credit Card,2026-03,2,551.24,1074.98,34,21,0,2,8,61.1,Medium Risk,0,N/A
CUST-10164,Acro Bio Systems,Manufacturing,Professional,Month-to-Month,Electronic Check,2024-10,1,441.1,440.36,22,42,4,21,3,97.6,High Risk,0,N/A
CUST-10165,Boreal Bio Systems,Healthcare,Professional,2-Year,Credit Card,2026-01,3,483.16,1493.87,27,63,1,2,6,5.0,Low Risk,0,N/A
CUST-10166,Cortex Bio Systems,E-Commerce,Starter,Month-to-Month,Bank Transfer,2024-11,14,175.16,2467.77,8,20,1,0,4,63.4,Medium Risk,1,Low User Adoption
CUST-10167,Equinox Bio Systems,E-Commerce,Starter,Month-to-Month,Electronic Check,2025-04,11,126.05,1382.2,4,47,2,1,8,18.2,Low Risk,0,N/A
CUST-10168,Flux Bio Systems,Education,Professional,Month-to-Month,Bank Transfer,2026-05,3,336.4,972.75,10,97,5,1,9,22.3,Low Risk,1,Executive Leadership Turnover
CUST-10169,Galactic Bio Systems,Technology,Professional,Month-to-Month,Bank Transfer,2024-07,17,532.07,9033.04,31,73,1,2,8,18.2,Low Risk,0,N/A
CUST-10170,Helix Bio Systems,E-Commerce,Starter,Month-to-Month,Credit Card,2024-09,18,176.31,3277.62,9,51,0,5,8,34.3,Low Risk,0,N/A
CUST-10171,Infini Bio Systems,Technology,Enterprise,1-Year,Bank Transfer,2024-12,9,1220.43,11157.18,58,65,0,14,7,16.8,Low Risk,0,N/A
CUST-10172,Krypton Bio Systems,Financial Services,Professional,2-Year,Credit Card,2024-02,3,521.32,1511.75,32,66,1,2,2,11.4,Low Risk,1,Competitor Migration
CUST-10173,Matrix Bio Systems,E-Commerce,Professional,2-Year,Bank Transfer,2025-05,15,393.8,5798.83,15,20,0,8,8,17.5,Low Risk,0,N/A
CUST-10174,Neutron Bio Systems,Technology,Professional,1-Year,Bank Transfer,2026-06,2,388.48,770.64,13,17,5,2,8,67.9,High Risk,0,N/A
CUST-10175,Optima Bio Systems,Technology,Starter,1-Year,Credit Card,2026-05,3,173.92,504.16,10,57,1,3,9,10.4,Low Risk,0,N/A
CUST-10176,Prism Bio Systems,Education,Enterprise,Month-to-Month,Bank Transfer,2025-08,10,1002.92,10021.66,33,91,1,3,1,31.0,Low Risk,1,Poor Onboarding Experience
CUST-10177,Radiant Bio Systems,Financial Services,Professional,1-Year,Credit Card,2024-03,25,406.11,10055.28,17,94,0,0,3,5.0,Low Risk,0,N/A
CUST-10178,Solaris Bio Systems,Education,Starter,Month-to-Month,Bank Transfer,2024-10,15,151.08,2276.53,7,61,2,0,3,35.4,Medium Risk,0,N/A
CUST-10179,Titan Bio Systems,Manufacturing,Professional,1-Year,Credit Card,2026-02,3,292.14,880.59,5,64,0,1,9,6.9,Low Risk,0,N/A
CUST-10180,Zenith Bio Systems,Healthcare,Professional,Month-to-Month,Bank Transfer,2024-09,16,355.49,5495.33,10,33,0,1,7,46.3,Medium Risk,0,N/A
CUST-10181,Strata Bio Systems,Financial Services,Enterprise,Month-to-Month,Bank Transfer,2024-10,1,1980.78,1954.59,146,65,0,2,9,16.1,Low Risk,0,N/A
CUST-10182,Synapse Bio Systems,Education,Enterprise,1-Year,Credit Card,2025-04,11,1188.52,13562.95,54,37,5,21,6,77.7,High Risk,1,Poor Onboarding Experience
CUST-10183,Vortex Bio Systems,Healthcare,Starter,Month-to-Month,Bank Transfer,2025-07,4,151.58,604.46,5,90,6,0,9,13.6,Low Risk,1,Executive Leadership Turnover
CUST-10184,Vector Bio Systems,Education,Starter,Month-to-Month,Electronic Check,2026-02,4,152.09,622.43,5,78,0,1,5,22.3,Low Risk,1,Poor Onboarding Experience
CUST-10185,Zenith Bio Systems,Technology,Professional,Month-to-Month,Credit Card,2026-06,2,467.27,941.55,24,84,0,21,8,66.8,High Risk,0,N/A
CUST-10186,Aegis Bio Systems,Technology,Starter,Month-to-Month,Credit Card,2024-02,19,137.52,2598.34,4,97,2,1,8,4.3,Low Risk,0,N/A
CUST-10187,Orion Bio Systems,Technology,Starter,Month-to-Month,Credit Card,2025-07,4,132.37,514.69,4,72,1,1,8,18.2,Low Risk,0,N/A
CUST-10188,Apex Cyber Systems,Technology,Professional,2-Year,Bank Transfer,2025-12,2,380.06,758.67,14,59,0,1,5,13.6,Low Risk,0,N/A
CUST-10189,Vanguard Cyber Systems,E-Commerce,Professional,Month-to-Month,Electronic Check,2024-04,1,419.16,410.57,19,58,1,2,4,50.0,Medium Risk,0,N/A
CUST-10190,Nexus Cyber Systems,Healthcare,Professional,2-Year,Bank Transfer,2025-01,6,393.59,2304.36,15,38,1,1,1,6.6,Low Risk,0,N/A
CUST-10191,Quantum Cyber Systems,Manufacturing,Professional,Month-to-Month,Credit Card,2026-02,1,313.67,303.98,5,88,0,5,5,50.0,Medium Risk,1,Poor Onboarding Experience
CUST-10192,Hyperion Cyber Systems,Education,Enterprise,1-Year,Credit Card,2024-12,12,1589.89,19253.42,100,73,1,5,8,14.2,Low Risk,0,N/A
CUST-10193,Aura Cyber Systems,Technology,Professional,Month-to-Month,Bank Transfer,2025-11,3,378.13,1133.18,15,80,1,2,8,14.8,Low Risk,0,N/A
CUST-10194,Catalyst Cyber Systems,Manufacturing,Professional,Month-to-Month,Bank Transfer,2024-10,5,491.57,2454.82,25,38,0,1,2,40.1,Medium Risk,1,Missing Core Feature
CUST-10195,Pulse Cyber Systems,Healthcare,Enterprise,Month-to-Month,Credit Card,2025-11,8,2008.36,15466.23,149,77,0,2,9,4.3,Low Risk,0,N/A
CUST-10196,Vertex Cyber Systems,Healthcare,Professional,1-Year,Credit Card,2025-04,4,358.83,1472.36,10,88,0,3,9,3.2,Low Risk,0,N/A
CUST-10197,Starlight Cyber Systems,Technology,Professional,2-Year,Bank Transfer,2026-03,2,427.12,826.01,19,53,3,0,6,5.0,Low Risk,0,N/A
CUST-10198,Beacon Cyber Systems,Technology,Professional,1-Year,Credit Card,2026-04,4,355.85,1431.38,12,36,1,3,9,6.0,Low Risk,0,N/A
CUST-10199,Cobalt Cyber Systems,Manufacturing,Starter,2-Year,Bank Transfer,2025-07,5,162.89,833.06,9,80,6,2,3,11.4,Low Risk,0,N/A
CUST-10200,Crest Cyber Systems,Technology,Enterprise,Month-to-Month,Bank Transfer,2024-11,8,1185.55,9447.97,52,65,1,2,6,18.2,Low Risk,0,N/A
CUST-10201,Elevation Cyber Systems,Education,Professional,Month-to-Month,Bank Transfer,2026-06,2,496.26,960.21,29,73,5,1,1,81.0,High Risk,1,Executive Leadership Turnover
CUST-10202,Frontier Cyber Systems,E-Commerce,Professional,Month-to-Month,Credit Card,2024-07,14,488.54,6637.43,27,42,1,1,6,18.2,Low Risk,0,N/A
CUST-10203,Horizon Cyber Systems,E-Commerce,Professional,Month-to-Month,Bank Transfer,2026-02,4,550.89,2151.08,33,17,0,5,7,62.2,Medium Risk,1,Poor Onboarding Experience
CUST-10204,Integra Cyber Systems,Education,Enterprise,2-Year,Bank Transfer,2025-09,6,1549.06,9387.75,97,47,0,2,8,3.4,Low Risk,0,N/A
CUST-10205,Kinetic Cyber Systems,Education,Professional,Month-to-Month,Bank Transfer,2024-07,16,363.52,5743.53,12,24,0,0,8,46.3,Medium Risk,1,Executive Leadership Turnover
CUST-10206,Luminary Cyber Systems,Technology,Enterprise,Month-to-Month,Bank Transfer,2024-03,24,1831.29,45052.79,128,28,0,1,6,28.9,Low Risk,0,N/A
CUST-10207,Meridian Cyber Systems,Healthcare,Professional,Month-to-Month,Bank Transfer,2025-09,3,472.5,1430.66,26,71,1,0,8,28.9,Low Risk,0,N/A
CUST-10208,Nova Cyber Systems,E-Commerce,Enterprise,Month-to-Month,Bank Transfer,2025-12,4,1107.38,4340.28,42,59,5,1,4,70.1,High Risk,1,Missing Core Feature
CUST-10209,Omni Cyber Systems,Manufacturing,Professional,2-Year,Bank Transfer,2026-04,3,460.47,1332.18,24,41,1,1,8,5.0,Low Risk,0,N/A
CUST-10210,Pinnacle Cyber Systems,Healthcare,Professional,1-Year,Bank Transfer,2026-05,1,322.94,319.46,8,61,4,0,9,20.6,Low Risk,0,N/A
CUST-10211,Acro Cyber Systems,Education,Starter,1-Year,Bank Transfer,2024-03,1,181.91,178.8,8,48,0,8,10,12.5,Low Risk,0,N/A
CUST-10212,Boreal Cyber Systems,Education,Professional,Month-to-Month,Credit Card,2025-06,10,414.33,4155.36,18,34,0,1,7,46.3,Medium Risk,1,Competitor Migration
CUST-10213,Cortex Cyber Systems,E-Commerce,Professional,1-Year,Bank Transfer,2025-11,7,522.21,3687.3,29,45,0,0,7,9.5,Low Risk,0,N/A
CUST-10214,Equinox Cyber Systems,Financial Services,Professional,Month-to-Month,Credit Card,2025-11,1,493.42,483.92,26,35,1,1,7,28.9,Low Risk,0,N/A
CUST-10215,Flux Cyber Systems,Financial Services,Starter,Month-to-Month,Electronic Check,2024-11,14,148.65,2080.46,5,49,1,0,10,7.9,Low Risk,0,N/A
CUST-10216,Galactic Cyber Systems,Manufacturing,Starter,Month-to-Month,Bank Transfer,2026-01,1,178.58,174.93,8,88,2,0,8,14.8,Low Risk,1,Missing Core Feature
CUST-10217,Helix Cyber Systems,E-Commerce,Starter,2-Year,Bank Transfer,2026-02,4,112.26,433.88,3,43,0,1,8,3.4,Low Risk,0,N/A
CUST-10218,Infini Cyber Systems,Financial Services,Starter,1-Year,Electronic Check,2025-01,3,95.28,274.59,1,74,3,3,6,23.1,Low Risk,1,Poor Onboarding Experience
CUST-10219,Krypton Cyber Systems,Healthcare,Starter,Month-to-Month,Credit Card,2025-04,7,148.89,1019.97,5,84,2,0,1,19.0,Low Risk,0,N/A
CUST-10220,Matrix Cyber Systems,Financial Services,Professional,2-Year,Bank Transfer,2025-10,7,506.7,3422.02,27,54,0,1,5,7.9,Low Risk,0,N/A
CUST-10221,Neutron Cyber Systems,Healthcare,Professional,Month-to-Month,Electronic Check,2025-02,12,307.54,3564.95,7,73,5,0,3,70.1,High Risk,1,Poor Onboarding Experience
CUST-10222,Optima Cyber Systems,Manufacturing,Starter,Month-to-Month,Bank Transfer,2026-02,4,114.29,442.86,3,56,0,0,3,40.1,Medium Risk,1,Low User Adoption
CUST-10223,Prism Cyber Systems,Technology,Starter,Month-to-Month,Credit Card,2026-01,2,159.49,313.98,8,72,0,0,3,55.0,Medium Risk,1,Executive Leadership Turnover
CUST-10224,Radiant Cyber Systems,Education,Professional,2-Year,Bank Transfer,2025-11,4,305.03,1188.29,6,60,1,0,6,2.8,Low Risk,0,N/A
CUST-10225,Solaris Cyber Systems,E-Commerce,Enterprise,Month-to-Month,Credit Card,2024-04,1,1427.82,1449.1,83,22,3,30,4,96.8,High Risk,1,Budget Reallocation / Price
CUST-10226,Titan Cyber Systems,Education,Starter,1-Year,Bank Transfer,2024-03,7,174.56,1205.45,10,97,1,0,9,1.4,Low Risk,0,N/A
CUST-10227,Zenith Cyber Systems,Technology,Enterprise,1-Year,Electronic Check,2025-01,16,996.88,15662.96,32,18,1,1,6,21.4,Low Risk,0,N/A
CUST-10228,Strata Cyber Systems,E-Commerce,Enterprise,1-Year,Credit Card,2025-04,14,978.49,13855.19,28,85,1,0,7,3.6,Low Risk,0,N/A
CUST-10229,Synapse Cyber Systems,Manufacturing,Starter,2-Year,Credit Card,2024-12,16,184.82,2902.81,9,84,2,1,8,1.2,Low Risk,0,N/A
CUST-10230,Vortex Cyber Systems,Technology,Starter,1-Year,Bank Transfer,2026-02,4,115.53,452.8,4,82,1,2,5,8.3,Low Risk,0,N/A
CUST-10231,Vector Cyber Systems,Healthcare,Starter,2-Year,Credit Card,2026-02,4,115.74,474.3,1,60,4,45,4,74.1,High Risk,1,Budget Reallocation / Price
CUST-10232,Zenith Cyber Systems,Education,Starter,1-Year,Electronic Check,2025-07,3,166.49,501.15,10,87,4,5,9,17.5,Low Risk,0,N/A
CUST-10233,Aegis Cyber Systems,Healthcare,Professional,1-Year,Bank Transfer,2025-04,1,307.97,318.29,7,57,4,0,4,62.2,Medium Risk,0,N/A
CUST-10234,Orion Cyber Systems,Financial Services,Starter,2-Year,Credit Card,2026-04,3,126.53,374.2,3,24,1,14,7,24.0,Low Risk,1,Budget Reallocation / Price
CUST-10235,Apex Logic Systems,Healthcare,Professional,2-Year,Credit Card,2024-06,23,427.21,9895.75,18,86,2,8,9,0.4,Low Risk,0,N/A
CUST-10236,Vanguard Logic Systems,Healthcare,Starter,1-Year,Electronic Check,2025-07,7,127.46,872.3,5,87,0,2,10,1.7,Low Risk,0,N/A
CUST-10237,Nexus Logic Systems,Manufacturing,Starter,1-Year,Bank Transfer,2024-11,6,153.42,948.99,8,96,3,0,8,3.6,Low Risk,0,N/A
CUST-10238,Quantum Logic Systems,E-Commerce,Starter,Month-to-Month,Bank Transfer,2024-04,24,123.23,2955.88,4,15,0,1,7,28.9,Low Risk,1,Poor Onboarding Experience
CUST-10239,Hyperion Logic Systems,E-Commerce,Starter,Month-to-Month,Electronic Check,2025-09,4,143.55,594.95,7,35,1,3,2,51.2,Medium Risk,1,Budget Reallocation / Price
CUST-10240,Aura Logic Systems,Technology,Starter,Month-to-Month,Electronic Check,2024-03,11,145.63,1559.0,7,91,6,8,8,43.8,Medium Risk,1,Executive Leadership Turnover
CUST-10241,Catalyst Logic Systems,E-Commerce,Starter,2-Year,Credit Card,2025-06,12,109.09,1316.6,2,84,0,0,5,3.6,Low Risk,0,N/A
CUST-10242,Pulse Logic Systems,E-Commerce,Starter,Month-to-Month,Electronic Check,2025-09,10,131.63,1272.28,6,76,0,0,4,22.3,Low Risk,0,N/A
CUST-10243,Vertex Logic Systems,Technology,Starter,2-Year,Bank Transfer,2025-09,9,156.48,1381.65,7,64,0,8,7,6.3,Low Risk,0,N/A
CUST-10244,Starlight Logic Systems,E-Commerce,Starter,Month-to-Month,Credit Card,2024-04,3,142.75,439.93,5,59,3,1,8,28.9,Low Risk,1,Missing Core Feature
CUST-10245,Beacon Logic Systems,Manufacturing,Professional,2-Year,Credit Card,2024-08,16,457.55,7555.33,22,53,0,8,8,6.3,Low Risk,0,N/A
CUST-10246,Cobalt Logic Systems,Manufacturing,Professional,2-Year,Credit Card,2024-06,7,455.66,3316.51,24,39,0,1,10,1.3,Low Risk,0,N/A
CUST-10247,Crest Logic Systems,Education,Starter,2-Year,Electronic Check,2024-03,3,174.53,541.06,10,64,1,2,9,2.0,Low Risk,0,N/A
CUST-10248,Elevation Logic Systems,Technology,Professional,1-Year,Bank Transfer,2024-05,5,471.07,2367.16,24,87,1,3,10,2.7,Low Risk,0,N/A
CUST-10249,Frontier Logic Systems,Technology,Professional,Month-to-Month,Credit Card,2025-01,16,537.25,8670.72,32,88,1,0,6,8.7,Low Risk,0,N/A
CUST-10250,Horizon Logic Systems,Education,Professional,Month-to-Month,Bank Transfer,2025-12,4,422.14,1658.89,17,49,3,0,9,7.9,Low Risk,0,N/A
CUST-10251,Integra Logic Systems,E-Commerce,Enterprise,Month-to-Month,Bank Transfer,2025-12,4,1135.54,4692.39,45,56,0,1,8,21.4,Low Risk,1,Competitor Migration
CUST-10252,Kinetic Logic Systems,E-Commerce,Professional,Month-to-Month,Bank Transfer,2026-02,2,511.08,1053.18,29,23,0,1,4,79.4,High Risk,0,N/A
CUST-10253,Luminary Logic Systems,Technology,Starter,Month-to-Month,Credit Card,2026-06,2,143.79,278.93,4,40,0,5,7,48.8,Medium Risk,0,N/A
CUST-10254,Meridian Logic Systems,Technology,Starter,Month-to-Month,Electronic Check,2025-07,9,169.29,1473.68,8,59,0,5,5,56.2,Medium Risk,0,N/A
CUST-10255,Nova Logic Systems,Technology,Starter,1-Year,Bank Transfer,2024-08,21,135.88,2741.37,3,43,2,0,7,3.9,Low Risk,1,Executive Leadership Turnover
CUST-10256,Omni Logic Systems,Healthcare,Professional,Month-to-Month,Credit Card,2024-10,21,478.53,10022.36,24,50,1,1,6,9.5,Low Risk,0,N/A
CUST-10257,Pinnacle Logic Systems,Education,Professional,Month-to-Month,Credit Card,2025-10,6,464.4,2689.17,24,86,1,2,6,8.7,Low Risk,0,N/A
CUST-10258,Acro Logic Systems,Financial Services,Professional,1-Year,Electronic Check,2025-09,5,528.19,2704.83,32,39,0,3,9,7.2,Low Risk,0,N/A
CUST-10259,Boreal Logic Systems,Manufacturing,Professional,1-Year,Credit Card,2024-10,9,397.83,3670.99,15,68,1,3,8,14.2,Low Risk,0,N/A
CUST-10260,Cortex Logic Systems,Financial Services,Professional,1-Year,Credit Card,2025-10,6,372.52,2198.25,12,79,0,0,8,4.3,Low Risk,0,N/A
CUST-10261,Equinox Logic Systems,E-Commerce,Starter,1-Year,Electronic Check,2025-10,6,148.38,910.8,5,98,0,1,8,4.3,Low Risk,0,N/A
CUST-10262,Flux Logic Systems,Financial Services,Starter,2-Year,Credit Card,2026-04,1,175.79,172.95,10,75,3,1,9,2.0,Low Risk,0,N/A
CUST-10263,Galactic Logic Systems,Technology,Enterprise,Month-to-Month,Credit Card,2025-07,8,1216.81,9836.52,58,33,0,3,9,38.9,Medium Risk,0,N/A
CUST-10264,Helix Logic Systems,Healthcare,Starter,Month-to-Month,Credit Card,2024-06,19,89.16,1712.13,1,35,1,3,3,33.2,Low Risk,0,N/A
CUST-10265,Infini Logic Systems,E-Commerce,Professional,Month-to-Month,Bank Transfer,2024-12,1,429.92,421.28,20,56,2,1,1,50.0,Medium Risk,1,Executive Leadership Turnover
CUST-10266,Krypton Logic Systems,Education,Enterprise,Month-to-Month,Credit Card,2024-06,3,1565.01,4670.11,99,20,0,0,8,61.1,Medium Risk,1,Budget Reallocation / Price
CUST-10267,Matrix Logic Systems,Education,Enterprise,Month-to-Month,Credit Card,2024-06,26,1663.36,41593.28,107,66,0,0,10,4.7,Low Risk,0,N/A
CUST-10268,Neutron Logic Systems,Manufacturing,Starter,1-Year,Credit Card,2025-09,5,156.39,802.98,6,83,1,2,2,8.3,Low Risk,0,N/A
CUST-10269,Optima Logic Systems,Technology,Professional,Month-to-Month,Bank Transfer,2025-11,3,415.05,1261.34,18,41,2,2,6,28.9,Low Risk,0,N/A
CUST-10270,Prism Logic Systems,Financial Services,Professional,1-Year,Bank Transfer,2025-12,5,480.8,2457.46,27,30,0,3,7,38.9,Medium Risk,0,N/A
CUST-10271,Radiant Logic Systems,Manufacturing,Enterprise,Month-to-Month,Bank Transfer,2025-04,7,1687.12,12126.56,111,76,0,0,8,10.4,Low Risk,0,N/A
CUST-10272,Solaris Logic Systems,Education,Professional,Month-to-Month,Credit Card,2024-04,9,547.15,5047.73,35,97,0,30,6,52.5,Medium Risk,1,Missing Core Feature
CUST-10273,Titan Logic Systems,Technology,Enterprise,Month-to-Month,Credit Card,2024-04,28,1699.06,49075.21,112,20,0,0,8,28.9,Low Risk,0,N/A
CUST-10274,Zenith Logic Systems,Manufacturing,Starter,Month-to-Month,Bank Transfer,2025-01,15,110.54,1709.32,2,49,3,2,7,18.2,Low Risk,0,N/A
CUST-10275,Strata Logic Systems,Healthcare,Starter,1-Year,Bank Transfer,2026-06,2,123.35,237.4,1,87,2,0,7,6.3,Low Risk,0,N/A
CUST-10276,Synapse Logic Systems,Education,Enterprise,Month-to-Month,Electronic Check,2025-03,2,1186.41,2423.6,53,23,0,1,8,61.1,Medium Risk,0,N/A
CUST-10277,Vortex Logic Systems,Manufacturing,Professional,1-Year,Bank Transfer,2025-05,12,382.73,4657.53,12,94,0,2,5,10.0,Low Risk,0,N/A
CUST-10278,Vector Logic Systems,E-Commerce,Starter,1-Year,Bank Transfer,2026-06,1,188.22,188.09,9,79,3,5,9,4.7,Low Risk,0,N/A
CUST-10279,Zenith Logic Systems,Healthcare,Starter,Month-to-Month,Credit Card,2025-01,8,124.76,993.85,5,25,1,5,7,57.4,Medium Risk,0,N/A
CUST-10280,Aegis Logic Systems,Technology,Enterprise,Month-to-Month,Credit Card,2024-01,27,926.59,25142.68,24,26,2,21,8,76.0,High Risk,0,N/A
CUST-10281,Orion Logic Systems,Education,Professional,1-Year,Electronic Check,2026-04,4,555.93,2262.13,35,57,1,2,7,7.9,Low Risk,0,N/A
CUST-10282,Apex Meta Systems,Technology,Starter,Month-to-Month,Credit Card,2026-02,3,114.58,352.59,4,85,1,3,2,45.0,Medium Risk,1,Competitor Migration
CUST-10283,Vanguard Meta Systems,Education,Professional,Month-to-Month,Bank Transfer,2026-04,4,323.4,1246.67,8,42,1,3,8,29.9,Low Risk,1,Poor Onboarding Experience
CUST-10284,Nexus Meta Systems,Education,Enterprise,Month-to-Month,Credit Card,2025-05,3,1179.53,3562.69,51,78,0,3,8,28.9,Low Risk,0,N/A
CUST-10285,Quantum Meta Systems,Manufacturing,Professional,1-Year,Credit Card,2024-05,4,541.7,2152.7,34,64,2,2,6,7.9,Low Risk,0,N/A
CUST-10286,Hyperion Meta Systems,Manufacturing,Enterprise,2-Year,Electronic Check,2025-03,5,1434.08,7285.98,83,32,1,3,8,14.8,Low Risk,0,N/A
CUST-10287,Aura Meta Systems,Financial Services,Professional,Month-to-Month,Bank Transfer,2025-11,5,554.88,2702.89,34,59,4,0,8,48.8,Medium Risk,0,N/A
CUST-10288,Catalyst Meta Systems,Manufacturing,Professional,1-Year,Credit Card,2025-07,10,398.86,3963.83,15,68,2,8,7,14.2,Low Risk,0,N/A
CUST-10289,Pulse Meta Systems,Technology,Professional,Month-to-Month,Bank Transfer,2024-09,6,302.33,1771.03,5,51,2,0,2,35.4,Medium Risk,0,N/A
CUST-10290,Vertex Meta Systems,Manufacturing,Starter,2-Year,Credit Card,2026-04,2,152.09,299.01,8,97,1,0,9,0.9,Low Risk,0,N/A
CUST-10291,Starlight Meta Systems,Education,Starter,2-Year,Electronic Check,2024-11,18,153.56,2845.92,7,21,0,0,8,10.0,Low Risk,0,N/A
CUST-10292,Beacon Meta Systems,Healthcare,Enterprise,Month-to-Month,Credit Card,2026-01,6,1714.43,10480.03,114,39,0,0,8,21.4,Low Risk,1,Competitor Migration
CUST-10293,Cobalt Meta Systems,Technology,Starter,Month-to-Month,Bank Transfer,2026-04,3,149.77,452.79,7,15,0,3,4,88.1,High Risk,1,Budget Reallocation / Price
CUST-10294,Crest Meta Systems,Education,Professional,1-Year,Credit Card,2024-03,26,478.04,12090.34,26,55,1,14,7,7.2,Low Risk,0,N/A
CUST-10295,Elevation Meta Systems,Manufacturing,Professional,2-Year,Credit Card,2024-11,12,318.23,3917.65,7,52,0,3,7,6.3,Low Risk,0,N/A
CUST-10296,Frontier Meta Systems,Education,Starter,2-Year,Credit Card,2025-08,4,147.1,583.03,6,20,2,1,9,3.4,Low Risk,0,N/A
CUST-10297,Horizon Meta Systems,Manufacturing,Professional,1-Year,Credit Card,2026-02,5,320.9,1550.89,5,72,1,0,8,7.9,Low Risk,0,N/A
CUST-10298,Integra Meta Systems,Technology,Starter,1-Year,Bank Transfer,2025-09,4,175.66,716.21,9,69,3,0,9,3.2,Low Risk,0,N/A
CUST-10299,Kinetic Meta Systems,E-Commerce,Professional,1-Year,Bank Transfer,2025-11,6,546.52,3298.78,35,19,0,0,9,11.4,Low Risk,0,N/A
CUST-10300,Luminary Meta Systems,Healthcare,Enterprise,1-Year,Credit Card,2024-01,13,1786.58,23384.6,124,30,1,2,8,21.4,Low Risk,0,N/A
CUST-10301,Meridian Meta Systems,Education,Enterprise,Month-to-Month,Credit Card,2024-10,20,1694.98,32627.2,111,26,0,8,7,43.8,Medium Risk,0,N/A
CUST-10302,Nova Meta Systems,Healthcare,Professional,1-Year,Electronic Check,2024-10,21,349.14,7418.72,9,33,0,8,10,10.4,Low Risk,0,N/A
CUST-10303,Omni Meta Systems,Technology,Professional,Month-to-Month,Credit Card,2025-01,18,438.45,7793.51,22,85,4,1,8,28.9,Low Risk,0,N/A
CUST-10304,Pinnacle Meta Systems,E-Commerce,Enterprise,Month-to-Month,Electronic Check,2024-07,4,1200.63,4990.81,56,38,2,2,2,35.4,Medium Risk,0,N/A
CUST-10305,Acro Meta Systems,Manufacturing,Professional,1-Year,Bank Transfer,2024-07,24,436.06,10130.58,22,89,1,1,4,4.1,Low Risk,0,N/A
CUST-10306,Boreal Meta Systems,Manufacturing,Starter,Month-to-Month,Credit Card,2024-10,19,125.62,2292.23,4,34,1,1,6,25.0,Low Risk,0,N/A
CUST-10307,Cortex Meta Systems,Healthcare,Professional,Month-to-Month,Electronic Check,2024-05,22,501.89,11087.22,27,57,3,1,6,9.5,Low Risk,0,N/A
CUST-10308,Equinox Meta Systems,Healthcare,Professional,2-Year,Bank Transfer,2025-06,4,335.46,1379.37,7,48,2,2,8,2.8,Low Risk,0,N/A
CUST-10309,Flux Meta Systems,Education,Starter,1-Year,Bank Transfer,2024-02,18,185.76,3307.79,10,48,1,45,7,45.0,Medium Risk,0,N/A
CUST-10310,Galactic Meta Systems,Healthcare,Enterprise,Month-to-Month,Bank Transfer,2024-12,17,1522.69,25193.74,94,16,2,5,9,34.3,Low Risk,0,N/A
CUST-10311,Helix Meta Systems,Manufacturing,Starter,2-Year,Credit Card,2024-05,24,112.27,2643.69,3,76,4,0,9,0.9,Low Risk,0,N/A
CUST-10312,Infini Meta Systems,Healthcare,Starter,1-Year,Credit Card,2026-06,2,132.63,268.09,4,20,0,2,3,59.9,Medium Risk,0,N/A
CUST-10313,Krypton Meta Systems,Financial Services,Enterprise,1-Year,Credit Card,2025-01,12,1478.75,18323.12,87,90,2,5,7,6.6,Low Risk,0,N/A
CUST-10314,Matrix Meta Systems,Manufacturing,Professional,Month-to-Month,Credit Card,2025-08,1,540.37,530.89,31,79,3,1,5,29.9,Low Risk,0,N/A
CUST-10315,Neutron Meta Systems,Healthcare,Starter,1-Year,Credit Card,2025-02,11,152.57,1614.15,6,29,1,1,5,40.1,Medium Risk,1,Poor Onboarding Experience
CUST-10316,Optima Meta Systems,Technology,Starter,1-Year,Bank Transfer,2025-07,3,171.14,519.07,10,22,0,8,7,53.7,Medium Risk,1,Low User Adoption
CUST-10317,Prism Meta Systems,Education,Professional,Month-to-Month,Credit Card,2025-04,16,519.92,8496.73,31,36,0,1,4,40.1,Medium Risk,0,N/A
CUST-10318,Radiant Meta Systems,Manufacturing,Professional,1-Year,Electronic Check,2025-08,10,362.87,3682.22,13,23,0,1,3,45.0,Medium Risk,1,Low User Adoption
CUST-10319,Solaris Meta Systems,Healthcare,Professional,1-Year,Bank Transfer,2026-02,5,348.16,1746.27,10,79,2,0,8,3.6,Low Risk,0,N/A
CUST-10320,Titan Meta Systems,Technology,Enterprise,Month-to-Month,Bank Transfer,2025-05,7,1842.27,13210.16,130,44,4,1,9,26.9,Low Risk,0,N/A
CUST-10321,Zenith Meta Systems,Education,Professional,Month-to-Month,Bank Transfer,2026-04,1,404.19,413.55,18,51,1,1,5,50.0,Medium Risk,1,Executive Leadership Turnover
CUST-10322,Strata Meta Systems,Manufacturing,Professional,1-Year,Credit Card,2024-11,14,425.25,5970.7,21,61,0,1,8,9.5,Low Risk,0,N/A
CUST-10323,Synapse Meta Systems,Manufacturing,Starter,Month-to-Month,Bank Transfer,2025-06,13,157.71,2018.52,5,86,1,1,8,8.7,Low Risk,0,N/A
CUST-10324,Vortex Meta Systems,Financial Services,Professional,2-Year,Credit Card,2025-12,2,416.75,852.58,17,72,2,14,3,19.8,Low Risk,0,N/A
CUST-10325,Vector Meta Systems,Manufacturing,Professional,Month-to-Month,Electronic Check,2024-01,26,492.24,12513.37,26,26,3,1,8,25.0,Low Risk,1,Budget Reallocation / Price
CUST-10326,Zenith Meta Systems,Technology,Professional,2-Year,Credit Card,2025-05,5,497.95,2392.29,28,91,0,3,4,6.6,Low Risk,0,N/A
CUST-10327,Aegis Meta Systems,Education,Enterprise,1-Year,Credit Card,2025-11,4,1516.32,5864.81,93,93,0,0,5,10.0,Low Risk,1,Competitor Migration
CUST-10328,Orion Meta Systems,Financial Services,Professional,Month-to-Month,Bank Transfer,2024-01,24,405.94,9624.16,16,23,4,1,8,58.7,Medium Risk,1,Low User Adoption
CUST-10329,Apex Omni Systems,Financial Services,Starter,Month-to-Month,Bank Transfer,2024-06,14,130.42,1870.13,4,79,0,0,6,10.4,Low Risk,0,N/A
CUST-10330,Vanguard Omni Systems,Financial Services,Enterprise,2-Year,Credit Card,2026-01,2,1457.3,2804.39,84,58,5,1,7,18.2,Low Risk,0,N/A
CUST-10331,Nexus Omni Systems,Technology,Starter,2-Year,Credit Card,2024-08,11,162.18,1748.05,7,67,5,1,1,23.1,Low Risk,0,N/A
CUST-10332,Quantum Omni Systems,Technology,Starter,2-Year,Credit Card,2024-12,7,134.16,939.04,6,88,0,14,8,2.8,Low Risk,0,N/A
CUST-10333,Hyperion Omni Systems,Healthcare,Starter,Month-to-Month,Bank Transfer,2024-08,20,145.05,2938.93,4,60,0,0,10,4.7,Low Risk,0,N/A
CUST-10334,Aura Omni Systems,Manufacturing,Starter,1-Year,Credit Card,2024-11,16,190.53,2994.89,9,88,3,1,10,1.4,Low Risk,0,N/A
CUST-10335,Catalyst Omni Systems,Healthcare,Professional,1-Year,Credit Card,2025-06,1,324.9,315.03,9,79,0,5,9,5.7,Low Risk,0,N/A
CUST-10336,Pulse Omni Systems,Manufacturing,Professional,1-Year,Credit Card,2024-04,11,476.29,5227.18,27,61,1,0,8,7.9,Low Risk,0,N/A
CUST-10337,Vertex Omni Systems,Manufacturing,Starter,Month-to-Month,Credit Card,2024-12,12,123.46,1449.35,3,66,0,0,4,40.1,Medium Risk,0,N/A
CUST-10338,Starlight Omni Systems,Technology,Professional,Month-to-Month,Credit Card,2024-05,26,509.75,13271.53,30,34,1,0,7,25.0,Low Risk,1,Executive Leadership Turnover
CUST-10339,Beacon Omni Systems,Education,Starter,1-Year,Credit Card,2025-01,4,159.0,633.45,8,35,0,5,7,16.8,Low Risk,0,N/A
CUST-10340,Cobalt Omni Systems,Financial Services,Starter,2-Year,Bank Transfer,2024-01,14,151.11,2140.9,6,30,1,2,8,8.3,Low Risk,0,N/A
CUST-10341,Crest Omni Systems,Manufacturing,Starter,1-Year,Credit Card,2025-12,4,135.43,547.81,5,25,1,0,8,21.4,Low Risk,1,Competitor Migration
CUST-10342,Elevation Omni Systems,Financial Services,Professional,1-Year,Bank Transfer,2024-06,11,470.51,5132.32,24,44,0,2,8,9.5,Low Risk,0,N/A
CUST-10343,Frontier Omni Systems,E-Commerce,Professional,1-Year,Electronic Check,2025-02,6,556.71,3405.43,35,38,3,0,5,17.5,Low Risk,0,N/A
CUST-10344,Horizon Omni Systems,Education,Starter,Month-to-Month,Electronic Check,2025-04,2,119.9,233.19,3,18,2,1,10,33.2,Low Risk,1,Low User Adoption
CUST-10345,Integra Omni Systems,Education,Enterprise,Month-to-Month,Bank Transfer,2025-09,3,1741.33,5376.21,119,31,1,0,2,76.0,High Risk,1,Budget Reallocation / Price
CUST-10346,Kinetic Omni Systems,E-Commerce,Enterprise,Month-to-Month,Electronic Check,2025-06,3,1494.7,4492.52,89,90,1,2,8,14.8,Low Risk,0,N/A
CUST-10347,Luminary Omni Systems,Education,Professional,Month-to-Month,Electronic Check,2025-03,10,547.65,5589.66,34,61,1,0,1,35.4,Medium Risk,0,N/A
CUST-10348,Meridian Omni Systems,Healthcare,Starter,1-Year,Credit Card,2026-01,4,167.23,642.55,8,53,0,1,6,9.5,Low Risk,0,N/A
CUST-10349,Nova Omni Systems,Financial Services,Starter,Month-to-Month,Credit Card,2025-09,7,172.3,1235.04,9,63,0,0,8,21.4,Low Risk,0,N/A
CUST-10350,Omni Omni Systems,Manufacturing,Enterprise,1-Year,Electronic Check,2025-02,7,1485.46,10208.67,89,23,0,0,8,25.0,Low Risk,0,N/A
CUST-10351,Pinnacle Omni Systems,Manufacturing,Professional,Month-to-Month,Credit Card,2024-06,4,374.68,1440.54,15,51,0,3,8,34.3,Low Risk,1,Competitor Migration
CUST-10352,Acro Omni Systems,Healthcare,Starter,Month-to-Month,Credit Card,2025-11,1,150.5,145.34,5,57,0,3,4,70.1,High Risk,1,Poor Onboarding Experience
CUST-10353,Boreal Omni Systems,E-Commerce,Starter,1-Year,Bank Transfer,2026-01,6,151.6,887.71,5,46,1,21,5,66.8,High Risk,0,N/A
CUST-10354,Cortex Omni Systems,Education,Professional,Month-to-Month,Credit Card,2024-10,11,448.31,4834.09,21,35,1,0,10,7.9,Low Risk,0,N/A
CUST-10355,Equinox Omni Systems,Education,Starter,2-Year,Bank Transfer,2024-04,8,162.56,1289.64,6,96,1,0,9,0.5,Low Risk,0,N/A
CUST-10356,Flux Omni Systems,Healthcare,Starter,1-Year,Credit Card,2024-05,12,109.34,1361.38,1,26,0,1,8,25.0,Low Risk,0,N/A
CUST-10357,Galactic Omni Systems,Education,Starter,1-Year,Credit Card,2024-05,16,154.06,2542.22,6,44,0,2,8,9.5,Low Risk,0,N/A
CUST-10358,Helix Omni Systems,Education,Starter,Month-to-Month,Electronic Check,2025-04,15,152.54,2255.83,7,86,0,2,5,22.3,Low Risk,1,Budget Reallocation / Price
CUST-10359,Infini Omni Systems,E-Commerce,Starter,1-Year,Bank Transfer,2024-05,15,197.51,2964.06,10,52,3,1,7,7.9,Low Risk,0,N/A
CUST-10360,Krypton Omni Systems,Education,Starter,Month-to-Month,Credit Card,2024-11,3,110.69,322.88,1,83,3,0,8,14.8,Low Risk,0,N/A
CUST-10361,Matrix Omni Systems,Financial Services,Starter,Month-to-Month,Bank Transfer,2026-03,2,135.37,273.81,6,37,3,0,7,28.9,Low Risk,1,Low User Adoption
CUST-10362,Neutron Omni Systems,E-Commerce,Professional,1-Year,Bank Transfer,2024-08,20,446.84,9174.22,21,24,0,8,8,23.1,Low Risk,0,N/A
CUST-10363,Optima Omni Systems,E-Commerce,Enterprise,1-Year,Electronic Check,2026-03,3,1029.13,2983.14,35,22,3,0,2,55.0,Medium Risk,1,Budget Reallocation / Price
CUST-10364,Prism Omni Systems,Healthcare,Enterprise,Month-to-Month,Credit Card,2024-07,17,1096.54,19008.2,44,46,1,14,8,29.9,Low Risk,0,N/A
CUST-10365,Radiant Omni Systems,Education,Professional,1-Year,Electronic Check,2024-06,26,483.56,12673.06,26,38,1,1,8,3.9,Low Risk,0,N/A
CUST-10366,Solaris Omni Systems,Financial Services,Enterprise,Month-to-Month,Credit Card,2026-03,3,1624.07,4967.54,103,92,0,1,7,17.5,Low Risk,0,N/A
CUST-10367,Titan Omni Systems,Financial Services,Enterprise,Month-to-Month,Bank Transfer,2024-10,20,1891.59,36968.7,134,17,1,45,6,76.0,High Risk,1,Competitor Migration
CUST-10368,Zenith Omni Systems,Financial Services,Starter,Month-to-Month,Credit Card,2025-07,3,155.17,456.19,5,27,0,1,4,79.4,High Risk,1,Low User Adoption
CUST-10369,Strata Omni Systems,Financial Services,Enterprise,1-Year,Bank Transfer,2024-03,24,1104.47,26668.94,43,56,2,0,9,1.6,Low Risk,0,N/A
CUST-10370,Synapse Omni Systems,Technology,Professional,1-Year,Credit Card,2026-01,1,366.81,377.66,14,57,0,5,7,26.9,Low Risk,0,N/A
CUST-10371,Vortex Omni Systems,Healthcare,Professional,Month-to-Month,Credit Card,2025-01,2,539.58,1096.23,32,54,1,1,8,28.9,Low Risk,0,N/A
CUST-10372,Vector Omni Systems,Healthcare,Starter,1-Year,Credit Card,2024-03,8,173.99,1419.24,7,70,0,1,4,20.6,Low Risk,1,Low User Adoption
CUST-10373,Zenith Omni Systems,Manufacturing,Starter,Month-to-Month,Credit Card,2026-01,2,111.45,224.97,2,76,1,1,8,14.8,Low Risk,0,N/A
CUST-10374,Aegis Omni Systems,Education,Professional,1-Year,Bank Transfer,2026-06,1,351.01,355.37,12,29,2,1,6,33.2,Low Risk,1,Low User Adoption
CUST-10375,Orion Omni Systems,Financial Services,Starter,2-Year,Credit Card,2024-05,15,153.07,2360.85,6,20,4,0,8,27.9,Low Risk,1,Executive Leadership Turnover
CUST-10376,Apex Global Systems,Technology,Professional,2-Year,Electronic Check,2026-03,3,381.71,1129.73,12,16,0,5,6,27.9,Low Risk,0,N/A
CUST-10377,Vanguard Global Systems,Education,Professional,1-Year,Credit Card,2025-08,12,359.12,4318.68,11,33,2,2,7,21.4,Low Risk,0,N/A
CUST-10378,Nexus Global Systems,Financial Services,Starter,1-Year,Bank Transfer,2025-03,1,130.02,133.81,5,23,1,0,9,16.1,Low Risk,0,N/A
CUST-10379,Quantum Global Systems,Technology,Starter,Month-to-Month,Electronic Check,2024-04,11,148.09,1623.51,7,77,3,1,5,19.0,Low Risk,0,N/A
CUST-10380,Hyperion Global Systems,Education,Starter,Month-to-Month,Credit Card,2025-12,2,146.78,288.3,4,17,0,1,8,61.1,Medium Risk,1,Low User Adoption
CUST-10381,Aura Global Systems,Technology,Professional,2-Year,Electronic Check,2025-06,5,540.55,2677.28,33,43,0,8,8,6.3,Low Risk,0,N/A
CUST-10382,Catalyst Global Systems,Education,Professional,Month-to-Month,Credit Card,2025-02,10,483.03,4901.42,25,92,0,1,5,22.3,Low Risk,1,Low User Adoption
CUST-10383,Pulse Global Systems,Healthcare,Enterprise,2-Year,Electronic Check,2025-02,5,1584.6,8207.34,99,98,4,8,6,9.1,Low Risk,0,N/A
CUST-10384,Vertex Global Systems,Technology,Starter,1-Year,Electronic Check,2025-02,14,131.45,1807.0,3,53,1,14,9,6.0,Low Risk,0,N/A
CUST-10385,Starlight Global Systems,Healthcare,Starter,2-Year,Credit Card,2025-08,10,106.92,1085.29,3,93,0,0,8,1.5,Low Risk,0,N/A
CUST-10386,Beacon Global Systems,E-Commerce,Starter,1-Year,Bank Transfer,2025-01,16,181.91,2797.63,10,75,0,0,2,20.6,Low Risk,0,N/A
CUST-10387,Cobalt Global Systems,Financial Services,Enterprise,2-Year,Credit Card,2024-03,6,1390.98,8176.82,76,71,3,1,6,2.8,Low Risk,0,N/A
CUST-10388,Crest Global Systems,E-Commerce,Professional,Month-to-Month,Bank Transfer,2025-08,12,476.24,5724.32,24,88,1,1,9,3.6,Low Risk,0,N/A
CUST-10389,Elevation Global Systems,E-Commerce,Professional,2-Year,Credit Card,2025-01,2,528.48,1051.85,33,86,1,3,10,1.6,Low Risk,0,N/A
CUST-10390,Frontier Global Systems,Financial Services,Professional,Month-to-Month,Credit Card,2024-02,23,381.65,8506.31,14,81,4,1,8,16.1,Low Risk,1,Low User Adoption
CUST-10391,Horizon Global Systems,Manufacturing,Enterprise,Month-to-Month,Bank Transfer,2025-03,7,1191.76,8118.07,54,73,0,1,8,21.4,Low Risk,0,N/A
CUST-10392,Integra Global Systems,Education,Starter,1-Year,Bank Transfer,2025-11,7,122.22,833.01,2,80,1,0,8,3.6,Low Risk,0,N/A
CUST-10393,Kinetic Global Systems,Financial Services,Professional,Month-to-Month,Bank Transfer,2026-01,6,497.69,3016.35,26,21,1,1,9,21.4,Low Risk,0,N/A
CUST-10394,Luminary Global Systems,Technology,Enterprise,1-Year,Bank Transfer,2025-04,16,1322.62,21431.9,71,84,3,2,7,3.6,Low Risk,0,N/A
CUST-10395,Meridian Global Systems,E-Commerce,Professional,Month-to-Month,Electronic Check,2024-09,20,327.04,6461.8,7,95,1,5,2,17.5,Low Risk,1,Executive Leadership Turnover
CUST-10396,Nova Global Systems,Healthcare,Enterprise,Month-to-Month,Bank Transfer,2024-06,6,1546.59,9040.07,96,51,1,2,8,18.2,Low Risk,0,N/A
CUST-10397,Omni Global Systems,E-Commerce,Professional,Month-to-Month,Bank Transfer,2024-12,13,415.1,5480.32,16,23,2,5,2,76.9,High Risk,1,Missing Core Feature
CUST-10398,Pinnacle Global Systems,Financial Services,Starter,1-Year,Credit Card,2024-04,19,158.36,3078.21,7,95,1,0,8,1.7,Low Risk,0,N/A
CUST-10399,Acro Global Systems,Education,Starter,Month-to-Month,Credit Card,2025-08,6,195.17,1199.87,10,31,1,1,8,41.3,Medium Risk,0,N/A
CUST-10400,Boreal Global Systems,Manufacturing,Starter,Month-to-Month,Bank Transfer,2025-09,2,157.27,322.24,5,41,2,45,7,79.4,High Risk,1,Low User Adoption
CUST-10401,Cortex Global Systems,Healthcare,Starter,Month-to-Month,Bank Transfer,2024-10,17,138.65,2399.36,4,85,0,0,8,10.4,Low Risk,0,N/A
CUST-10402,Equinox Global Systems,Manufacturing,Enterprise,1-Year,Electronic Check,2025-04,16,1269.79,20376.72,64,19,1,1,8,21.4,Low Risk,0,N/A
CUST-10403,Flux Global Systems,Financial Services,Professional,1-Year,Electronic Check,2024-10,19,524.49,10297.1,31,55,1,0,8,3.9,Low Risk,0,N/A
CUST-10404,Galactic Global Systems,Financial Services,Starter,Month-to-Month,Electronic Check,2025-09,9,115.82,1063.36,3,36,1,1,8,18.2,Low Risk,0,N/A
CUST-10405,Helix Global Systems,Education,Enterprise,Month-to-Month,Electronic Check,2024-12,15,966.5,14819.68,28,53,0,1,3,40.1,Medium Risk,0,N/A
CUST-10406,Infini Global Systems,Technology,Professional,2-Year,Bank Transfer,2024-11,16,316.97,5267.19,5,82,0,1,9,0.6,Low Risk,0,N/A
CUST-10407,Krypton Global Systems,Manufacturing,Professional,Month-to-Month,Credit Card,2026-04,1,330.18,325.78,9,15,0,0,9,37.8,Medium Risk,0,N/A
CUST-10408,Matrix Global Systems,Technology,Starter,1-Year,Credit Card,2024-07,11,123.79,1320.04,5,40,0,0,6,9.5,Low Risk,0,N/A
CUST-10409,Neutron Global Systems,Healthcare,Starter,1-Year,Credit Card,2024-07,18,98.03,1775.0,2,59,1,0,10,3.2,Low Risk,0,N/A
CUST-10410,Optima Global Systems,Healthcare,Starter,Month-to-Month,Bank Transfer,2024-01,16,196.73,3246.21,10,21,0,0,7,46.3,Medium Risk,1,Low User Adoption
CUST-10411,Prism Global Systems,Education,Enterprise,Month-to-Month,Electronic Check,2025-11,2,1879.57,3638.02,134,74,1,0,9,13.6,Low Risk,0,N/A
CUST-10412,Radiant Global Systems,Financial Services,Professional,Month-to-Month,Electronic Check,2024-05,20,502.83,10288.93,27,48,4,1,8,31.0,Low Risk,0,N/A
CUST-10413,Solaris Global Systems,Financial Services,Professional,Month-to-Month,Credit Card,2026-04,2,291.29,596.41,5,51,2,2,4,50.0,Medium Risk,1,Executive Leadership Turnover
CUST-10414,Titan Global Systems,Financial Services,Professional,Month-to-Month,Credit Card,2025-02,8,333.74,2736.97,7,94,0,0,7,10.4,Low Risk,1,Competitor Migration
CUST-10415,Zenith Global Systems,Manufacturing,Professional,Month-to-Month,Credit Card,2024-06,22,419.35,9198.32,18,24,2,3,9,19.8,Low Risk,1,Low User Adoption
CUST-10416,Strata Global Systems,Manufacturing,Starter,2-Year,Bank Transfer,2024-04,22,154.67,3291.28,8,91,2,1,7,0.6,Low Risk,0,N/A
CUST-10417,Synapse Global Systems,Healthcare,Enterprise,1-Year,Credit Card,2024-10,13,915.5,11968.41,20,93,1,0,8,3.6,Low Risk,0,N/A
CUST-10418,Vortex Global Systems,Education,Starter,2-Year,Electronic Check,2025-07,1,165.12,163.39,7,93,6,1,4,19.0,Low Risk,0,N/A
CUST-10419,Vector Global Systems,Manufacturing,Enterprise,1-Year,Credit Card,2026-04,3,913.62,2720.26,20,18,0,3,7,53.7,Medium Risk,1,Poor Onboarding Experience
CUST-10420,Zenith Global Systems,E-Commerce,Professional,Month-to-Month,Credit Card,2026-03,3,473.57,1437.58,26,68,0,45,8,82.5,High Risk,1,Missing Core Feature
CUST-10421,Aegis Global Systems,Healthcare,Professional,2-Year,Bank Transfer,2024-05,21,439.53,9321.14,20,68,3,8,8,2.5,Low Risk,0,N/A
CUST-10422,Orion Global Systems,E-Commerce,Professional,Month-to-Month,Bank Transfer,2025-02,1,462.2,477.97,22,88,1,3,8,25.0,Low Risk,0,N/A
CUST-10423,Apex Enterprise Systems,Manufacturing,Starter,1-Year,Bank Transfer,2025-04,3,108.89,320.91,1,33,2,1,9,16.1,Low Risk,0,N/A
CUST-10424,Vanguard Enterprise Systems,Manufacturing,Starter,Month-to-Month,Credit Card,2025-10,2,168.6,338.15,10,96,1,2,8,14.8,Low Risk,0,N/A
CUST-10425,Nexus Enterprise Systems,Technology,Professional,1-Year,Bank Transfer,2024-12,10,456.71,4671.24,21,52,0,2,8,9.5,Low Risk,0,N/A
CUST-10426,Quantum Enterprise Systems,Financial Services,Starter,1-Year,Credit Card,2024-10,20,168.73,3314.63,8,18,0,0,7,13.6,Low Risk,0,N/A
CUST-10427,Hyperion Enterprise Systems,Healthcare,Professional,Month-to-Month,Bank Transfer,2024-06,19,387.03,7198.38,13,34,2,1,4,45.0,Medium Risk,0,N/A
CUST-10428,Aura Enterprise Systems,Healthcare,Professional,2-Year,Electronic Check,2025-08,3,519.66,1587.17,32,78,2,1,7,2.2,Low Risk,0,N/A
CUST-10429,Catalyst Enterprise Systems,Healthcare,Starter,Month-to-Month,Electronic Check,2024-02,6,133.4,802.48,6,74,1,1,8,18.2,Low Risk,0,N/A
CUST-10430,Pulse Enterprise Systems,E-Commerce,Professional,Month-to-Month,Electronic Check,2024-01,10,407.61,3944.81,17,72,1,1,7,18.2,Low Risk,0,N/A
CUST-10431,Vertex Enterprise Systems,Manufacturing,Professional,1-Year,Credit Card,2024-09,11,573.55,6446.92,35,49,0,0,8,9.5,Low Risk,0,N/A
CUST-10432,Starlight Enterprise Systems,Education,Starter,Month-to-Month,Credit Card,2024-06,11,192.47,2121.45,10,85,0,0,2,22.3,Low Risk,0,N/A
CUST-10433,Beacon Enterprise Systems,Education,Professional,Month-to-Month,Bank Transfer,2025-08,2,373.88,756.02,12,22,4,2,9,67.9,High Risk,0,N/A
CUST-10434,Cobalt Enterprise Systems,Education,Enterprise,Month-to-Month,Credit Card,2026-05,3,1105.98,3309.17,42,87,3,0,3,29.9,Low Risk,1,Budget Reallocation / Price
CUST-10435,Crest Enterprise Systems,Technology,Professional,1-Year,Credit Card,2025-10,6,570.33,3376.17,34,47,0,0,9,3.9,Low Risk,0,N/A
CUST-10436,Elevation Enterprise Systems,Technology,Starter,Month-to-Month,Electronic Check,2024-07,20,129.23,2526.37,5,65,0,1,4,24.0,Low Risk,0,N/A
CUST-10437,Frontier Enterprise Systems,Education,Starter,Month-to-Month,Bank Transfer,2025-07,12,173.54,1999.33,8,47,2,0,7,18.2,Low Risk,0,N/A
CUST-10438,Horizon Enterprise Systems,Technology,Professional,Month-to-Month,Credit Card,2024-01,17,362.31,5947.44,13,77,1,1,8,8.7,Low Risk,0,N/A
CUST-10439,Integra Enterprise Systems,Healthcare,Starter,Month-to-Month,Electronic Check,2024-11,10,152.74,1476.14,8,66,0,45,8,72.1,High Risk,1,Budget Reallocation / Price
CUST-10440,Kinetic Enterprise Systems,E-Commerce,Professional,Month-to-Month,Bank Transfer,2025-01,7,388.17,2626.95,14,53,2,8,8,29.9,Low Risk,0,N/A
CUST-10441,Luminary Enterprise Systems,Education,Professional,Month-to-Month,Credit Card,2025-07,4,344.9,1430.92,11,77,1,3,8,15.4,Low Risk,0,N/A
CUST-10442,Meridian Enterprise Systems,E-Commerce,Enterprise,Month-to-Month,Credit Card,2024-02,13,924.3,12371.76,24,30,0,2,7,46.3,Medium Risk,0,N/A
CUST-10443,Nova Enterprise Systems,Manufacturing,Starter,Month-to-Month,Credit Card,2025-04,1,173.65,169.1,10,75,4,2,5,81.0,High Risk,1,Missing Core Feature
CUST-10444,Omni Enterprise Systems,Technology,Enterprise,Month-to-Month,Credit Card,2026-03,1,1108.97,1094.54,44,29,1,3,5,85.8,High Risk,1,Poor Onboarding Experience
CUST-10445,Pinnacle Enterprise Systems,Education,Professional,1-Year,Credit Card,2024-11,7,378.23,2577.3,15,20,1,1,4,40.1,Medium Risk,1,Poor Onboarding Experience
CUST-10446,Acro Enterprise Systems,Financial Services,Professional,1-Year,Bank Transfer,2026-02,5,416.53,2153.65,19,63,2,0,7,7.9,Low Risk,1,Competitor Migration
CUST-10447,Boreal Enterprise Systems,Education,Professional,1-Year,Credit Card,2025-04,5,536.93,2614.75,33,41,0,0,7,9.5,Low Risk,0,N/A
CUST-10448,Cortex Enterprise Systems,Education,Starter,1-Year,Bank Transfer,2026-03,3,131.1,408.3,3,59,1,2,5,27.9,Low Risk,0,N/A
CUST-10449,Equinox Enterprise Systems,Manufacturing,Starter,Month-to-Month,Credit Card,2024-07,9,174.76,1569.62,9,21,0,3,8,62.2,Medium Risk,0,N/A
CUST-10450,Flux Enterprise Systems,Healthcare,Starter,Month-to-Month,Bank Transfer,2024-09,11,90.89,1033.77,1,93,3,3,2,31.0,Low Risk,0,N/A
CUST-10451,Galactic Enterprise Systems,Healthcare,Starter,Month-to-Month,Electronic Check,2025-12,4,105.98,414.77,1,90,1,1,8,8.7,Low Risk,0,N/A
CUST-10452,Helix Enterprise Systems,Technology,Starter,Month-to-Month,Bank Transfer,2026-05,1,105.8,105.42,2,24,1,1,9,33.2,Low Risk,1,Low User Adoption
CUST-10453,Infini Enterprise Systems,E-Commerce,Starter,1-Year,Electronic Check,2024-07,11,173.69,1904.26,8,31,0,2,6,25.0,Low Risk,1,Poor Onboarding Experience
CUST-10454,Krypton Enterprise Systems,Healthcare,Professional,1-Year,Credit Card,2025-09,10,379.52,3801.81,12,36,1,2,5,17.5,Low Risk,0,N/A
CUST-10455,Matrix Enterprise Systems,Healthcare,Professional,Month-to-Month,Credit Card,2026-04,2,526.2,1022.85,31,46,0,2,9,16.1,Low Risk,0,N/A
CUST-10456,Neutron Enterprise Systems,Manufacturing,Enterprise,Month-to-Month,Credit Card,2026-01,5,1824.31,8828.2,126,19,1,1,9,21.4,Low Risk,0,N/A
CUST-10457,Optima Enterprise Systems,E-Commerce,Starter,1-Year,Credit Card,2024-07,5,183.36,902.49,9,60,0,2,3,20.6,Low Risk,0,N/A
CUST-10458,Prism Enterprise Systems,Education,Professional,Month-to-Month,Credit Card,2026-01,2,468.16,898.97,23,66,0,5,8,48.8,Medium Risk,0,N/A
CUST-10459,Radiant Enterprise Systems,Education,Starter,Month-to-Month,Credit Card,2025-11,4,150.08,620.01,6,25,1,1,10,21.4,Low Risk,0,N/A
CUST-10460,Solaris Enterprise Systems,Financial Services,Enterprise,Month-to-Month,Bank Transfer,2024-12,6,1140.4,7105.83,48,97,1,0,8,8.7,Low Risk,0,N/A
CUST-10461,Titan Enterprise Systems,Healthcare,Professional,2-Year,Credit Card,2025-11,4,475.75,1835.17,25,43,0,8,7,6.3,Low Risk,0,N/A
CUST-10462,Zenith Enterprise Systems,Financial Services,Starter,1-Year,Credit Card,2025-06,11,166.05,1854.78,8,83,3,1,7,3.6,Low Risk,0,N/A
CUST-10463,Strata Enterprise Systems,Technology,Starter,Month-to-Month,Bank Transfer,2024-03,4,151.56,607.24,8,36,0,2,7,21.4,Low Risk,0,N/A
CUST-10464,Synapse Enterprise Systems,Education,Starter,Month-to-Month,Bank Transfer,2024-12,14,173.94,2500.41,7,71,2,0,5,35.4,Medium Risk,1,Competitor Migration
CUST-10465,Vortex Enterprise Systems,Manufacturing,Professional,1-Year,Credit Card,2025-04,15,419.75,6175.37,18,73,0,0,9,3.9,Low Risk,0,N/A
CUST-10466,Vector Enterprise Systems,E-Commerce,Starter,Month-to-Month,Credit Card,2025-03,6,149.94,924.06,5,94,4,3,6,43.8,Medium Risk,0,N/A
CUST-10467,Zenith Enterprise Systems,Education,Enterprise,Month-to-Month,Electronic Check,2025-07,3,1226.14,3819.09,59,71,0,0,8,33.2,Low Risk,1,Budget Reallocation / Price
CUST-10468,Aegis Enterprise Systems,Healthcare,Starter,Month-to-Month,Bank Transfer,2024-01,13,191.14,2578.28,9,78,2,14,10,6.6,Low Risk,0,N/A
CUST-10469,Orion Enterprise Systems,Manufacturing,Enterprise,Month-to-Month,Electronic Check,2026-01,5,1625.65,8278.88,104,33,2,3,10,34.3,Low Risk,1,Missing Core Feature
CUST-10470,Apex Strategic Systems,Technology,Starter,Month-to-Month,Credit Card,2024-08,15,161.09,2362.64,9,60,0,0,8,21.4,Low Risk,0,N/A
CUST-10471,Vanguard Strategic Systems,Financial Services,Starter,Month-to-Month,Credit Card,2024-03,17,116.34,2042.41,2,65,0,1,8,21.4,Low Risk,0,N/A
CUST-10472,Nexus Strategic Systems,Financial Services,Starter,Month-to-Month,Bank Transfer,2024-12,10,152.94,1589.67,7,72,3,0,8,18.2,Low Risk,0,N/A
CUST-10473,Quantum Strategic Systems,E-Commerce,Starter,Month-to-Month,Electronic Check,2025-08,2,165.5,319.51,7,33,0,1,9,37.8,Medium Risk,0,N/A
CUST-10474,Hyperion Strategic Systems,Manufacturing,Professional,1-Year,Bank Transfer,2024-06,18,306.23,5419.3,7,74,2,3,4,28.9,Low Risk,1,Poor Onboarding Experience
CUST-10475,Aura Strategic Systems,E-Commerce,Starter,Month-to-Month,Credit Card,2025-03,8,152.21,1230.98,5,18,2,0,6,41.3,Medium Risk,0,N/A
CUST-10476,Catalyst Strategic Systems,Technology,Professional,Month-to-Month,Electronic Check,2025-09,4,537.07,2124.52,33,18,0,0,10,25.0,Low Risk,1,Executive Leadership Turnover
CUST-10477,Pulse Strategic Systems,E-Commerce,Professional,1-Year,Electronic Check,2026-03,1,527.53,508.9,32,62,1,2,9,5.7,Low Risk,0,N/A
CUST-10478,Vertex Strategic Systems,Financial Services,Professional,Month-to-Month,Bank Transfer,2025-02,12,480.74,5891.85,27,21,0,1,10,25.0,Low Risk,0,N/A
CUST-10479,Starlight Strategic Systems,Healthcare,Professional,Month-to-Month,Electronic Check,2026-03,3,476.84,1467.52,24,49,2,2,3,50.0,Medium Risk,0,N/A
CUST-10480,Beacon Strategic Systems,Technology,Starter,Month-to-Month,Bank Transfer,2026-06,1,136.06,136.7,5,28,0,1,9,37.8,Medium Risk,0,N/A
CUST-10481,Cobalt Strategic Systems,Education,Enterprise,2-Year,Bank Transfer,2024-05,1,1150.11,1194.97,49,76,0,2,4,6.3,Low Risk,0,N/A
CUST-10482,Crest Strategic Systems,Manufacturing,Professional,Month-to-Month,Credit Card,2024-04,8,380.03,3157.26,15,31,3,0,5,63.4,Medium Risk,1,Competitor Migration
CUST-10483,Elevation Strategic Systems,E-Commerce,Professional,Month-to-Month,Credit Card,2025-02,2,505.41,1043.86,30,40,0,3,7,48.8,Medium Risk,1,Missing Core Feature
CUST-10484,Frontier Strategic Systems,Technology,Starter,1-Year,Electronic Check,2024-07,19,115.41,2270.3,1,40,0,1,3,10.9,Low Risk,0,N/A
CUST-10485,Horizon Strategic Systems,Manufacturing,Starter,1-Year,Credit Card,2025-05,10,135.93,1409.79,3,23,0,2,1,45.0,Medium Risk,1,Competitor Migration
CUST-10486,Integra Strategic Systems,Healthcare,Enterprise,Month-to-Month,Bank Transfer,2025-05,14,931.58,12709.13,21,75,1,2,7,18.2,Low Risk,0,N/A
CUST-10487,Kinetic Strategic Systems,Financial Services,Enterprise,Month-to-Month,Bank Transfer,2024-11,4,1814.5,7291.17,128,74,0,0,9,9.5,Low Risk,0,N/A
CUST-10488,Luminary Strategic Systems,Technology,Starter,Month-to-Month,Credit Card,2024-10,22,152.55,3451.89,8,71,0,1,10,4.7,Low Risk,0,N/A
CUST-10489,Meridian Strategic Systems,E-Commerce,Enterprise,2-Year,Credit Card,2024-04,13,1694.28,22369.31,114,71,1,2,3,6.6,Low Risk,0,N/A
CUST-10490,Nova Strategic Systems,Technology,Professional,Month-to-Month,Electronic Check,2024-11,7,561.22,3928.26,33,91,3,1,5,19.0,Low Risk,0,N/A
CUST-10491,Omni Strategic Systems,Education,Professional,1-Year,Credit Card,2025-01,12,451.55,5265.74,23,75,2,14,10,6.0,Low Risk,0,N/A
CUST-10492,Pinnacle Strategic Systems,E-Commerce,Starter,Month-to-Month,Electronic Check,2024-01,4,140.13,568.56,5,21,3,1,1,63.4,Medium Risk,1,Low User Adoption
CUST-10493,Acro Strategic Systems,Healthcare,Starter,Month-to-Month,Credit Card,2026-01,4,168.87,667.03,10,74,0,2,7,21.4,Low Risk,0,N/A
CUST-10494,Boreal Strategic Systems,Manufacturing,Professional,2-Year,Electronic Check,2024-04,13,570.74,7514.24,35,72,0,1,7,3.4,Low Risk,1,Low User Adoption
CUST-10495,Cortex Strategic Systems,Financial Services,Enterprise,Month-to-Month,Credit Card,2025-04,4,1263.2,5043.06,62,87,2,2,8,8.7,Low Risk,0,N/A
CUST-10496,Equinox Strategic Systems,Healthcare,Professional,1-Year,Credit Card,2025-10,6,400.22,2372.29,17,51,0,0,2,20.6,Low Risk,0,N/A
CUST-10497,Flux Strategic Systems,Education,Professional,Month-to-Month,Bank Transfer,2024-12,12,524.2,6336.96,29,67,1,2,5,35.4,Medium Risk,0,N/A
CUST-10498,Galactic Strategic Systems,Education,Starter,Month-to-Month,Credit Card,2024-02,15,127.01,1918.56,5,69,1,8,6,29.9,Low Risk,0,N/A
CUST-10499,Helix Strategic Systems,Financial Services,Starter,Month-to-Month,Credit Card,2025-11,4,151.28,598.5,7,58,1,5,8,29.9,Low Risk,1,Budget Reallocation / Price
CUST-10500,Infini Strategic Systems,E-Commerce,Starter,Month-to-Month,Bank Transfer,2024-02,10,126.91,1304.04,2,88,1,0,8,8.7,Low Risk,0,N/A
CUST-10501,Krypton Strategic Systems,Technology,Professional,1-Year,Credit Card,2024-07,12,359.35,4325.98,13,24,2,1,9,9.5,Low Risk,0,N/A
CUST-10502,Matrix Strategic Systems,Healthcare,Professional,Month-to-Month,Credit Card,2024-06,1,378.87,392.15,13,95,2,5,8,25.0,Low Risk,1,Executive Leadership Turnover
CUST-10503,Neutron Strategic Systems,Financial Services,Enterprise,1-Year,Bank Transfer,2024-07,12,1865.21,22266.83,131,74,0,0,8,9.5,Low Risk,0,N/A
CUST-10504,Optima Strategic Systems,Financial Services,Enterprise,1-Year,Bank Transfer,2024-10,21,1047.19,21448.98,36,35,0,2,7,4.7,Low Risk,0,N/A
CUST-10505,Prism Strategic Systems,Healthcare,Professional,1-Year,Credit Card,2025-09,1,381.75,386.6,14,40,0,0,5,32.1,Low Risk,0,N/A
CUST-10506,Radiant Strategic Systems,Healthcare,Professional,Month-to-Month,Bank Transfer,2026-04,1,331.23,327.61,6,55,1,5,9,23.1,Low Risk,0,N/A
CUST-10507,Solaris Strategic Systems,Education,Enterprise,1-Year,Bank Transfer,2024-04,19,1780.51,34997.64,121,79,4,1,9,2.8,Low Risk,0,N/A
CUST-10508,Titan Strategic Systems,Financial Services,Professional,Month-to-Month,Electronic Check,2024-11,19,314.33,5784.41,7,64,3,3,10,7.2,Low Risk,0,N/A
CUST-10509,Zenith Strategic Systems,Healthcare,Enterprise,2-Year,Bank Transfer,2025-06,6,1855.29,11469.64,132,29,0,1,8,10.0,Low Risk,0,N/A
CUST-10510,Strata Strategic Systems,Healthcare,Starter,Month-to-Month,Electronic Check,2025-08,1,160.25,162.03,6,21,2,3,5,85.8,High Risk,1,Budget Reallocation / Price
CUST-10511,Synapse Strategic Systems,Education,Starter,Month-to-Month,Credit Card,2024-01,30,116.22,3558.19,2,65,4,8,6,46.3,Medium Risk,0,N/A
CUST-10512,Vortex Strategic Systems,Financial Services,Starter,1-Year,Electronic Check,2026-01,6,138.06,827.81,3,67,2,0,3,17.5,Low Risk,0,N/A
CUST-10513,Vector Strategic Systems,Education,Professional,Month-to-Month,Electronic Check,2024-04,27,521.65,14437.71,31,35,2,1,6,9.5,Low Risk,0,N/A
CUST-10514,Zenith Strategic Systems,Education,Starter,1-Year,Bank Transfer,2025-03,5,115.67,566.76,1,15,1,2,6,21.4,Low Risk,1,Competitor Migration
CUST-10515,Aegis Strategic Systems,Education,Enterprise,1-Year,Credit Card,2024-11,15,1199.14,17738.99,53,76,3,0,4,8.3,Low Risk,0,N/A
CUST-10516,Orion Strategic Systems,Financial Services,Starter,Month-to-Month,Credit Card,2026-03,5,152.87,747.76,7,43,0,0,8,21.4,Low Risk,0,N/A
CUST-10517,Apex Capital Systems,Technology,Enterprise,2-Year,Bank Transfer,2025-08,7,1323.16,8978.59,70,91,0,0,7,1.5,Low Risk,0,N/A
CUST-10518,Vanguard Capital Systems,Education,Professional,Month-to-Month,Credit Card,2024-04,8,525.2,4199.64,29,41,0,5,9,16.8,Low Risk,0,N/A
CUST-10519,Nexus Capital Systems,Healthcare,Professional,2-Year,Bank Transfer,2025-10,4,361.0,1413.44,11,68,0,3,1,14.2,Low Risk,0,N/A
CUST-10520,Quantum Capital Systems,E-Commerce,Enterprise,1-Year,Bank Transfer,2025-04,5,1708.4,8703.34,114,56,5,1,5,47.5,Medium Risk,1,Poor Onboarding Experience
CUST-10521,Hyperion Capital Systems,Financial Services,Starter,Month-to-Month,Bank Transfer,2026-06,2,159.06,305.53,9,92,4,21,8,87.5,High Risk,1,Missing Core Feature
CUST-10522,Aura Capital Systems,Manufacturing,Professional,1-Year,Bank Transfer,2026-05,3,399.71,1235.38,14,20,1,0,7,33.2,Low Risk,0,N/A
CUST-10523,Catalyst Capital Systems,Healthcare,Starter,Month-to-Month,Bank Transfer,2024-05,16,172.15,2779.28,9,50,2,8,6,29.9,Low Risk,0,N/A
CUST-10524,Pulse Capital Systems,Financial Services,Professional,Month-to-Month,Electronic Check,2026-01,2,430.74,830.78,18,86,3,2,9,6.3,Low Risk,1,Competitor Migration
CUST-10525,Vertex Capital Systems,Healthcare,Starter,Month-to-Month,Bank Transfer,2026-05,2,128.72,264.56,5,20,1,30,8,92.4,High Risk,1,Missing Core Feature
CUST-10526,Starlight Capital Systems,Healthcare,Starter,Month-to-Month,Electronic Check,2025-12,5,104.63,502.4,2,49,1,2,5,35.4,Medium Risk,0,N/A
CUST-10527,Beacon Capital Systems,Manufacturing,Starter,Month-to-Month,Bank Transfer,2024-11,1,106.12,109.95,2,51,2,2,7,28.9,Low Risk,0,N/A
CUST-10528,Cobalt Capital Systems,Financial Services,Starter,1-Year,Credit Card,2025-09,5,113.61,565.92,2,91,2,1,2,8.3,Low Risk,0,N/A
CUST-10529,Crest Capital Systems,Education,Enterprise,Month-to-Month,Credit Card,2024-11,2,1176.9,2441.37,53,24,1,2,3,76.0,High Risk,1,Competitor Migration
CUST-10530,Elevation Capital Systems,E-Commerce,Starter,1-Year,Bank Transfer,2026-01,6,120.2,710.24,4,34,0,1,7,25.0,Low Risk,0,N/A
CUST-10531,Frontier Capital Systems,Education,Professional,1-Year,Credit Card,2025-04,15,405.79,6238.29,16,64,1,2,7,7.9,Low Risk,0,N/A
CUST-10532,Horizon Capital Systems,Manufacturing,Starter,Month-to-Month,Electronic Check,2025-10,4,143.25,574.13,7,97,2,0,7,8.7,Low Risk,0,N/A
CUST-10533,Integra Capital Systems,Financial Services,Professional,Month-to-Month,Bank Transfer,2024-05,22,337.75,7678.56,7,53,3,1,6,9.5,Low Risk,1,Missing Core Feature
CUST-10534,Kinetic Capital Systems,Manufacturing,Starter,Month-to-Month,Credit Card,2026-03,3,154.46,462.0,7,60,0,0,7,33.2,Low Risk,1,Executive Leadership Turnover
CUST-10535,Luminary Capital Systems,Healthcare,Enterprise,2-Year,Bank Transfer,2025-07,12,985.42,12220.58,31,73,2,1,9,1.1,Low Risk,0,N/A
CUST-10536,Meridian Capital Systems,Healthcare,Starter,1-Year,Electronic Check,2024-04,14,123.65,1725.58,2,83,0,1,1,10.0,Low Risk,0,N/A
CUST-10537,Nova Capital Systems,E-Commerce,Enterprise,1-Year,Credit Card,2025-11,7,1953.6,13889.66,144,53,0,0,5,20.6,Low Risk,0,N/A
CUST-10538,Omni Capital Systems,Healthcare,Enterprise,Month-to-Month,Bank Transfer,2026-03,5,1356.34,6600.55,73,39,0,3,4,56.2,Medium Risk,1,Missing Core Feature
CUST-10539,Pinnacle Capital Systems,Healthcare,Professional,Month-to-Month,Electronic Check,2025-07,4,441.74,1785.39,19,40,0,5,7,34.3,Low Risk,1,Missing Core Feature
CUST-10540,Acro Capital Systems,Education,Professional,1-Year,Credit Card,2025-06,5,429.2,2176.67,18,19,1,1,8,21.4,Low Risk,0,N/A
CUST-10541,Boreal Capital Systems,E-Commerce,Starter,Month-to-Month,Bank Transfer,2024-03,9,107.49,955.55,1,97,1,1,7,8.7,Low Risk,0,N/A
CUST-10542,Cortex Capital Systems,Education,Professional,Month-to-Month,Bank Transfer,2024-08,17,341.58,5906.83,10,43,1,2,10,7.9,Low Risk,0,N/A
CUST-10543,Equinox Capital Systems,E-Commerce,Starter,Month-to-Month,Credit Card,2025-10,6,148.3,860.34,5,75,2,5,8,29.9,Low Risk,1,Executive Leadership Turnover
CUST-10544,Flux Capital Systems,E-Commerce,Starter,Month-to-Month,Credit Card,2025-04,10,119.97,1185.98,4,45,0,0,1,40.1,Medium Risk,0,N/A
CUST-10545,Galactic Capital Systems,Healthcare,Starter,Month-to-Month,Credit Card,2025-08,4,158.12,646.11,9,30,1,1,10,21.4,Low Risk,0,N/A
CUST-10546,Helix Capital Systems,Manufacturing,Starter,2-Year,Credit Card,2024-04,23,135.87,3027.74,3,21,4,1,7,15.4,Low Risk,0,N/A
CUST-10547,Infini Capital Systems,Technology,Professional,2-Year,Electronic Check,2024-02,17,477.88,8272.37,24,28,0,0,5,21.4,Low Risk,0,N/A
CUST-10548,Krypton Capital Systems,Education,Professional,2-Year,Bank Transfer,2024-12,11,442.44,4674.73,21,32,0,0,10,4.1,Low Risk,0,N/A
CUST-10549,Matrix Capital Systems,E-Commerce,Starter,Month-to-Month,Credit Card,2025-02,12,162.99,1913.35,9,95,2,0,8,8.7,Low Risk,0,N/A
CUST-10550,Neutron Capital Systems,E-Commerce,Professional,2-Year,Credit Card,2025-10,6,430.93,2496.55,18,18,1,3,8,14.8,Low Risk,0,N/A
CUST-10551,Optima Capital Systems,Financial Services,Starter,Month-to-Month,Bank Transfer,2026-06,1,121.19,121.38,3,88,0,2,8,17.5,Low Risk,0,N/A
CUST-10552,Prism Capital Systems,Financial Services,Professional,1-Year,Bank Transfer,2025-12,3,550.83,1678.97,33,59,0,0,7,16.1,Low Risk,0,N/A
CUST-10553,Radiant Capital Systems,E-Commerce,Professional,1-Year,Credit Card,2025-11,6,546.05,3232.92,33,98,1,0,6,3.6,Low Risk,0,N/A
CUST-10554,Solaris Capital Systems,Education,Professional,2-Year,Bank Transfer,2024-03,17,531.41,9316.06,33,85,0,1,8,1.5,Low Risk,0,N/A
CUST-10555,Titan Capital Systems,Manufacturing,Professional,Month-to-Month,Credit Card,2025-05,2,377.63,781.93,12,22,3,0,7,56.2,Medium Risk,1,Executive Leadership Turnover
CUST-10556,Zenith Capital Systems,E-Commerce,Starter,2-Year,Electronic Check,2025-07,10,104.86,1062.6,1,95,2,5,5,5.5,Low Risk,0,N/A
CUST-10557,Strata Capital Systems,Education,Professional,Month-to-Month,Bank Transfer,2024-11,17,348.0,6071.44,9,89,0,3,7,18.2,Low Risk,1,Poor Onboarding Experience
CUST-10558,Synapse Capital Systems,Technology,Starter,Month-to-Month,Credit Card,2024-12,17,171.1,2908.43,7,66,1,1,7,18.2,Low Risk,0,N/A
CUST-10559,Vortex Capital Systems,E-Commerce,Enterprise,Month-to-Month,Bank Transfer,2025-05,3,1977.11,5750.1,145,77,2,0,8,14.8,Low Risk,0,N/A
CUST-10560,Vector Capital Systems,Healthcare,Professional,2-Year,Credit Card,2024-04,20,323.63,6274.66,6,67,0,1,6,1.6,Low Risk,0,N/A
CUST-10561,Zenith Capital Systems,Financial Services,Enterprise,Month-to-Month,Bank Transfer,2026-02,5,1553.79,7967.29,97,68,0,8,9,16.8,Low Risk,0,N/A
CUST-10562,Aegis Capital Systems,E-Commerce,Starter,2-Year,Credit Card,2025-07,5,169.2,868.58,9,87,1,1,7,1.2,Low Risk,0,N/A
CUST-10563,Orion Capital Systems,Healthcare,Professional,1-Year,Credit Card,2024-05,24,447.28,11078.44,21,56,0,2,8,4.7,Low Risk,0,N/A
CUST-10564,Apex Insight Systems,Financial Services,Professional,Month-to-Month,Bank Transfer,2024-03,28,567.47,15966.76,35,36,2,2,9,3.9,Low Risk,0,N/A
CUST-10565,Vanguard Insight Systems,Technology,Professional,1-Year,Credit Card,2024-02,19,312.73,6149.21,7,81,0,1,9,0.8,Low Risk,0,N/A
CUST-10566,Nexus Insight Systems,Healthcare,Enterprise,Month-to-Month,Credit Card,2026-05,3,1511.54,4531.53,90,71,0,1,6,33.2,Low Risk,0,N/A
CUST-10567,Quantum Insight Systems,Technology,Starter,2-Year,Bank Transfer,2024-09,3,120.52,351.56,3,29,5,1,6,41.3,Medium Risk,1,Missing Core Feature
CUST-10568,Hyperion Insight Systems,E-Commerce,Professional,Month-to-Month,Bank Transfer,2024-02,10,319.01,3302.79,6,64,0,0,9,9.5,Low Risk,0,N/A
CUST-10569,Aura Insight Systems,Technology,Starter,1-Year,Credit Card,2026-01,5,140.82,679.62,4,64,4,0,6,26.9,Low Risk,0,N/A
CUST-10570,Catalyst Insight Systems,Technology,Professional,Month-to-Month,Credit Card,2025-07,11,380.48,4154.06,12,27,0,2,9,25.0,Low Risk,0,N/A
CUST-10571,Pulse Insight Systems,Technology,Enterprise,2-Year,Credit Card,2024-06,26,1984.12,49527.77,148,46,1,1,9,0.5,Low Risk,0,N/A
CUST-10572,Vertex Insight Systems,E-Commerce,Enterprise,Month-to-Month,Bank Transfer,2026-06,2,1540.86,3010.9,94,49,1,5,7,43.8,Medium Risk,1,Executive Leadership Turnover
CUST-10573,Starlight Insight Systems,Manufacturing,Starter,1-Year,Bank Transfer,2025-01,4,131.87,546.78,3,32,2,45,9,50.0,Medium Risk,1,Low User Adoption
CUST-10574,Beacon Insight Systems,Financial Services,Enterprise,2-Year,Credit Card,2024-09,8,1650.73,12818.88,107,56,0,1,8,3.4,Low Risk,1,Executive Leadership Turnover
CUST-10575,Cobalt Insight Systems,Technology,Professional,1-Year,Credit Card,2026-05,3,320.55,929.15,5,77,2,1,9,2.5,Low Risk,0,N/A
CUST-10576,Crest Insight Systems,Technology,Enterprise,Month-to-Month,Electronic Check,2026-03,5,1873.03,9084.02,133,60,1,5,9,14.2,Low Risk,0,N/A
CUST-10577,Elevation Insight Systems,Financial Services,Enterprise,1-Year,Credit Card,2025-10,6,1849.83,10863.02,133,39,0,2,6,9.5,Low Risk,0,N/A
CUST-10578,Frontier Insight Systems,E-Commerce,Enterprise,2-Year,Credit Card,2024-07,1,975.33,974.86,29,40,6,2,3,35.4,Medium Risk,1,Low User Adoption
CUST-10579,Horizon Insight Systems,Manufacturing,Starter,1-Year,Bank Transfer,2025-07,3,189.03,577.47,10,23,0,14,9,31.0,Low Risk,0,N/A
CUST-10580,Integra Insight Systems,Financial Services,Starter,1-Year,Credit Card,2024-09,22,123.72,2754.51,1,86,3,0,7,1.7,Low Risk,0,N/A
CUST-10581,Kinetic Insight Systems,Financial Services,Professional,1-Year,Credit Card,2024-12,17,409.09,6926.08,18,20,3,0,6,21.4,Low Risk,0,N/A
CUST-10582,Luminary Insight Systems,Technology,Starter,1-Year,Bank Transfer,2025-12,2,134.36,271.43,6,69,5,8,5,76.0,High Risk,1,Missing Core Feature
CUST-10583,Meridian Insight Systems,Technology,Starter,1-Year,Credit Card,2024-11,9,168.28,1516.9,7,46,0,0,6,9.5,Low Risk,1,Budget Reallocation / Price
CUST-10584,Nova Insight Systems,Healthcare,Enterprise,1-Year,Credit Card,2024-03,2,1867.74,3604.59,132,19,1,8,8,48.8,Medium Risk,0,N/A
CUST-10585,Omni Insight Systems,E-Commerce,Starter,Month-to-Month,Credit Card,2025-06,1,187.42,192.89,10,52,3,1,8,28.9,Low Risk,0,N/A
CUST-10586,Pinnacle Insight Systems,Education,Professional,1-Year,Electronic Check,2025-08,2,421.44,848.8,19,58,2,2,1,27.9,Low Risk,0,N/A
CUST-10587,Acro Insight Systems,Technology,Starter,1-Year,Electronic Check,2026-05,3,190.47,568.88,10,31,1,0,7,33.2,Low Risk,0,N/A
CUST-10588,Boreal Insight Systems,Healthcare,Starter,Month-to-Month,Credit Card,2025-09,6,91.12,551.24,1,54,1,1,4,35.4,Medium Risk,0,N/A
CUST-10589,Cortex Insight Systems,Financial Services,Starter,1-Year,Bank Transfer,2024-08,17,107.12,1880.55,1,86,3,1,5,8.3,Low Risk,0,N/A
CUST-10590,Equinox Insight Systems,Technology,Starter,2-Year,Credit Card,2024-11,19,172.82,3271.58,8,87,5,2,7,2.4,Low Risk,0,N/A
CUST-10591,Flux Insight Systems,Technology,Professional,Month-to-Month,Bank Transfer,2025-08,4,535.63,2121.25,34,45,1,3,9,14.2,Low Risk,0,N/A
CUST-10592,Galactic Insight Systems,E-Commerce,Starter,Month-to-Month,Bank Transfer,2024-04,5,101.7,527.84,1,52,1,2,9,7.9,Low Risk,0,N/A
CUST-10593,Helix Insight Systems,Healthcare,Starter,Month-to-Month,Bank Transfer,2026-04,2,113.66,220.72,3,37,0,0,6,33.2,Low Risk,1,Executive Leadership Turnover
CUST-10594,Infini Insight Systems,Education,Professional,Month-to-Month,Credit Card,2024-12,12,326.34,4034.62,8,36,4,21,10,77.7,High Risk,0,N/A
CUST-10595,Krypton Insight Systems,Technology,Starter,Month-to-Month,Credit Card,2024-12,11,133.82,1482.3,3,91,1,2,10,3.6,Low Risk,0,N/A
CUST-10596,Matrix Insight Systems,Manufacturing,Starter,Month-to-Month,Credit Card,2026-04,2,117.47,240.41,3,80,5,8,5,77.7,High Risk,1,Poor Onboarding Experience
CUST-10597,Neutron Insight Systems,Manufacturing,Starter,2-Year,Credit Card,2024-12,16,170.58,2776.37,9,81,1,1,7,1.2,Low Risk,0,N/A
CUST-10598,Optima Insight Systems,E-Commerce,Professional,2-Year,Credit Card,2024-02,7,456.03,3173.06,23,43,3,1,5,6.6,Low Risk,0,N/A
CUST-10599,Prism Insight Systems,E-Commerce,Professional,Month-to-Month,Bank Transfer,2026-01,1,564.99,570.46,34,52,1,1,8,28.9,Low Risk,0,N/A
CUST-10600,Radiant Insight Systems,E-Commerce,Professional,1-Year,Bank Transfer,2025-01,1,413.81,407.01,18,37,1,0,3,27.9,Low Risk,0,N/A
CUST-10601,Solaris Insight Systems,Manufacturing,Professional,Month-to-Month,Bank Transfer,2024-04,3,461.74,1412.39,25,61,0,0,5,55.0,Medium Risk,1,Budget Reallocation / Price
CUST-10602,Titan Insight Systems,Education,Enterprise,2-Year,Electronic Check,2026-01,6,1321.7,8109.82,68,84,4,0,6,5.0,Low Risk,0,N/A
CUST-10603,Zenith Insight Systems,E-Commerce,Enterprise,Month-to-Month,Credit Card,2024-05,13,931.02,12380.16,23,44,0,3,7,34.3,Low Risk,0,N/A
CUST-10604,Strata Insight Systems,E-Commerce,Professional,Month-to-Month,Electronic Check,2025-02,14,419.92,5787.44,19,41,1,5,2,51.2,Medium Risk,1,Competitor Migration
CUST-10605,Synapse Insight Systems,Education,Starter,Month-to-Month,Credit Card,2025-01,18,143.39,2509.51,6,53,0,0,9,9.5,Low Risk,0,N/A
CUST-10606,Vortex Insight Systems,Financial Services,Professional,1-Year,Electronic Check,2025-01,7,522.61,3793.46,30,65,0,1,7,9.5,Low Risk,0,N/A
CUST-10607,Vector Insight Systems,Education,Enterprise,1-Year,Bank Transfer,2026-03,5,1090.5,5324.21,43,77,0,0,9,1.7,Low Risk,0,N/A
CUST-10608,Zenith Insight Systems,Financial Services,Professional,Month-to-Month,Bank Transfer,2024-11,14,321.91,4351.26,7,65,0,0,7,21.4,Low Risk,0,N/A
CUST-10609,Aegis Insight Systems,Healthcare,Starter,1-Year,Credit Card,2024-06,20,125.34,2461.77,4,88,4,2,7,6.9,Low Risk,0,N/A
CUST-10610,Orion Insight Systems,Technology,Enterprise,Month-to-Month,Electronic Check,2025-05,6,1860.24,10972.06,134,87,3,1,8,8.7,Low Risk,0,N/A
CUST-10611,Apex Dynamic Systems,E-Commerce,Starter,1-Year,Electronic Check,2025-02,8,136.69,1065.83,5,37,3,3,7,14.2,Low Risk,0,N/A
CUST-10612,Vanguard Dynamic Systems,Manufacturing,Starter,2-Year,Bank Transfer,2025-09,9,97.39,905.17,1,52,2,0,8,2.8,Low Risk,0,N/A
CUST-10613,Nexus Dynamic Systems,E-Commerce,Enterprise,Month-to-Month,Bank Transfer,2026-01,3,1187.34,3440.4,51,67,1,0,7,28.9,Low Risk,0,N/A
CUST-10614,Quantum Dynamic Systems,Education,Professional,1-Year,Electronic Check,2025-01,2,421.34,841.65,19,16,0,3,4,74.1,High Risk,1,Poor Onboarding Experience
CUST-10615,Hyperion Dynamic Systems,Technology,Starter,Month-to-Month,Credit Card,2024-09,6,139.48,829.57,4,36,3,2,4,35.4,Medium Risk,1,Executive Leadership Turnover
CUST-10616,Aura Dynamic Systems,Technology,Professional,Month-to-Month,Credit Card,2024-07,23,312.71,7371.57,5,19,3,1,7,25.0,Low Risk,1,Executive Leadership Turnover
CUST-10617,Catalyst Dynamic Systems,Education,Professional,Month-to-Month,Bank Transfer,2024-02,20,498.9,9738.52,26,15,0,1,5,50.0,Medium Risk,1,Competitor Migration
CUST-10618,Pulse Dynamic Systems,Technology,Professional,Month-to-Month,Credit Card,2024-08,4,300.8,1186.13,5,36,2,0,7,18.2,Low Risk,0,N/A
CUST-10619,Vertex Dynamic Systems,Education,Starter,Month-to-Month,Credit Card,2024-08,7,147.2,1006.72,4,28,1,0,7,41.3,Medium Risk,1,Poor Onboarding Experience
CUST-10620,Starlight Dynamic Systems,Healthcare,Starter,Month-to-Month,Bank Transfer,2024-07,14,145.75,2088.05,5,53,2,1,10,7.9,Low Risk,0,N/A
CUST-10621,Beacon Dynamic Systems,Manufacturing,Starter,2-Year,Credit Card,2025-10,3,118.5,360.23,2,57,0,3,8,10.9,Low Risk,0,N/A
CUST-10622,Cobalt Dynamic Systems,Technology,Starter,Month-to-Month,Credit Card,2025-12,2,197.42,388.8,10,79,1,30,5,80.2,High Risk,1,Missing Core Feature
CUST-10623,Crest Dynamic Systems,Education,Professional,Month-to-Month,Credit Card,2024-10,7,370.19,2692.61,12,34,1,2,5,63.4,Medium Risk,0,N/A
CUST-10624,Elevation Dynamic Systems,E-Commerce,Professional,Month-to-Month,Credit Card,2024-02,17,378.7,6351.0,15,68,1,0,1,35.4,Medium Risk,0,N/A
CUST-10625,Frontier Dynamic Systems,Healthcare,Starter,1-Year,Bank Transfer,2025-10,4,120.73,466.1,1,92,3,1,5,8.3,Low Risk,0,N/A
CUST-10626,Horizon Dynamic Systems,E-Commerce,Starter,2-Year,Electronic Check,2024-05,3,116.32,337.18,4,37,1,5,10,3.7,Low Risk,0,N/A
CUST-10627,Integra Dynamic Systems,Education,Professional,Month-to-Month,Bank Transfer,2024-08,10,356.76,3562.23,10,51,1,21,5,83.9,High Risk,0,N/A
CUST-10628,Kinetic Dynamic Systems,Financial Services,Starter,Month-to-Month,Credit Card,2025-02,5,122.47,633.0,3,76,0,1,9,4.3,Low Risk,0,N/A
CUST-10629,Luminary Dynamic Systems,Manufacturing,Professional,Month-to-Month,Credit Card,2025-03,10,458.93,4477.58,22,63,1,1,6,18.2,Low Risk,0,N/A
CUST-10630,Meridian Dynamic Systems,Healthcare,Starter,Month-to-Month,Credit Card,2025-02,13,182.56,2466.78,9,62,1,1,10,7.9,Low Risk,1,Missing Core Feature
CUST-10631,Nova Dynamic Systems,Technology,Starter,1-Year,Electronic Check,2026-01,6,171.18,1039.48,10,59,1,1,8,7.9,Low Risk,0,N/A
CUST-10632,Omni Dynamic Systems,E-Commerce,Professional,2-Year,Credit Card,2025-11,1,365.22,357.84,12,97,0,2,10,1.0,Low Risk,0,N/A
CUST-10633,Pinnacle Dynamic Systems,Manufacturing,Enterprise,1-Year,Credit Card,2026-06,2,1237.93,2550.34,61,65,2,21,3,78.6,High Risk,0,N/A
CUST-10634,Acro Dynamic Systems,Healthcare,Enterprise,Month-to-Month,Credit Card,2026-05,2,1457.21,2818.56,84,90,0,1,9,7.6,Low Risk,0,N/A
CUST-10635,Boreal Dynamic Systems,Education,Professional,Month-to-Month,Credit Card,2026-06,2,513.55,1020.35,30,54,0,0,7,33.2,Low Risk,1,Executive Leadership Turnover
CUST-10636,Cortex Dynamic Systems,E-Commerce,Professional,Month-to-Month,Bank Transfer,2024-05,7,499.58,3409.11,28,77,0,14,7,18.2,Low Risk,0,N/A
CUST-10637,Equinox Dynamic Systems,Technology,Professional,Month-to-Month,Electronic Check,2025-02,15,528.07,7843.57,30,95,4,0,8,28.9,Low Risk,1,Missing Core Feature
CUST-10638,Flux Dynamic Systems,Financial Services,Starter,Month-to-Month,Credit Card,2024-04,1,109.5,105.49,1,22,0,14,8,75.0,High Risk,0,N/A
CUST-10639,Galactic Dynamic Systems,Healthcare,Professional,Month-to-Month,Electronic Check,2024-09,16,302.15,4773.71,5,75,2,2,6,18.2,Low Risk,0,N/A
CUST-10640,Helix Dynamic Systems,Financial Services,Enterprise,Month-to-Month,Bank Transfer,2024-12,11,1694.28,19270.8,112,27,0,5,7,62.2,Medium Risk,0,N/A
CUST-10641,Infini Dynamic Systems,Technology,Professional,2-Year,Credit Card,2024-08,12,537.07,6283.94,32,72,1,2,7,2.8,Low Risk,0,N/A
CUST-10642,Krypton Dynamic Systems,Education,Enterprise,Month-to-Month,Bank Transfer,2026-02,3,1586.58,4701.99,102,71,0,1,8,33.2,Low Risk,0,N/A
CUST-10643,Matrix Dynamic Systems,E-Commerce,Enterprise,Month-to-Month,Bank Transfer,2024-05,17,1127.2,18529.41,45,88,2,3,2,31.0,Low Risk,0,N/A
CUST-10644,Neutron Dynamic Systems,Education,Enterprise,Month-to-Month,Bank Transfer,2025-10,9,1906.38,16615.89,139,45,0,0,10,9.5,Low Risk,0,N/A
CUST-10645,Optima Dynamic Systems,Education,Starter,1-Year,Bank Transfer,2024-09,22,163.09,3626.31,6,75,5,2,8,14.8,Low Risk,0,N/A
CUST-10646,Prism Dynamic Systems,E-Commerce,Starter,2-Year,Credit Card,2025-08,2,162.02,328.03,6,97,0,8,8,5.0,Low Risk,0,N/A
CUST-10647,Radiant Dynamic Systems,Manufacturing,Enterprise,Month-to-Month,Bank Transfer,2024-03,4,1860.8,7486.57,131,26,0,2,5,67.9,High Risk,0,N/A
CUST-10648,Solaris Dynamic Systems,Healthcare,Enterprise,Month-to-Month,Bank Transfer,2025-06,4,1733.69,7099.29,117,64,5,1,7,48.8,Medium Risk,0,N/A
CUST-10649,Titan Dynamic Systems,Manufacturing,Professional,Month-to-Month,Credit Card,2025-03,11,449.77,4807.92,23,33,3,0,5,63.4,Medium Risk,0,N/A
CUST-10650,Zenith Dynamic Systems,Financial Services,Starter,Month-to-Month,Electronic Check,2024-04,9,109.96,979.88,1,88,1,5,7,15.4,Low Risk,0,N/A
CUST-10651,Strata Dynamic Systems,Financial Services,Starter,2-Year,Bank Transfer,2025-12,1,144.18,148.94,4,37,3,3,6,9.1,Low Risk,0,N/A
CUST-10652,Synapse Dynamic Systems,Healthcare,Enterprise,1-Year,Electronic Check,2026-01,4,1750.81,7115.91,120,65,0,3,6,16.8,Low Risk,0,N/A
CUST-10653,Vortex Dynamic Systems,Manufacturing,Starter,1-Year,Electronic Check,2024-02,28,117.32,3230.06,3,53,1,0,4,9.1,Low Risk,0,N/A
CUST-10654,Vector Dynamic Systems,Healthcare,Starter,Month-to-Month,Credit Card,2025-07,2,140.24,271.42,4,33,1,30,8,92.4,High Risk,1,Missing Core Feature
CUST-10655,Zenith Dynamic Systems,E-Commerce,Starter,Month-to-Month,Bank Transfer,2025-02,5,93.11,458.2,1,95,2,0,3,19.0,Low Risk,0,N/A
CUST-10656,Aegis Dynamic Systems,Manufacturing,Enterprise,2-Year,Credit Card,2024-03,25,1732.15,42844.12,116,74,3,2,6,1.3,Low Risk,0,N/A
CUST-10657,Orion Dynamic Systems,Technology,Starter,1-Year,Credit Card,2024-01,19,114.62,2193.96,2,88,6,1,8,6.9,Low Risk,0,N/A
CUST-10658,Apex Applied Systems,E-Commerce,Professional,Month-to-Month,Bank Transfer,2024-11,3,483.6,1455.03,25,83,0,5,1,50.0,Medium Risk,0,N/A
CUST-10659,Vanguard Applied Systems,Manufacturing,Professional,Month-to-Month,Electronic Check,2025-09,2,454.3,872.64,21,41,5,8,5,89.1,High Risk,1,Competitor Migration
CUST-10660,Nexus Applied Systems,E-Commerce,Enterprise,1-Year,Credit Card,2024-03,18,1153.87,20542.95,51,47,3,0,10,3.2,Low Risk,0,N/A
CUST-10661,Quantum Applied Systems,Manufacturing,Starter,Month-to-Month,Electronic Check,2026-05,2,97.69,202.98,1,83,1,2,8,14.8,Low Risk,0,N/A
CUST-10662,Hyperion Applied Systems,Financial Services,Professional,Month-to-Month,Electronic Check,2024-08,2,432.34,845.04,21,39,0,5,5,70.1,High Risk,1,Low User Adoption
CUST-10663,Aura Applied Systems,Financial Services,Starter,Month-to-Month,Bank Transfer,2025-09,3,180.27,525.38,10,66,1,14,8,43.8,Medium Risk,0,N/A
CUST-10664,Catalyst Applied Systems,Healthcare,Starter,1-Year,Bank Transfer,2024-12,19,157.84,3117.11,5,97,3,2,7,1.7,Low Risk,0,N/A
CUST-10665,Pulse Applied Systems,E-Commerce,Starter,Month-to-Month,Credit Card,2025-10,9,174.16,1539.01,10,67,0,2,7,21.4,Low Risk,0,N/A
CUST-10666,Vertex Applied Systems,Healthcare,Starter,2-Year,Credit Card,2024-04,26,110.7,2875.81,2,30,0,3,6,9.1,Low Risk,0,N/A
CUST-10667,Starlight Applied Systems,Manufacturing,Starter,1-Year,Credit Card,2026-05,1,195.79,198.58,10,36,0,3,5,47.5,Medium Risk,0,N/A
CUST-10668,Beacon Applied Systems,Manufacturing,Professional,Month-to-Month,Bank Transfer,2024-01,22,556.74,12020.33,33,80,2,2,4,10.0,Low Risk,0,N/A
CUST-10669,Cobalt Applied Systems,Education,Professional,Month-to-Month,Credit Card,2025-11,8,407.26,3376.05,16,38,1,1,7,18.2,Low Risk,0,N/A
CUST-10670,Crest Applied Systems,Manufacturing,Enterprise,2-Year,Electronic Check,2025-02,11,1392.68,14777.06,78,26,1,0,5,18.2,Low Risk,1,Low User Adoption
CUST-10671,Elevation Applied Systems,Education,Starter,Month-to-Month,Electronic Check,2025-10,9,176.79,1616.3,8,32,1,1,10,21.4,Low Risk,0,N/A
CUST-10672,Frontier Applied Systems,E-Commerce,Starter,1-Year,Credit Card,2025-11,6,146.38,909.54,4,46,6,2,10,12.5,Low Risk,0,N/A
CUST-10673,Horizon Applied Systems,Education,Professional,Month-to-Month,Electronic Check,2026-01,5,466.2,2316.59,24,43,0,1,4,40.1,Medium Risk,1,Missing Core Feature
CUST-10674,Integra Applied Systems,E-Commerce,Starter,1-Year,Electronic Check,2026-04,1,109.33,109.93,2,52,0,0,5,32.1,Low Risk,0,N/A
CUST-10675,Kinetic Applied Systems,Healthcare,Enterprise,2-Year,Electronic Check,2024-02,12,998.24,11678.12,29,15,1,1,6,8.3,Low Risk,1,Executive Leadership Turnover
CUST-10676,Luminary Applied Systems,Financial Services,Starter,Month-to-Month,Credit Card,2024-05,14,157.22,2182.65,7,30,4,0,9,53.7,Medium Risk,1,Poor Onboarding Experience
CUST-10677,Meridian Applied Systems,Financial Services,Starter,Month-to-Month,Electronic Check,2025-10,8,124.77,1014.87,3,35,0,3,1,56.2,Medium Risk,0,N/A
CUST-10678,Nova Applied Systems,Technology,Starter,Month-to-Month,Bank Transfer,2024-02,6,93.68,564.33,1,40,4,14,10,41.3,Medium Risk,1,Poor Onboarding Experience
CUST-10679,Omni Applied Systems,Education,Professional,1-Year,Credit Card,2025-12,6,400.29,2371.79,15,64,0,14,9,7.2,Low Risk,0,N/A
CUST-10680,Pinnacle Applied Systems,Technology,Professional,1-Year,Credit Card,2025-08,12,350.32,4119.01,12,16,1,0,7,21.4,Low Risk,0,N/A
CUST-10681,Acro Applied Systems,Healthcare,Professional,1-Year,Electronic Check,2025-11,4,340.23,1361.17,10,69,0,3,9,7.2,Low Risk,0,N/A
CUST-10682,Boreal Applied Systems,Healthcare,Starter,Month-to-Month,Bank Transfer,2025-01,2,187.51,385.95,10,50,6,8,7,76.9,High Risk,1,Missing Core Feature
CUST-10683,Cortex Applied Systems,E-Commerce,Professional,2-Year,Bank Transfer,2025-02,16,390.01,6130.61,14,22,1,2,6,8.3,Low Risk,0,N/A
CUST-10684,Equinox Applied Systems,Financial Services,Professional,Month-to-Month,Bank Transfer,2024-02,22,359.69,7713.67,12,56,0,1,9,4.7,Low Risk,0,N/A
CUST-10685,Flux Applied Systems,E-Commerce,Starter,1-Year,Credit Card,2026-01,2,126.9,255.93,5,57,1,5,8,23.1,Low Risk,0,N/A
CUST-10686,Galactic Applied Systems,Healthcare,Professional,Month-to-Month,Bank Transfer,2025-09,10,360.45,3515.95,11,30,0,21,9,76.0,High Risk,0,N/A
CUST-10687,Helix Applied Systems,E-Commerce,Enterprise,1-Year,Bank Transfer,2025-04,7,1083.46,7434.07,39,83,2,0,5,8.3,Low Risk,0,N/A
CUST-10688,Infini Applied Systems,Manufacturing,Enterprise,1-Year,Electronic Check,2024-03,16,1695.2,26633.14,113,68,1,14,9,6.0,Low Risk,0,N/A
CUST-10689,Krypton Applied Systems,Healthcare,Starter,2-Year,Bank Transfer,2026-03,4,167.63,683.97,10,78,2,5,10,0.9,Low Risk,0,N/A
CUST-10690,Matrix Applied Systems,E-Commerce,Professional,Month-to-Month,Bank Transfer,2024-06,19,405.03,7697.92,17,42,1,0,10,3.9,Low Risk,0,N/A
CUST-10691,Neutron Applied Systems,Education,Professional,Month-to-Month,Bank Transfer,2024-04,6,395.34,2453.12,14,43,0,0,2,40.1,Medium Risk,1,Budget Reallocation / Price
CUST-10692,Optima Applied Systems,Financial Services,Enterprise,Month-to-Month,Electronic Check,2025-06,2,1021.98,2106.75,33,15,1,2,10,33.2,Low Risk,1,Executive Leadership Turnover
CUST-10693,Prism Applied Systems,Financial Services,Professional,Month-to-Month,Electronic Check,2025-09,1,430.94,432.23,18,60,0,21,4,92.1,High Risk,0,N/A
CUST-10694,Radiant Applied Systems,Manufacturing,Starter,Month-to-Month,Credit Card,2025-08,9,173.1,1596.25,7,41,3,0,6,18.2,Low Risk,0,N/A
CUST-10695,Solaris Applied Systems,E-Commerce,Starter,Month-to-Month,Bank Transfer,2025-04,3,140.04,419.8,4,78,0,0,9,7.6,Low Risk,0,N/A
CUST-10696,Titan Applied Systems,Education,Starter,Month-to-Month,Bank Transfer,2025-01,7,123.74,859.42,5,23,0,1,7,46.3,Medium Risk,0,N/A
CUST-10697,Zenith Applied Systems,Education,Professional,Month-to-Month,Bank Transfer,2025-01,1,510.77,521.81,28,29,3,3,8,71.1,High Risk,1,Competitor Migration
CUST-10698,Strata Applied Systems,Financial Services,Starter,2-Year,Electronic Check,2024-04,18,165.97,3081.24,10,58,3,0,4,6.6,Low Risk,0,N/A
CUST-10699,Synapse Applied Systems,Healthcare,Starter,Month-to-Month,Credit Card,2025-09,9,153.91,1345.5,8,30,0,0,8,46.3,Medium Risk,1,Poor Onboarding Experience
CUST-10700,Vortex Applied Systems,Healthcare,Starter,Month-to-Month,Bank Transfer,2026-06,2,153.49,303.48,7,29,1,45,5,96.8,High Risk,1,Budget Reallocation / Price
CUST-10701,Vector Applied Systems,Manufacturing,Starter,2-Year,Electronic Check,2025-08,3,163.82,506.92,6,37,1,1,5,11.4,Low Risk,0,N/A
CUST-10702,Zenith Applied Systems,Education,Starter,Month-to-Month,Electronic Check,2025-10,6,135.19,829.17,5,48,3,3,3,51.2,Medium Risk,1,Competitor Migration
CUST-10703,Aegis Applied Systems,Healthcare,Starter,1-Year,Electronic Check,2026-03,1,155.63,151.67,7,29,1,14,6,48.8,Medium Risk,1,Competitor Migration
CUST-10704,Orion Applied Systems,E-Commerce,Starter,1-Year,Credit Card,2026-02,3,163.33,491.51,8,32,3,2,5,55.0,Medium Risk,1,Poor Onboarding Experience
CUST-10705,Apex Core Systems,E-Commerce,Professional,Month-to-Month,Credit Card,2025-05,10,518.05,4980.39,31,43,2,0,1,35.4,Medium Risk,0,N/A
CUST-10706,Vanguard Core Systems,Manufacturing,Professional,Month-to-Month,Bank Transfer,2026-04,2,355.23,705.97,9,52,1,5,8,43.8,Medium Risk,0,N/A
CUST-10707,Nexus Core Systems,Healthcare,Enterprise,Month-to-Month,Credit Card,2024-05,13,1034.14,12985.41,34,18,2,1,2,63.4,Medium Risk,1,Low User Adoption
CUST-10708,Quantum Core Systems,Manufacturing,Enterprise,Month-to-Month,Bank Transfer,2024-01,19,953.64,18406.98,27,68,0,0,8,11.4,Low Risk,0,N/A
CUST-10709,Hyperion Core Systems,Financial Services,Professional,1-Year,Credit Card,2024-10,4,496.31,1907.56,28,34,0,2,8,25.0,Low Risk,1,Competitor Migration
CUST-10710,Aura Core Systems,E-Commerce,Professional,1-Year,Bank Transfer,2025-07,9,542.9,4894.5,33,54,2,1,4,17.5,Low Risk,0,N/A
CUST-10711,Catalyst Core Systems,Healthcare,Professional,Month-to-Month,Bank Transfer,2025-12,5,412.67,2086.77,17,92,3,5,7,15.4,Low Risk,0,N/A
CUST-10712,Pulse Core Systems,E-Commerce,Starter,Month-to-Month,Bank Transfer,2024-03,12,154.13,1785.24,6,92,2,1,5,19.0,Low Risk,1,Missing Core Feature
CUST-10713,Vertex Core Systems,Manufacturing,Starter,Month-to-Month,Electronic Check,2024-08,9,129.57,1123.75,5,25,5,2,8,75.0,High Risk,0,N/A
CUST-10714,Starlight Core Systems,Financial Services,Starter,Month-to-Month,Bank Transfer,2025-01,17,123.3,2028.59,5,39,0,1,6,21.4,Low Risk,1,Executive Leadership Turnover
CUST-10715,Beacon Core Systems,E-Commerce,Enterprise,1-Year,Bank Transfer,2025-07,13,1980.54,25671.03,148,63,1,5,2,28.9,Low Risk,1,Executive Leadership Turnover
CUST-10716,Cobalt Core Systems,Education,Starter,1-Year,Credit Card,2026-01,6,145.45,874.33,4,35,6,1,10,12.5,Low Risk,0,N/A
CUST-10717,Crest Core Systems,Financial Services,Professional,Month-to-Month,Electronic Check,2025-02,2,334.87,673.32,9,64,0,45,8,82.5,High Risk,0,N/A
CUST-10718,Elevation Core Systems,E-Commerce,Starter,2-Year,Credit Card,2026-02,1,93.99,92.34,1,78,0,1,10,1.0,Low Risk,0,N/A
CUST-10719,Frontier Core Systems,Financial Services,Starter,1-Year,Bank Transfer,2025-04,9,103.77,899.53,2,71,2,0,4,17.5,Low Risk,0,N/A
CUST-10720,Horizon Core Systems,Financial Services,Professional,1-Year,Credit Card,2025-05,14,540.19,7419.17,32,94,5,1,8,13.6,Low Risk,0,N/A
CUST-10721,Integra Core Systems,Education,Starter,Month-to-Month,Electronic Check,2024-01,5,114.94,591.9,1,28,0,0,7,46.3,Medium Risk,1,Poor Onboarding Experience
CUST-10722,Kinetic Core Systems,Education,Starter,Month-to-Month,Electronic Check,2024-04,3,164.9,482.81,8,38,2,8,10,23.1,Low Risk,0,N/A
CUST-10723,Luminary Core Systems,Financial Services,Starter,Month-to-Month,Credit Card,2025-04,4,166.38,650.26,6,50,1,1,10,7.9,Low Risk,0,N/A
CUST-10724,Meridian Core Systems,Manufacturing,Starter,Month-to-Month,Electronic Check,2026-02,4,192.6,765.65,10,75,0,0,1,40.1,Medium Risk,0,N/A
CUST-10725,Nova Core Systems,Financial Services,Professional,Month-to-Month,Bank Transfer,2026-04,4,310.96,1203.28,7,68,1,2,5,35.4,Medium Risk,0,N/A
CUST-10726,Omni Core Systems,E-Commerce,Starter,Month-to-Month,Credit Card,2025-04,6,128.76,753.93,5,70,1,2,7,18.2,Low Risk,1,Low User Adoption
CUST-10727,Pinnacle Core Systems,Education,Professional,1-Year,Electronic Check,2025-12,6,455.56,2693.21,24,55,0,8,10,7.2,Low Risk,0,N/A
CUST-10728,Acro Core Systems,Education,Professional,2-Year,Electronic Check,2026-04,2,450.28,894.81,21,96,1,21,3,34.3,Low Risk,1,Competitor Migration
CUST-10729,Boreal Core Systems,Manufacturing,Professional,Month-to-Month,Electronic Check,2025-10,10,463.71,4711.04,24,16,1,1,6,41.3,Medium Risk,1,Missing Core Feature
CUST-10730,Cortex Core Systems,Education,Enterprise,Month-to-Month,Credit Card,2025-05,13,1795.86,22716.13,125,57,0,0,7,21.4,Low Risk,1,Low User Adoption
CUST-10731,Equinox Core Systems,E-Commerce,Starter,1-Year,Electronic Check,2026-05,1,162.19,161.04,7,26,3,0,8,33.2,Low Risk,0,N/A
CUST-10732,Flux Core Systems,E-Commerce,Professional,Month-to-Month,Credit Card,2025-07,13,482.95,6304.26,24,19,2,5,5,76.9,High Risk,0,N/A
CUST-10733,Galactic Core Systems,Technology,Starter,Month-to-Month,Credit Card,2025-03,14,181.77,2488.58,8,97,2,3,1,31.0,Low Risk,0,N/A
CUST-10734,Helix Core Systems,Financial Services,Starter,2-Year,Electronic Check,2025-10,4,133.76,549.63,5,15,4,1,1,48.8,Medium Risk,1,Budget Reallocation / Price
CUST-10735,Infini Core Systems,Manufacturing,Enterprise,2-Year,Electronic Check,2024-08,18,1589.23,28784.31,101,65,0,2,9,1.3,Low Risk,0,N/A
CUST-10736,Krypton Core Systems,Healthcare,Enterprise,Month-to-Month,Electronic Check,2025-05,3,1764.71,5414.53,119,70,0,3,4,70.1,High Risk,1,Low User Adoption
CUST-10737,Matrix Core Systems,Education,Enterprise,Month-to-Month,Bank Transfer,2025-02,1,1262.2,1309.9,60,95,2,0,8,14.8,Low Risk,0,N/A
CUST-10738,Neutron Core Systems,Manufacturing,Starter,1-Year,Credit Card,2024-06,8,140.42,1148.53,3,98,3,0,7,3.6,Low Risk,0,N/A
CUST-10739,Optima Core Systems,E-Commerce,Professional,Month-to-Month,Bank Transfer,2024-01,21,469.31,9573.12,26,89,3,0,10,1.7,Low Risk,0,N/A
CUST-10740,Prism Core Systems,Financial Services,Enterprise,1-Year,Electronic Check,2024-07,13,1087.21,13654.67,43,27,1,0,3,40.1,Medium Risk,0,N/A
CUST-10741,Radiant Core Systems,Education,Professional,2-Year,Electronic Check,2024-06,10,537.98,5215.05,33,16,4,2,8,27.9,Low Risk,0,N/A
CUST-10742,Solaris Core Systems,Financial Services,Enterprise,1-Year,Bank Transfer,2025-05,12,1969.32,24125.2,143,47,4,0,1,47.5,Medium Risk,1,Low User Adoption
CUST-10743,Titan Core Systems,Healthcare,Enterprise,Month-to-Month,Bank Transfer,2024-03,24,1166.95,28122.18,49,31,0,1,10,13.6,Low Risk,0,N/A
CUST-10744,Zenith Core Systems,Financial Services,Professional,Month-to-Month,Credit Card,2024-07,9,518.85,4521.3,30,37,0,5,8,34.3,Low Risk,0,N/A
CUST-10745,Strata Core Systems,Manufacturing,Starter,Month-to-Month,Electronic Check,2025-02,9,147.88,1317.5,4,55,1,2,7,18.2,Low Risk,0,N/A
CUST-10746,Synapse Core Systems,Education,Enterprise,Month-to-Month,Credit Card,2025-07,7,1872.35,12999.82,135,52,1,5,10,14.2,Low Risk,0,N/A
CUST-10747,Vortex Core Systems,Technology,Starter,Month-to-Month,Bank Transfer,2024-07,22,146.53,3279.57,6,62,1,3,4,33.2,Low Risk,1,Missing Core Feature
CUST-10748,Vector Core Systems,Healthcare,Professional,Month-to-Month,Bank Transfer,2024-10,20,512.75,10569.51,30,42,1,0,6,9.5,Low Risk,0,N/A
CUST-10749,Zenith Core Systems,Education,Starter,Month-to-Month,Electronic Check,2024-07,7,163.87,1112.59,7,21,3,1,10,21.4,Low Risk,0,N/A
CUST-10750,Aegis Core Systems,Healthcare,Professional,1-Year,Bank Transfer,2025-09,10,455.4,4698.21,23,15,4,0,9,31.0,Low Risk,0,N/A
CUST-10751,Orion Core Systems,Manufacturing,Starter,Month-to-Month,Electronic Check,2025-12,3,91.43,274.15,1,50,0,1,3,55.0,Medium Risk,0,N/A
CUST-10752,Apex Prime Systems,Technology,Starter,1-Year,Electronic Check,2026-03,3,165.77,516.95,8,94,0,0,9,3.1,Low Risk,0,N/A
CUST-10753,Vanguard Prime Systems,Education,Professional,Month-to-Month,Electronic Check,2024-12,18,354.46,6149.57,12,15,4,5,5,93.4,High Risk,1,Missing Core Feature
CUST-10754,Nexus Prime Systems,Financial Services,Starter,1-Year,Credit Card,2025-11,3,155.58,481.22,6,32,1,0,6,33.2,Low Risk,1,Low User Adoption
CUST-10755,Quantum Prime Systems,E-Commerce,Professional,Month-to-Month,Credit Card,2025-10,8,471.78,3838.06,26,50,0,3,5,56.2,Medium Risk,1,Budget Reallocation / Price
CUST-10756,Hyperion Prime Systems,Financial Services,Professional,1-Year,Electronic Check,2025-11,2,526.98,1027.65,32,24,5,0,1,83.9,High Risk,1,Poor Onboarding Experience
CUST-10757,Aura Prime Systems,Technology,Starter,Month-to-Month,Bank Transfer,2024-10,15,192.16,2850.96,10,98,0,1,9,4.3,Low Risk,0,N/A
CUST-10758,Catalyst Prime Systems,E-Commerce,Enterprise,Month-to-Month,Bank Transfer,2024-06,22,1349.8,30277.7,71,54,5,2,3,52.5,Medium Risk,1,Missing Core Feature
CUST-10759,Pulse Prime Systems,Healthcare,Starter,Month-to-Month,Credit Card,2025-03,12,155.05,1860.93,8,48,0,2,6,21.4,Low Risk,1,Poor Onboarding Experience
CUST-10760,Vertex Prime Systems,Manufacturing,Starter,Month-to-Month,Credit Card,2025-12,4,158.04,631.84,8,39,0,1,8,21.4,Low Risk,0,N/A
CUST-10761,Starlight Prime Systems,E-Commerce,Starter,2-Year,Bank Transfer,2024-02,29,111.62,3336.06,1,19,1,0,7,4.1,Low Risk,0,N/A
CUST-10762,Beacon Prime Systems,Education,Professional,Month-to-Month,Electronic Check,2025-11,5,404.75,2039.34,17,78,0,3,6,18.2,Low Risk,0,N/A
CUST-10763,Cobalt Prime Systems,Education,Starter,1-Year,Credit Card,2024-10,8,123.61,960.55,3,36,0,0,5,20.6,Low Risk,0,N/A
CUST-10764,Crest Prime Systems,Technology,Professional,Month-to-Month,Bank Transfer,2024-03,6,411.19,2461.73,18,16,1,21,8,87.0,High Risk,1,Competitor Migration
CUST-10765,Elevation Prime Systems,Technology,Enterprise,Month-to-Month,Bank Transfer,2024-05,25,1547.24,38219.24,94,27,0,5,6,43.8,Medium Risk,0,N/A
CUST-10766,Frontier Prime Systems,Manufacturing,Starter,Month-to-Month,Electronic Check,2024-10,11,157.37,1677.44,8,81,2,5,9,6.6,Low Risk,0,N/A
CUST-10767,Horizon Prime Systems,Education,Professional,2-Year,Electronic Check,2025-10,3,459.73,1363.68,25,60,1,0,8,5.0,Low Risk,0,N/A
CUST-10768,Integra Prime Systems,Education,Starter,2-Year,Electronic Check,2025-10,9,162.36,1443.57,7,72,6,5,4,36.6,Medium Risk,0,N/A
CUST-10769,Kinetic Prime Systems,Financial Services,Starter,Month-to-Month,Bank Transfer,2025-07,9,173.08,1594.17,7,58,3,0,9,7.9,Low Risk,0,N/A
CUST-10770,Luminary Prime Systems,Financial Services,Starter,1-Year,Credit Card,2024-05,17,106.46,1853.22,1,52,1,2,6,7.9,Low Risk,0,N/A
CUST-10771,Meridian Prime Systems,Technology,Professional,1-Year,Bank Transfer,2024-10,1,349.91,357.9,11,70,1,5,2,42.6,Medium Risk,1,Budget Reallocation / Price
CUST-10772,Nova Prime Systems,Manufacturing,Professional,2-Year,Credit Card,2024-05,24,512.63,12729.24,29,40,1,8,6,2.5,Low Risk,0,N/A
CUST-10773,Omni Prime Systems,Healthcare,Enterprise,2-Year,Bank Transfer,2024-09,10,1736.79,17476.51,118,91,0,2,8,1.5,Low Risk,0,N/A
CUST-10774,Pinnacle Prime Systems,Education,Professional,1-Year,Bank Transfer,2024-03,10,361.75,3714.12,13,87,4,1,5,27.9,Low Risk,0,N/A
CUST-10775,Acro Prime Systems,Technology,Starter,Month-to-Month,Credit Card,2024-12,15,172.79,2493.65,8,60,1,1,7,18.2,Low Risk,1,Low User Adoption
CUST-10776,Boreal Prime Systems,E-Commerce,Starter,Month-to-Month,Bank Transfer,2025-05,6,127.53,742.28,3,31,1,8,9,34.3,Low Risk,1,Poor Onboarding Experience
CUST-10777,Cortex Prime Systems,Education,Starter,Month-to-Month,Bank Transfer,2026-03,1,173.11,178.16,9,57,1,5,8,43.8,Medium Risk,0,N/A
CUST-10778,Equinox Prime Systems,Technology,Professional,1-Year,Credit Card,2025-05,3,485.38,1497.17,26,86,2,1,5,14.2,Low Risk,0,N/A
CUST-10779,Flux Prime Systems,Financial Services,Professional,Month-to-Month,Credit Card,2025-11,4,519.12,2034.49,28,29,0,0,9,25.0,Low Risk,0,N/A
CUST-10780,Galactic Prime Systems,Technology,Professional,Month-to-Month,Electronic Check,2024-10,13,527.7,7036.64,31,76,6,5,9,23.1,Low Risk,0,N/A
CUST-10781,Helix Prime Systems,Education,Professional,Month-to-Month,Credit Card,2024-06,5,489.1,2404.42,26,45,0,3,8,34.3,Low Risk,0,N/A
CUST-10782,Infini Prime Systems,Education,Starter,1-Year,Credit Card,2025-11,2,182.75,367.38,10,74,1,1,1,27.9,Low Risk,0,N/A
CUST-10783,Krypton Prime Systems,Technology,Professional,2-Year,Credit Card,2024-02,30,320.08,9972.48,6,60,5,1,8,5.5,Low Risk,0,N/A
CUST-10784,Matrix Prime Systems,Financial Services,Professional,Month-to-Month,Credit Card,2025-01,17,536.11,9084.33,32,23,0,0,8,46.3,Medium Risk,0,N/A
CUST-10785,Neutron Prime Systems,Healthcare,Starter,Month-to-Month,Electronic Check,2025-04,13,155.32,2044.83,5,75,1,0,8,18.2,Low Risk,0,N/A
CUST-10786,Optima Prime Systems,Financial Services,Starter,1-Year,Credit Card,2026-03,4,152.11,608.41,6,23,0,5,4,61.1,Medium Risk,1,Missing Core Feature
CUST-10787,Prism Prime Systems,Education,Professional,1-Year,Electronic Check,2026-02,2,501.1,995.79,29,28,3,0,9,16.1,Low Risk,0,N/A
CUST-10788,Radiant Prime Systems,Technology,Starter,1-Year,Bank Transfer,2026-01,3,127.01,377.3,5,92,1,0,4,14.2,Low Risk,1,Poor Onboarding Experience
CUST-10789,Solaris Prime Systems,Education,Professional,Month-to-Month,Credit Card,2024-08,7,346.85,2335.54,11,35,1,1,9,7.9,Low Risk,0,N/A
CUST-10790,Titan Prime Systems,Education,Starter,2-Year,Credit Card,2025-02,3,117.35,351.94,1,58,0,3,9,4.5,Low Risk,0,N/A
CUST-10791,Zenith Prime Systems,Healthcare,Professional,Month-to-Month,Electronic Check,2026-04,2,434.03,842.17,20,23,1,2,9,33.2,Low Risk,0,N/A
CUST-10792,Strata Prime Systems,Manufacturing,Starter,Month-to-Month,Credit Card,2024-01,8,114.95,954.04,2,52,4,0,8,48.8,Medium Risk,1,Competitor Migration
CUST-10793,Synapse Prime Systems,Technology,Professional,2-Year,Credit Card,2025-01,2,378.36,742.38,12,84,2,0,7,2.2,Low Risk,0,N/A
CUST-10794,Vortex Prime Systems,Technology,Starter,Month-to-Month,Credit Card,2024-05,7,149.13,1007.36,7,85,3,1,8,8.7,Low Risk,0,N/A
CUST-10795,Vector Prime Systems,E-Commerce,Starter,1-Year,Credit Card,2024-02,12,197.15,2361.78,10,24,4,2,8,53.7,Medium Risk,1,Low User Adoption
CUST-10796,Zenith Prime Systems,Healthcare,Starter,Month-to-Month,Bank Transfer,2024-12,14,92.64,1247.82,1,76,0,5,10,7.9,Low Risk,1,Missing Core Feature
CUST-10797,Aegis Prime Systems,Healthcare,Professional,1-Year,Bank Transfer,2025-04,2,531.78,1032.74,32,64,2,2,7,13.6,Low Risk,0,N/A
CUST-10798,Orion Prime Systems,E-Commerce,Starter,Month-to-Month,Bank Transfer,2025-02,2,199.89,412.2,10,45,0,2,5,55.0,Medium Risk,0,N/A
CUST-10799,Apex Direct Systems,Manufacturing,Professional,1-Year,Electronic Check,2024-03,2,502.02,1035.4,30,31,1,0,6,33.2,Low Risk,0,N/A
CUST-10800,Vanguard Direct Systems,Financial Services,Starter,Month-to-Month,Bank Transfer,2024-09,18,156.75,2758.36,7,41,1,3,6,29.9,Low Risk,0,N/A
CUST-10801,Nexus Direct Systems,Education,Starter,Month-to-Month,Credit Card,2025-05,15,158.81,2421.31,6,49,0,1,3,40.1,Medium Risk,1,Poor Onboarding Experience
CUST-10802,Quantum Direct Systems,Manufacturing,Professional,Month-to-Month,Electronic Check,2024-08,10,313.12,3250.91,7,85,0,1,9,4.3,Low Risk,0,N/A
CUST-10803,Hyperion Direct Systems,Education,Professional,Month-to-Month,Credit Card,2024-02,9,508.88,4537.39,29,50,1,1,10,7.9,Low Risk,1,Low User Adoption
CUST-10804,Aura Direct Systems,Technology,Enterprise,Month-to-Month,Credit Card,2025-10,7,1737.54,11701.56,118,83,0,1,8,10.4,Low Risk,0,N/A
CUST-10805,Catalyst Direct Systems,Manufacturing,Professional,2-Year,Electronic Check,2025-07,4,406.29,1654.96,15,18,0,5,7,17.5,Low Risk,0,N/A
CUST-10806,Pulse Direct Systems,Education,Professional,Month-to-Month,Credit Card,2025-10,5,505.32,2458.39,30,83,1,2,8,8.7,Low Risk,0,N/A
CUST-10807,Vertex Direct Systems,E-Commerce,Professional,2-Year,Bank Transfer,2025-10,5,543.84,2618.83,34,25,6,3,6,42.6,Medium Risk,0,N/A
CUST-10808,Starlight Direct Systems,Financial Services,Starter,1-Year,Credit Card,2024-04,10,150.38,1445.73,5,87,2,5,9,2.7,Low Risk,0,N/A
CUST-10809,Beacon Direct Systems,Technology,Professional,1-Year,Credit Card,2025-02,2,556.56,1074.3,35,89,4,0,8,22.3,Low Risk,0,N/A
CUST-10810,Cobalt Direct Systems,Healthcare,Starter,Month-to-Month,Bank Transfer,2024-06,5,132.08,660.75,5,94,2,0,8,8.7,Low Risk,0,N/A
CUST-10811,Crest Direct Systems,E-Commerce,Professional,Month-to-Month,Electronic Check,2024-09,9,316.87,2874.78,6,17,2,5,6,57.4,Medium Risk,0,N/A
CUST-10812,Elevation Direct Systems,Financial Services,Starter,Month-to-Month,Bank Transfer,2024-11,19,172.53,3221.18,9,62,3,2,3,20.6,Low Risk,0,N/A
CUST-10813,Frontier Direct Systems,Technology,Starter,Month-to-Month,Credit Card,2025-04,10,143.22,1442.65,6,94,0,1,6,10.4,Low Risk,0,N/A
CUST-10814,Horizon Direct Systems,Technology,Professional,1-Year,Credit Card,2026-02,5,512.46,2490.57,30,59,4,1,8,26.9,Low Risk,0,N/A
CUST-10815,Integra Direct Systems,Education,Starter,2-Year,Credit Card,2025-07,11,131.05,1475.94,2,85,2,1,4,2.9,Low Risk,0,N/A
CUST-10816,Kinetic Direct Systems,Manufacturing,Professional,Month-to-Month,Bank Transfer,2025-07,5,443.21,2183.22,21,46,0,3,10,16.8,Low Risk,0,N/A
CUST-10817,Luminary Direct Systems,Technology,Professional,2-Year,Credit Card,2024-12,18,433.65,7984.48,19,79,0,1,7,1.5,Low Risk,0,N/A
CUST-10818,Meridian Direct Systems,Healthcare,Professional,2-Year,Bank Transfer,2026-06,2,544.54,1055.79,31,89,2,2,9,0.9,Low Risk,0,N/A
CUST-10819,Nova Direct Systems,E-Commerce,Professional,1-Year,Credit Card,2026-05,1,343.16,354.97,9,73,0,0,6,16.1,Low Risk,0,N/A
CUST-10820,Omni Direct Systems,Education,Starter,Month-to-Month,Bank Transfer,2024-03,5,118.19,586.33,1,80,3,8,9,6.6,Low Risk,0,N/A
CUST-10821,Pinnacle Direct Systems,Manufacturing,Starter,2-Year,Electronic Check,2025-07,10,127.17,1317.47,5,93,0,3,3,6.6,Low Risk,0,N/A
CUST-10822,Acro Direct Systems,E-Commerce,Professional,Month-to-Month,Credit Card,2024-05,24,513.72,11986.29,28,38,2,2,9,3.9,Low Risk,0,N/A
CUST-10823,Boreal Direct Systems,Technology,Professional,Month-to-Month,Bank Transfer,2024-06,17,406.09,6654.06,16,90,0,3,5,35.4,Medium Risk,0,N/A
CUST-10824,Cortex Direct Systems,Manufacturing,Enterprise,Month-to-Month,Bank Transfer,2024-11,6,2023.54,12073.77,150,33,0,14,9,38.9,Medium Risk,0,N/A
CUST-10825,Equinox Direct Systems,Financial Services,Professional,Month-to-Month,Bank Transfer,2024-10,9,461.5,4315.92,24,77,1,8,6,15.4,Low Risk,0,N/A
CUST-10826,Flux Direct Systems,Technology,Enterprise,Month-to-Month,Electronic Check,2026-01,2,1497.44,2921.84,91,18,1,0,9,33.2,Low Risk,0,N/A
CUST-10827,Galactic Direct Systems,E-Commerce,Enterprise,Month-to-Month,Electronic Check,2025-02,15,952.93,14773.29,26,81,0,1,9,4.3,Low Risk,0,N/A
CUST-10828,Helix Direct Systems,Technology,Professional,Month-to-Month,Bank Transfer,2024-09,22,416.76,9041.91,18,29,5,5,8,73.1,High Risk,1,Missing Core Feature
CUST-10829,Infini Direct Systems,Manufacturing,Starter,Month-to-Month,Credit Card,2025-11,6,170.57,1036.61,8,19,1,14,9,34.3,Low Risk,1,Low User Adoption
CUST-10830,Krypton Direct Systems,Education,Starter,1-Year,Electronic Check,2024-08,22,97.61,2110.07,1,40,0,0,9,1.9,Low Risk,0,N/A
CUST-10831,Matrix Direct Systems,Healthcare,Professional,2-Year,Credit Card,2024-01,14,339.28,4659.89,7,23,1,2,8,8.3,Low Risk,1,Executive Leadership Turnover
CUST-10832,Neutron Direct Systems,E-Commerce,Professional,Month-to-Month,Credit Card,2024-06,10,370.82,3737.23,12,44,3,2,7,18.2,Low Risk,0,N/A
CUST-10833,Optima Direct Systems,Manufacturing,Professional,2-Year,Electronic Check,2026-01,3,322.16,1001.76,8,68,5,1,8,18.2,Low Risk,1,Poor Onboarding Experience
CUST-10834,Prism Direct Systems,Education,Starter,1-Year,Credit Card,2026-02,4,164.67,679.22,7,91,1,0,6,3.6,Low Risk,0,N/A
CUST-10835,Radiant Direct Systems,E-Commerce,Starter,Month-to-Month,Credit Card,2025-03,14,140.66,1990.71,6,66,0,0,7,21.4,Low Risk,0,N/A
CUST-10836,Solaris Direct Systems,Technology,Starter,2-Year,Credit Card,2026-01,6,147.75,852.45,7,29,4,2,6,27.9,Low Risk,0,N/A
CUST-10837,Titan Direct Systems,Education,Starter,1-Year,Electronic Check,2026-01,5,143.16,735.16,7,23,2,1,7,21.4,Low Risk,1,Competitor Migration
CUST-10838,Zenith Direct Systems,E-Commerce,Enterprise,Month-to-Month,Credit Card,2025-02,7,1392.16,9435.24,78,85,2,14,2,31.0,Low Risk,1,Low User Adoption
CUST-10839,Strata Direct Systems,E-Commerce,Professional,Month-to-Month,Bank Transfer,2026-01,6,302.99,1803.51,6,46,0,3,9,16.8,Low Risk,0,N/A
CUST-10840,Synapse Direct Systems,Education,Enterprise,Month-to-Month,Credit Card,2025-12,4,1070.18,4310.92,41,17,0,5,8,62.2,Medium Risk,1,Executive Leadership Turnover
CUST-10841,Vortex Direct Systems,E-Commerce,Starter,1-Year,Credit Card,2025-12,1,195.58,195.13,10,53,0,0,6,16.1,Low Risk,0,N/A
CUST-10842,Vector Direct Systems,Financial Services,Professional,1-Year,Credit Card,2026-06,1,382.34,383.76,12,63,0,1,7,16.1,Low Risk,0,N/A
CUST-10843,Zenith Direct Systems,Technology,Professional,Month-to-Month,Bank Transfer,2024-12,16,476.13,7364.33,23,87,0,1,4,22.3,Low Risk,0,N/A
CUST-10844,Aegis Direct Systems,Manufacturing,Starter,Month-to-Month,Credit Card,2026-03,4,169.27,663.65,8,81,2,2,5,19.0,Low Risk,0,N/A
CUST-10845,Orion Direct Systems,Financial Services,Professional,Month-to-Month,Credit Card,2025-02,1,515.27,507.56,31,49,2,3,9,23.1,Low Risk,0,N/A
CUST-10846,Apex NextGen Systems,Education,Starter,Month-to-Month,Electronic Check,2025-12,1,173.31,176.75,8,28,1,0,4,76.0,High Risk,1,Low User Adoption
CUST-10847,Vanguard NextGen Systems,Healthcare,Starter,Month-to-Month,Bank Transfer,2026-02,5,98.87,491.8,2,77,0,5,7,18.2,Low Risk,1,Missing Core Feature
CUST-10848,Nexus NextGen Systems,Financial Services,Professional,Month-to-Month,Credit Card,2024-12,19,550.68,10841.26,33,98,0,0,8,5.2,Low Risk,0,N/A
CUST-10849,Quantum NextGen Systems,Financial Services,Professional,Month-to-Month,Bank Transfer,2025-12,6,373.52,2178.43,13,32,0,3,7,62.2,Medium Risk,1,Competitor Migration
CUST-10850,Hyperion NextGen Systems,Technology,Enterprise,Month-to-Month,Credit Card,2025-06,8,908.41,7301.67,21,57,0,2,8,21.4,Low Risk,1,Executive Leadership Turnover
CUST-10851,Aura NextGen Systems,Healthcare,Starter,Month-to-Month,Electronic Check,2026-04,4,121.48,488.3,1,89,2,1,9,3.6,Low Risk,0,N/A
CUST-10852,Catalyst NextGen Systems,Education,Professional,Month-to-Month,Bank Transfer,2024-06,9,326.74,2900.7,7,87,0,3,8,18.2,Low Risk,0,N/A
CUST-10853,Pulse NextGen Systems,Manufacturing,Professional,2-Year,Credit Card,2025-04,7,572.26,4042.65,35,36,0,0,5,7.9,Low Risk,0,N/A
CUST-10854,Vertex NextGen Systems,Healthcare,Starter,2-Year,Bank Transfer,2025-05,13,100.32,1277.11,1,71,1,1,6,2.8,Low Risk,0,N/A
CUST-10855,Starlight NextGen Systems,E-Commerce,Starter,Month-to-Month,Electronic Check,2024-11,17,164.72,2874.97,7,25,3,5,10,34.3,Low Risk,0,N/A
CUST-10856,Beacon NextGen Systems,Education,Starter,Month-to-Month,Credit Card,2025-10,2,159.62,328.32,7,86,3,2,4,29.9,Low Risk,0,N/A
CUST-10857,Cobalt NextGen Systems,Education,Starter,1-Year,Electronic Check,2024-07,13,147.48,1921.23,7,62,0,3,1,33.2,Low Risk,0,N/A
CUST-10858,Crest NextGen Systems,Technology,Professional,Month-to-Month,Bank Transfer,2026-06,1,377.29,392.25,15,92,0,2,8,17.5,Low Risk,0,N/A
CUST-10859,Elevation NextGen Systems,Education,Starter,1-Year,Electronic Check,2026-06,2,122.99,250.91,1,92,1,1,7,6.3,Low Risk,0,N/A
CUST-10860,Frontier NextGen Systems,Technology,Starter,1-Year,Credit Card,2024-06,5,110.45,532.91,1,25,1,5,2,56.2,Medium Risk,0,N/A
CUST-10861,Horizon NextGen Systems,Technology,Enterprise,Month-to-Month,Credit Card,2024-01,11,1526.92,16616.41,91,55,3,0,10,7.9,Low Risk,0,N/A
CUST-10862,Integra NextGen Systems,Technology,Enterprise,1-Year,Bank Transfer,2024-07,25,1779.07,43404.62,123,79,0,0,4,5.0,Low Risk,1,Low User Adoption
CUST-10863,Kinetic NextGen Systems,Manufacturing,Professional,1-Year,Bank Transfer,2024-09,18,485.14,9033.11,25,59,0,1,9,3.9,Low Risk,0,N/A
CUST-10864,Luminary NextGen Systems,Technology,Starter,Month-to-Month,Bank Transfer,2025-09,1,103.89,107.57,2,36,2,0,7,28.9,Low Risk,1,Executive Leadership Turnover
CUST-10865,Meridian NextGen Systems,Financial Services,Enterprise,1-Year,Bank Transfer,2025-01,10,1323.16,12991.1,68,37,0,2,7,9.5,Low Risk,0,N/A
CUST-10866,Nova NextGen Systems,Healthcare,Starter,Month-to-Month,Bank Transfer,2024-12,19,132.08,2576.12,5,61,0,2,7,11.4,Low Risk,0,N/A
CUST-10867,Omni NextGen Systems,Technology,Enterprise,1-Year,Electronic Check,2025-02,12,1727.45,20735.64,118,97,3,3,5,14.8,Low Risk,0,N/A
CUST-10868,Pinnacle NextGen Systems,Education,Professional,Month-to-Month,Bank Transfer,2024-09,2,323.96,641.3,7,29,1,2,7,56.2,Medium Risk,1,Budget Reallocation / Price
CUST-10869,Acro NextGen Systems,E-Commerce,Professional,1-Year,Credit Card,2026-04,1,528.18,519.99,33,35,1,1,8,13.6,Low Risk,1,Budget Reallocation / Price
CUST-10870,Boreal NextGen Systems,E-Commerce,Professional,1-Year,Credit Card,2025-07,12,493.76,5972.97,29,70,2,1,5,17.5,Low Risk,0,N/A
CUST-10871,Cortex NextGen Systems,E-Commerce,Professional,2-Year,Bank Transfer,2026-06,1,366.9,357.04,14,68,1,0,8,5.0,Low Risk,0,N/A
CUST-10872,Equinox NextGen Systems,Healthcare,Enterprise,1-Year,Bank Transfer,2025-10,6,1347.3,8057.1,70,21,5,1,9,31.0,Low Risk,0,N/A
CUST-10873,Flux NextGen Systems,Healthcare,Professional,2-Year,Bank Transfer,2024-03,6,472.66,2848.52,26,45,3,1,8,2.8,Low Risk,0,N/A
CUST-10874,Galactic NextGen Systems,Financial Services,Starter,Month-to-Month,Credit Card,2025-11,4,118.06,456.97,3,75,2,5,8,29.9,Low Risk,0,N/A
CUST-10875,Helix NextGen Systems,Healthcare,Starter,Month-to-Month,Bank Transfer,2025-10,7,120.0,845.81,3,91,1,0,7,8.7,Low Risk,0,N/A
CUST-10876,Infini NextGen Systems,Healthcare,Enterprise,Month-to-Month,Bank Transfer,2026-03,1,1298.37,1265.96,65,93,1,1,3,29.9,Low Risk,1,Poor Onboarding Experience
CUST-10877,Krypton NextGen Systems,Healthcare,Starter,1-Year,Credit Card,2024-10,10,109.39,1065.85,2,64,2,1,6,7.9,Low Risk,0,N/A
CUST-10878,Matrix NextGen Systems,E-Commerce,Professional,1-Year,Bank Transfer,2025-12,1,513.73,516.8,31,98,3,5,1,24.0,Low Risk,0,N/A
CUST-10879,Neutron NextGen Systems,E-Commerce,Professional,2-Year,Credit Card,2026-01,1,306.01,316.0,5,53,1,3,3,19.8,Low Risk,0,N/A
CUST-10880,Optima NextGen Systems,Manufacturing,Starter,1-Year,Electronic Check,2024-04,26,173.42,4382.81,8,37,6,1,7,14.8,Low Risk,0,N/A
CUST-10881,Prism NextGen Systems,Financial Services,Enterprise,1-Year,Credit Card,2025-03,14,1456.92,19662.71,86,21,1,0,9,9.5,Low Risk,0,N/A
CUST-10882,Radiant NextGen Systems,Manufacturing,Professional,1-Year,Credit Card,2024-01,18,371.9,6767.02,13,49,0,1,1,20.6,Low Risk,0,N/A
CUST-10883,Solaris NextGen Systems,Manufacturing,Starter,Month-to-Month,Bank Transfer,2025-06,2,107.59,218.43,1,31,2,2,7,56.2,Medium Risk,1,Poor Onboarding Experience
CUST-10884,Titan NextGen Systems,Healthcare,Enterprise,Month-to-Month,Bank Transfer,2025-08,12,1884.92,22325.49,137,96,3,0,7,8.7,Low Risk,0,N/A
CUST-10885,Zenith NextGen Systems,Education,Professional,Month-to-Month,Credit Card,2025-12,6,413.53,2579.42,18,25,3,1,3,63.4,Medium Risk,1,Budget Reallocation / Price
CUST-10886,Strata NextGen Systems,Manufacturing,Professional,1-Year,Bank Transfer,2025-07,8,546.28,4292.22,32,42,2,1,8,7.9,Low Risk,0,N/A
CUST-10887,Synapse NextGen Systems,Education,Starter,1-Year,Bank Transfer,2025-02,7,171.84,1230.81,7,17,2,2,6,21.4,Low Risk,0,N/A
CUST-10888,Vortex NextGen Systems,Education,Starter,1-Year,Bank Transfer,2025-08,5,122.37,606.42,4,92,3,2,8,3.6,Low Risk,0,N/A
CUST-10889,Vector NextGen Systems,Manufacturing,Starter,1-Year,Bank Transfer,2026-04,4,142.69,578.1,6,41,1,0,7,7.9,Low Risk,0,N/A
CUST-10890,Zenith NextGen Systems,Manufacturing,Enterprise,Month-to-Month,Bank Transfer,2025-05,6,1962.65,11855.92,144,53,0,1,8,21.4,Low Risk,1,Low User Adoption
CUST-10891,Aegis NextGen Systems,Manufacturing,Starter,1-Year,Credit Card,2024-10,18,154.54,2881.6,7,77,6,1,7,13.6,Low Risk,0,N/A
CUST-10892,Orion NextGen Systems,Technology,Starter,Month-to-Month,Bank Transfer,2026-04,2,121.9,239.49,4,66,1,1,5,50.0,Medium Risk,0,N/A
CUST-10893,Apex Adaptive Systems,Financial Services,Professional,2-Year,Credit Card,2024-11,17,498.47,8329.11,26,83,1,0,7,1.2,Low Risk,0,N/A
CUST-10894,Vanguard Adaptive Systems,E-Commerce,Starter,Month-to-Month,Electronic Check,2026-01,4,120.0,498.21,3,98,0,8,7,18.2,Low Risk,0,N/A
CUST-10895,Nexus Adaptive Systems,E-Commerce,Starter,Month-to-Month,Credit Card,2024-03,20,110.66,2225.47,1,88,2,14,6,7.9,Low Risk,0,N/A
CUST-10896,Quantum Adaptive Systems,E-Commerce,Professional,1-Year,Electronic Check,2025-09,7,556.96,3968.29,35,85,1,0,9,1.4,Low Risk,0,N/A
CUST-10897,Hyperion Adaptive Systems,Healthcare,Starter,Month-to-Month,Electronic Check,2024-07,19,125.8,2328.41,4,74,1,2,7,9.5,Low Risk,0,N/A
CUST-10898,Aura Adaptive Systems,E-Commerce,Professional,1-Year,Electronic Check,2026-06,1,342.63,340.06,8,46,1,21,1,78.6,High Risk,1,Executive Leadership Turnover
CUST-10899,Catalyst Adaptive Systems,Manufacturing,Enterprise,Month-to-Month,Bank Transfer,2025-11,2,1724.46,3511.29,118,92,1,1,1,29.9,Low Risk,0,N/A
CUST-10900,Pulse Adaptive Systems,Financial Services,Enterprise,1-Year,Credit Card,2025-09,8,986.72,7944.16,30,69,2,0,9,3.2,Low Risk,0,N/A
CUST-10901,Vertex Adaptive Systems,Technology,Professional,Month-to-Month,Electronic Check,2026-02,4,396.95,1614.36,16,41,0,1,8,21.4,Low Risk,0,N/A
CUST-10902,Starlight Adaptive Systems,Healthcare,Professional,Month-to-Month,Credit Card,2025-11,5,384.34,1848.82,15,87,0,0,4,22.3,Low Risk,0,N/A
CUST-10903,Beacon Adaptive Systems,Financial Services,Professional,2-Year,Bank Transfer,2025-09,5,486.19,2358.71,27,75,2,2,4,6.6,Low Risk,0,N/A
CUST-10904,Cobalt Adaptive Systems,Manufacturing,Starter,Month-to-Month,Electronic Check,2025-07,5,149.01,774.62,7,33,1,0,8,41.3,Medium Risk,0,N/A
CUST-10905,Crest Adaptive Systems,E-Commerce,Professional,Month-to-Month,Bank Transfer,2026-04,3,532.96,1596.58,33,81,1,5,7,25.0,Low Risk,1,Low User Adoption
CUST-10906,Elevation Adaptive Systems,E-Commerce,Enterprise,Month-to-Month,Bank Transfer,2024-07,8,937.91,7417.14,23,34,0,3,9,38.9,Medium Risk,0,N/A
CUST-10907,Frontier Adaptive Systems,E-Commerce,Professional,1-Year,Electronic Check,2026-02,5,490.72,2542.33,25,44,2,1,2,17.5,Low Risk,0,N/A
CUST-10908,Horizon Adaptive Systems,Manufacturing,Starter,1-Year,Credit Card,2024-03,26,190.66,4831.32,9,22,1,1,5,24.0,Low Risk,0,N/A
CUST-10909,Integra Adaptive Systems,Education,Enterprise,Month-to-Month,Bank Transfer,2025-08,5,1406.14,7259.14,78,85,0,3,8,18.2,Low Risk,0,N/A
CUST-10910,Kinetic Adaptive Systems,Healthcare,Professional,Month-to-Month,Credit Card,2025-04,15,304.77,4460.53,6,27,1,3,6,57.4,Medium Risk,0,N/A
CUST-10911,Luminary Adaptive Systems,Technology,Professional,Month-to-Month,Bank Transfer,2025-04,10,423.41,4214.67,20,87,0,1,9,4.3,Low Risk,0,N/A
CUST-10912,Meridian Adaptive Systems,Education,Starter,2-Year,Bank Transfer,2025-02,9,191.94,1747.54,10,78,1,1,7,1.2,Low Risk,0,N/A
CUST-10913,Nova Adaptive Systems,Financial Services,Enterprise,1-Year,Credit Card,2025-09,8,1436.44,11464.41,83,29,5,14,7,69.0,High Risk,1,Low User Adoption
CUST-10914,Omni Adaptive Systems,Healthcare,Starter,Month-to-Month,Electronic Check,2024-11,18,163.55,2901.51,7,38,0,0,5,40.1,Medium Risk,1,Budget Reallocation / Price
CUST-10915,Pinnacle Adaptive Systems,Manufacturing,Professional,1-Year,Credit Card,2024-05,11,478.0,5113.78,26,35,0,1,4,20.6,Low Risk,1,Executive Leadership Turnover
CUST-10916,Acro Adaptive Systems,Manufacturing,Enterprise,Month-to-Month,Electronic Check,2025-04,10,1817.29,18099.78,126,62,0,1,6,21.4,Low Risk,0,N/A
CUST-10917,Boreal Adaptive Systems,E-Commerce,Professional,1-Year,Credit Card,2025-02,12,507.6,5946.09,29,97,3,21,9,11.9,Low Risk,1,Executive Leadership Turnover
CUST-10918,Cortex Adaptive Systems,Education,Professional,Month-to-Month,Credit Card,2025-01,11,394.64,4464.81,14,86,1,0,5,19.0,Low Risk,0,N/A
CUST-10919,Equinox Adaptive Systems,Technology,Starter,Month-to-Month,Credit Card,2025-04,2,117.39,236.4,3,64,2,8,7,43.8,Medium Risk,1,Low User Adoption
CUST-10920,Flux Adaptive Systems,Technology,Starter,Month-to-Month,Electronic Check,2024-04,16,141.16,2317.16,6,32,3,0,10,21.4,Low Risk,0,N/A
CUST-10921,Galactic Adaptive Systems,Healthcare,Professional,Month-to-Month,Bank Transfer,2025-07,9,449.0,4160.85,23,48,1,5,8,29.9,Low Risk,1,Missing Core Feature
CUST-10922,Helix Adaptive Systems,Education,Professional,Month-to-Month,Credit Card,2025-12,2,407.5,799.29,15,38,0,0,7,33.2,Low Risk,1,Executive Leadership Turnover
CUST-10923,Infini Adaptive Systems,Manufacturing,Professional,1-Year,Credit Card,2026-02,4,293.91,1181.82,5,21,3,0,10,9.5,Low Risk,0,N/A
CUST-10924,Krypton Adaptive Systems,Technology,Enterprise,Month-to-Month,Credit Card,2025-09,2,1622.15,3334.18,103,24,1,21,9,82.5,High Risk,1,Low User Adoption
CUST-10925,Matrix Adaptive Systems,Technology,Professional,2-Year,Credit Card,2026-01,6,429.35,2504.42,19,70,3,1,9,1.1,Low Risk,0,N/A
CUST-10926,Neutron Adaptive Systems,Financial Services,Starter,Month-to-Month,Credit Card,2026-03,4,177.39,693.96,10,17,1,0,8,41.3,Medium Risk,1,Missing Core Feature
CUST-10927,Optima Adaptive Systems,E-Commerce,Starter,1-Year,Credit Card,2025-09,4,134.95,526.36,4,88,4,8,8,23.1,Low Risk,0,N/A
CUST-10928,Prism Adaptive Systems,Healthcare,Starter,Month-to-Month,Electronic Check,2024-02,25,109.53,2772.9,3,31,1,14,6,38.9,Medium Risk,1,Competitor Migration
CUST-10929,Radiant Adaptive Systems,Healthcare,Starter,Month-to-Month,Electronic Check,2026-01,3,174.69,518.83,7,18,0,8,7,75.0,High Risk,0,N/A
CUST-10930,Solaris Adaptive Systems,E-Commerce,Enterprise,Month-to-Month,Credit Card,2024-07,25,1352.81,34032.11,73,63,1,0,10,3.9,Low Risk,0,N/A
CUST-10931,Titan Adaptive Systems,Manufacturing,Starter,Month-to-Month,Credit Card,2025-12,3,118.71,356.38,4,68,0,30,9,64.6,Medium Risk,1,Budget Reallocation / Price
CUST-10932,Zenith Adaptive Systems,E-Commerce,Starter,Month-to-Month,Electronic Check,2024-12,12,168.12,2098.09,7,54,3,1,9,7.9,Low Risk,0,N/A
CUST-10933,Strata Adaptive Systems,Technology,Professional,Month-to-Month,Electronic Check,2024-09,21,515.14,10520.02,30,56,0,5,4,37.8,Medium Risk,1,Low User Adoption
CUST-10934,Synapse Adaptive Systems,Education,Professional,1-Year,Electronic Check,2025-10,5,299.64,1500.43,6,62,1,5,7,14.2,Low Risk,0,N/A
CUST-10935,Vortex Adaptive Systems,Healthcare,Professional,Month-to-Month,Electronic Check,2026-02,2,524.9,1030.08,30,18,1,1,8,56.2,Medium Risk,0,N/A
CUST-10936,Vector Adaptive Systems,Financial Services,Starter,2-Year,Bank Transfer,2026-04,2,100.61,195.72,1,67,0,1,8,6.0,Low Risk,0,N/A
CUST-10937,Zenith Adaptive Systems,Technology,Starter,2-Year,Bank Transfer,2025-04,15,117.72,1785.13,4,68,3,1,4,6.6,Low Risk,0,N/A
CUST-10938,Aegis Adaptive Systems,Financial Services,Professional,Month-to-Month,Credit Card,2024-12,20,558.6,11185.17,33,27,1,3,9,19.8,Low Risk,1,Competitor Migration
CUST-10939,Orion Adaptive Systems,Healthcare,Starter,1-Year,Bank Transfer,2025-08,2,123.51,256.39,2,46,0,0,8,16.1,Low Risk,0,N/A
CUST-10940,Apex Secure Systems,Education,Professional,2-Year,Credit Card,2024-05,11,445.2,4994.34,21,69,1,0,8,2.8,Low Risk,0,N/A
CUST-10941,Vanguard Secure Systems,E-Commerce,Professional,Month-to-Month,Bank Transfer,2024-02,27,508.43,13556.18,30,45,0,1,8,11.4,Low Risk,0,N/A
CUST-10942,Nexus Secure Systems,Education,Enterprise,Month-to-Month,Credit Card,2025-06,8,1780.32,13963.73,123,30,2,2,7,41.3,Medium Risk,1,Competitor Migration
CUST-10943,Quantum Secure Systems,E-Commerce,Professional,1-Year,Bank Transfer,2025-05,5,431.21,2086.12,19,23,2,1,1,40.1,Medium Risk,0,N/A
CUST-10944,Hyperion Secure Systems,E-Commerce,Enterprise,Month-to-Month,Electronic Check,2024-10,15,1163.27,17006.0,50,70,1,14,10,14.2,Low Risk,0,N/A
CUST-10945,Aura Secure Systems,Manufacturing,Starter,Month-to-Month,Credit Card,2025-05,10,141.66,1386.05,4,34,1,1,2,63.4,Medium Risk,1,Low User Adoption
CUST-10946,Catalyst Secure Systems,Manufacturing,Starter,Month-to-Month,Credit Card,2025-08,4,109.5,454.09,3,34,1,14,7,57.4,Medium Risk,1,Missing Core Feature
CUST-10947,Pulse Secure Systems,E-Commerce,Starter,2-Year,Credit Card,2024-05,24,191.02,4739.64,9,53,0,0,8,1.6,Low Risk,0,N/A
CUST-10948,Vertex Secure Systems,Manufacturing,Professional,Month-to-Month,Bank Transfer,2026-03,2,308.07,603.75,7,46,1,0,7,28.9,Low Risk,0,N/A
CUST-10949,Starlight Secure Systems,Financial Services,Starter,Month-to-Month,Credit Card,2025-07,11,127.92,1364.04,5,34,0,0,6,46.3,Medium Risk,1,Executive Leadership Turnover
CUST-10950,Beacon Secure Systems,Financial Services,Professional,Month-to-Month,Credit Card,2024-10,4,515.0,2127.65,29,84,2,1,3,19.0,Low Risk,0,N/A
CUST-10951,Cobalt Secure Systems,Financial Services,Enterprise,2-Year,Bank Transfer,2025-03,14,987.35,13591.9,30,89,0,3,9,1.1,Low Risk,0,N/A
CUST-10952,Crest Secure Systems,Manufacturing,Starter,2-Year,Bank Transfer,2026-04,4,199.09,810.63,10,70,1,2,9,1.1,Low Risk,0,N/A
CUST-10953,Elevation Secure Systems,Financial Services,Enterprise,1-Year,Bank Transfer,2024-12,3,2005.51,5984.65,150,16,0,5,5,74.1,High Risk,1,Low User Adoption
CUST-10954,Frontier Secure Systems,Financial Services,Starter,1-Year,Credit Card,2025-05,14,168.12,2278.09,8,63,0,0,9,3.9,Low Risk,0,N/A
CUST-10955,Horizon Secure Systems,Technology,Starter,1-Year,Electronic Check,2025-02,13,127.12,1655.57,4,20,0,3,9,19.8,Low Risk,0,N/A
CUST-10956,Integra Secure Systems,E-Commerce,Enterprise,Month-to-Month,Credit Card,2024-01,21,1847.42,39880.33,130,57,0,8,9,8.7,Low Risk,0,N/A
CUST-10957,Kinetic Secure Systems,Financial Services,Starter,2-Year,Bank Transfer,2026-02,1,143.83,140.49,6,56,1,45,6,33.2,Low Risk,0,N/A
CUST-10958,Luminary Secure Systems,Manufacturing,Professional,Month-to-Month,Electronic Check,2026-04,4,498.55,1950.74,28,26,0,2,8,46.3,Medium Risk,0,N/A
CUST-10959,Meridian Secure Systems,Financial Services,Starter,Month-to-Month,Credit Card,2024-06,25,119.88,2982.08,2,63,0,5,7,19.8,Low Risk,0,N/A
CUST-10960,Nova Secure Systems,Financial Services,Professional,Month-to-Month,Bank Transfer,2024-10,17,549.9,9494.61,35,97,1,3,7,15.4,Low Risk,0,N/A
CUST-10961,Omni Secure Systems,Healthcare,Starter,1-Year,Electronic Check,2024-05,23,197.51,4708.48,10,58,1,1,10,1.6,Low Risk,0,N/A
CUST-10962,Pinnacle Secure Systems,Financial Services,Professional,Month-to-Month,Electronic Check,2024-08,18,317.33,5932.77,7,34,2,0,7,41.3,Medium Risk,0,N/A
CUST-10963,Acro Secure Systems,Healthcare,Enterprise,Month-to-Month,Bank Transfer,2024-08,1,1863.68,1817.79,132,93,1,1,8,14.8,Low Risk,0,N/A
CUST-10964,Boreal Secure Systems,Healthcare,Enterprise,2-Year,Electronic Check,2025-12,3,1777.95,5520.29,122,61,3,0,7,5.0,Low Risk,0,N/A
CUST-10965,Cortex Secure Systems,Financial Services,Professional,Month-to-Month,Electronic Check,2025-11,4,339.53,1380.76,7,83,1,0,9,3.6,Low Risk,0,N/A
CUST-10966,Equinox Secure Systems,Manufacturing,Starter,Month-to-Month,Credit Card,2025-06,14,173.47,2428.02,10,43,1,2,2,35.4,Medium Risk,0,N/A
CUST-10967,Flux Secure Systems,E-Commerce,Starter,Month-to-Month,Credit Card,2026-05,2,106.77,209.71,3,76,3,0,8,14.8,Low Risk,1,Executive Leadership Turnover
CUST-10968,Galactic Secure Systems,Financial Services,Enterprise,Month-to-Month,Credit Card,2024-05,13,973.48,12384.48,27,42,2,1,8,18.2,Low Risk,0,N/A
CUST-10969,Helix Secure Systems,Manufacturing,Enterprise,2-Year,Credit Card,2026-04,1,1221.82,1179.89,56,93,0,3,8,5.0,Low Risk,0,N/A
CUST-10970,Infini Secure Systems,Technology,Professional,Month-to-Month,Electronic Check,2026-01,2,490.14,1015.27,28,38,0,8,8,48.8,Medium Risk,1,Missing Core Feature
CUST-10971,Krypton Secure Systems,Manufacturing,Professional,Month-to-Month,Credit Card,2024-05,11,481.06,5291.53,26,38,0,1,8,21.4,Low Risk,0,N/A
CUST-10972,Matrix Secure Systems,Healthcare,Starter,2-Year,Credit Card,2024-11,15,122.43,1771.68,4,27,1,0,8,8.3,Low Risk,0,N/A
CUST-10973,Neutron Secure Systems,Financial Services,Starter,Month-to-Month,Bank Transfer,2025-01,10,122.73,1196.71,1,18,3,2,7,41.3,Medium Risk,1,Competitor Migration
CUST-10974,Optima Secure Systems,Manufacturing,Professional,Month-to-Month,Electronic Check,2026-06,1,441.14,450.74,22,91,1,0,7,14.8,Low Risk,0,N/A
CUST-10975,Prism Secure Systems,Manufacturing,Starter,Month-to-Month,Credit Card,2026-02,1,149.56,154.35,8,54,4,0,8,63.4,Medium Risk,1,Competitor Migration
CUST-10976,Radiant Secure Systems,E-Commerce,Starter,2-Year,Electronic Check,2026-06,2,140.91,275.95,3,72,4,2,2,35.4,Medium Risk,1,Competitor Migration
CUST-10977,Solaris Secure Systems,E-Commerce,Starter,Month-to-Month,Electronic Check,2025-04,4,141.46,574.99,7,81,0,2,9,4.3,Low Risk,0,N/A
CUST-10978,Titan Secure Systems,Manufacturing,Starter,Month-to-Month,Bank Transfer,2026-01,2,179.51,358.77,9,52,4,1,7,63.4,Medium Risk,1,Missing Core Feature
CUST-10979,Zenith Secure Systems,Financial Services,Professional,Month-to-Month,Credit Card,2024-10,22,464.11,10281.87,24,22,1,0,10,11.4,Low Risk,0,N/A
CUST-10980,Strata Secure Systems,Manufacturing,Professional,Month-to-Month,Bank Transfer,2024-10,13,469.98,6077.38,25,39,1,1,9,7.9,Low Risk,0,N/A
CUST-10981,Synapse Secure Systems,Manufacturing,Professional,1-Year,Bank Transfer,2024-07,4,349.31,1396.71,10,73,4,8,8,41.3,Medium Risk,1,Competitor Migration
CUST-10982,Vortex Secure Systems,Manufacturing,Professional,Month-to-Month,Electronic Check,2024-04,10,290.58,3019.03,5,15,4,2,9,53.7,Medium Risk,1,Competitor Migration
CUST-10983,Vector Secure Systems,Healthcare,Starter,Month-to-Month,Bank Transfer,2025-10,5,141.57,732.78,7,69,2,3,9,14.2,Low Risk,0,N/A
CUST-10984,Zenith Secure Systems,Education,Professional,Month-to-Month,Electronic Check,2025-01,9,371.32,3313.93,13,39,3,1,8,18.2,Low Risk,0,N/A
CUST-10985,Aegis Secure Systems,Education,Professional,Month-to-Month,Credit Card,2024-04,6,346.2,2152.86,9,77,0,1,4,22.3,Low Risk,0,N/A
CUST-10986,Orion Secure Systems,Education,Enterprise,Month-to-Month,Electronic Check,2024-09,4,1757.47,6861.61,121,30,1,8,5,76.9,High Risk,1,Poor Onboarding Experience
CUST-10987,Apex Venture Systems,Manufacturing,Enterprise,Month-to-Month,Bank Transfer,2025-01,6,1925.76,11774.88,140,25,2,5,5,76.9,High Risk,1,Poor Onboarding Experience
CUST-10988,Vanguard Venture Systems,E-Commerce,Professional,Month-to-Month,Electronic Check,2026-01,2,320.7,628.61,6,55,0,0,4,55.0,Medium Risk,0,N/A
CUST-10989,Nexus Venture Systems,Healthcare,Starter,Month-to-Month,Credit Card,2024-10,17,146.05,2388.56,4,23,0,2,6,46.3,Medium Risk,0,N/A
CUST-10990,Quantum Venture Systems,E-Commerce,Starter,Month-to-Month,Bank Transfer,2025-06,6,135.56,791.88,4,22,0,0,7,46.3,Medium Risk,1,Executive Leadership Turnover
CUST-10991,Hyperion Venture Systems,Financial Services,Starter,1-Year,Bank Transfer,2024-01,19,137.55,2516.27,3,22,3,3,3,37.8,Medium Risk,1,Executive Leadership Turnover
CUST-10992,Aura Venture Systems,Manufacturing,Starter,1-Year,Bank Transfer,2025-08,7,181.3,1264.53,8,72,4,0,7,26.9,Low Risk,1,Executive Leadership Turnover
CUST-10993,Catalyst Venture Systems,Healthcare,Professional,Month-to-Month,Credit Card,2024-06,13,539.6,6815.01,33,47,3,1,1,35.4,Medium Risk,0,N/A
CUST-10994,Pulse Venture Systems,E-Commerce,Professional,Month-to-Month,Credit Card,2026-03,3,545.95,1630.5,33,41,4,1,7,63.4,Medium Risk,0,N/A
CUST-10995,Vertex Venture Systems,E-Commerce,Professional,Month-to-Month,Credit Card,2024-07,8,385.41,3153.36,15,42,2,2,10,7.9,Low Risk,0,N/A
CUST-10996,Starlight Venture Systems,Financial Services,Enterprise,Month-to-Month,Credit Card,2025-04,4,1786.12,7215.12,124,84,2,1,9,3.6,Low Risk,0,N/A
CUST-10997,Beacon Venture Systems,Technology,Starter,Month-to-Month,Credit Card,2025-05,7,150.81,1036.53,6,38,4,0,5,70.1,High Risk,1,Competitor Migration
CUST-10998,Cobalt Venture Systems,Education,Professional,Month-to-Month,Credit Card,2024-07,5,498.45,2489.6,29,67,0,0,8,21.4,Low Risk,0,N/A
CUST-10999,Crest Venture Systems,Manufacturing,Enterprise,1-Year,Bank Transfer,2024-01,30,989.17,30253.37,29,21,0,0,10,5.7,Low Risk,0,N/A
CUST-11000,Elevation Venture Systems,Healthcare,Starter,2-Year,Credit Card,2026-03,4,110.2,428.8,2,75,0,0,6,3.4,Low Risk,0,N/A
CUST-11001,Frontier Venture Systems,Healthcare,Starter,1-Year,Bank Transfer,2025-06,11,116.13,1237.92,2,75,2,0,9,3.2,Low Risk,0,N/A
CUST-11002,Horizon Venture Systems,Healthcare,Enterprise,Month-to-Month,Credit Card,2025-01,16,1119.45,17826.57,44,36,2,2,10,7.9,Low Risk,0,N/A
CUST-11003,Integra Venture Systems,Manufacturing,Starter,2-Year,Credit Card,2026-05,2,122.96,243.83,1,25,3,0,4,28.9,Low Risk,0,N/A
CUST-11004,Kinetic Venture Systems,Healthcare,Starter,Month-to-Month,Credit Card,2026-02,1,148.16,147.18,4,60,1,3,1,65.7,High Risk,0,N/A
CUST-11005,Luminary Venture Systems,Healthcare,Starter,Month-to-Month,Credit Card,2026-06,1,129.72,127.26,5,77,0,0,8,17.5,Low Risk,0,N/A
CUST-11006,Meridian Venture Systems,E-Commerce,Starter,1-Year,Credit Card,2024-03,11,149.25,1578.6,5,85,0,5,10,3.2,Low Risk,1,Low User Adoption
CUST-11007,Nova Venture Systems,E-Commerce,Starter,Month-to-Month,Credit Card,2025-11,7,161.8,1151.38,8,57,1,1,10,7.9,Low Risk,0,N/A
CUST-11008,Omni Venture Systems,Healthcare,Enterprise,Month-to-Month,Bank Transfer,2026-06,2,1469.33,2826.52,86,25,3,8,9,48.8,Medium Risk,0,N/A
CUST-11009,Pinnacle Venture Systems,Healthcare,Enterprise,Month-to-Month,Bank Transfer,2025-07,13,1127.0,15084.86,47,45,2,5,1,51.2,Medium Risk,1,Budget Reallocation / Price
CUST-11010,Acro Venture Systems,Manufacturing,Starter,2-Year,Credit Card,2026-04,3,187.41,581.42,10,28,1,0,4,28.9,Low Risk,0,N/A
CUST-11011,Boreal Venture Systems,Healthcare,Starter,1-Year,Bank Transfer,2024-02,23,97.63,2282.9,2,25,1,2,5,24.0,Low Risk,0,N/A
CUST-11012,Cortex Venture Systems,E-Commerce,Professional,1-Year,Credit Card,2026-04,1,347.92,358.45,10,71,0,0,4,32.1,Low Risk,1,Competitor Migration
CUST-11013,Equinox Venture Systems,Manufacturing,Enterprise,Month-to-Month,Bank Transfer,2024-11,8,1177.1,9522.72,51,35,1,5,6,29.9,Low Risk,0,N/A
CUST-11014,Flux Venture Systems,Healthcare,Professional,Month-to-Month,Bank Transfer,2026-05,3,522.07,1511.13,31,47,0,0,2,55.0,Medium Risk,1,Executive Leadership Turnover
CUST-11015,Galactic Venture Systems,E-Commerce,Starter,1-Year,Bank Transfer,2025-07,13,148.92,1971.14,8,61,2,2,10,3.2,Low Risk,0,N/A
CUST-11016,Helix Venture Systems,Financial Services,Professional,Month-to-Month,Bank Transfer,2025-04,11,512.88,5600.94,28,84,6,0,8,28.9,Low Risk,1,Budget Reallocation / Price
CUST-11017,Infini Venture Systems,E-Commerce,Starter,2-Year,Credit Card,2024-05,24,156.23,3896.43,7,64,1,0,4,3.2,Low Risk,0,N/A
CUST-11018,Krypton Venture Systems,Education,Starter,1-Year,Credit Card,2024-06,5,131.99,647.85,6,90,4,0,1,27.9,Low Risk,0,N/A
CUST-11019,Matrix Venture Systems,Healthcare,Starter,1-Year,Electronic Check,2024-09,8,145.54,1132.63,7,39,1,3,7,14.2,Low Risk,0,N/A
CUST-11020,Neutron Venture Systems,Education,Starter,Month-to-Month,Credit Card,2024-10,5,99.84,517.45,2,45,1,1,5,35.4,Medium Risk,0,N/A
CUST-11021,Optima Venture Systems,Education,Starter,Month-to-Month,Bank Transfer,2024-05,17,146.94,2591.99,5,51,0,1,8,21.4,Low Risk,1,Low User Adoption
CUST-11022,Prism Venture Systems,Technology,Starter,Month-to-Month,Bank Transfer,2024-08,11,146.1,1644.88,6,96,4,21,9,59.9,Medium Risk,1,Low User Adoption
CUST-11023,Radiant Venture Systems,Education,Starter,1-Year,Credit Card,2026-06,1,139.79,144.16,3,90,1,5,5,24.0,Low Risk,0,N/A
CUST-11024,Solaris Venture Systems,Financial Services,Professional,Month-to-Month,Bank Transfer,2025-05,8,327.95,2613.0,8,74,1,8,10,14.2,Low Risk,0,N/A
CUST-11025,Titan Venture Systems,Healthcare,Professional,Month-to-Month,Credit Card,2025-04,8,381.92,2968.86,13,43,1,1,9,7.9,Low Risk,0,N/A
CUST-11026,Zenith Venture Systems,Financial Services,Enterprise,1-Year,Credit Card,2026-03,2,1977.48,3962.4,144,91,1,0,2,14.2,Low Risk,0,N/A
CUST-11027,Strata Venture Systems,Manufacturing,Starter,1-Year,Bank Transfer,2024-09,7,154.8,1072.21,7,33,0,0,8,25.0,Low Risk,0,N/A
CUST-11028,Synapse Venture Systems,Healthcare,Professional,1-Year,Credit Card,2024-04,9,410.43,3641.51,17,73,0,3,7,16.8,Low Risk,1,Competitor Migration
CUST-11029,Vortex Venture Systems,Technology,Starter,Month-to-Month,Bank Transfer,2025-12,4,150.84,608.82,6,85,0,1,6,10.4,Low Risk,0,N/A
CUST-11030,Vector Venture Systems,Technology,Professional,1-Year,Electronic Check,2024-02,24,393.8,9783.98,15,31,1,8,4,37.8,Medium Risk,1,Competitor Migration
CUST-11031,Zenith Venture Systems,Healthcare,Starter,Month-to-Month,Credit Card,2026-01,1,165.53,168.11,6,78,1,0,7,14.8,Low Risk,0,N/A
CUST-11032,Aegis Venture Systems,Manufacturing,Enterprise,Month-to-Month,Electronic Check,2024-09,8,1355.2,11012.71,73,45,0,2,1,40.1,Medium Risk,0,N/A
CUST-11033,Orion Venture Systems,E-Commerce,Starter,2-Year,Electronic Check,2024-05,17,141.05,2396.36,4,55,0,3,8,6.3,Low Risk,1,Budget Reallocation / Price
CUST-11034,Apex Smart Systems,Education,Professional,Month-to-Month,Credit Card,2024-07,8,418.75,3352.45,18,89,1,1,3,19.0,Low Risk,0,N/A
CUST-11035,Vanguard Smart Systems,Healthcare,Starter,2-Year,Credit Card,2024-10,9,124.77,1101.04,3,86,1,1,9,0.5,Low Risk,0,N/A
CUST-11036,Nexus Smart Systems,Healthcare,Starter,1-Year,Credit Card,2025-03,17,136.74,2405.12,5,66,0,0,7,9.5,Low Risk,0,N/A
CUST-11037,Quantum Smart Systems,Healthcare,Starter,Month-to-Month,Credit Card,2024-07,19,191.25,3745.49,10,53,1,0,8,9.5,Low Risk,0,N/A
CUST-11038,Hyperion Smart Systems,Financial Services,Starter,Month-to-Month,Bank Transfer,2024-11,7,99.85,704.64,1,78,4,1,6,28.9,Low Risk,0,N/A
CUST-11039,Aura Smart Systems,Healthcare,Enterprise,Month-to-Month,Electronic Check,2026-04,2,1945.63,4002.45,142,24,1,8,9,48.8,Medium Risk,0,N/A
CUST-11040,Catalyst Smart Systems,Financial Services,Enterprise,1-Year,Electronic Check,2024-04,2,1559.08,3012.42,97,62,0,0,7,16.1,Low Risk,0,N/A
CUST-11041,Pulse Smart Systems,E-Commerce,Professional,2-Year,Bank Transfer,2024-09,15,392.47,6066.15,14,41,0,2,10,1.3,Low Risk,0,N/A
CUST-11042,Vertex Smart Systems,E-Commerce,Starter,Month-to-Month,Electronic Check,2025-07,12,100.51,1172.67,2,86,0,0,8,10.4,Low Risk,1,Executive Leadership Turnover
CUST-11043,Starlight Smart Systems,Technology,Starter,Month-to-Month,Electronic Check,2025-02,6,141.05,831.46,7,16,1,0,2,63.4,Medium Risk,0,N/A
CUST-11044,Beacon Smart Systems,Financial Services,Professional,Month-to-Month,Bank Transfer,2026-04,2,368.07,755.89,11,45,2,5,10,23.1,Low Risk,1,Low User Adoption
CUST-11045,Cobalt Smart Systems,E-Commerce,Professional,Month-to-Month,Electronic Check,2024-02,10,493.1,4881.01,27,61,0,1,9,9.5,Low Risk,0,N/A
CUST-11046,Crest Smart Systems,Financial Services,Professional,1-Year,Bank Transfer,2024-06,19,438.6,8448.51,22,66,1,30,9,13.0,Low Risk,0,N/A
CUST-11047,Elevation Smart Systems,E-Commerce,Professional,Month-to-Month,Credit Card,2026-05,1,412.11,401.04,18,57,4,2,7,63.4,Medium Risk,1,Executive Leadership Turnover
CUST-11048,Frontier Smart Systems,Technology,Starter,Month-to-Month,Electronic Check,2024-06,26,126.96,3190.51,3,88,0,5,5,20.6,Low Risk,0,N/A
CUST-11049,Horizon Smart Systems,E-Commerce,Enterprise,Month-to-Month,Credit Card,2024-09,18,1996.04,35427.12,148,36,2,2,9,7.9,Low Risk,0,N/A
CUST-11050,Integra Smart Systems,Financial Services,Professional,1-Year,Bank Transfer,2024-12,14,409.31,5846.47,17,28,0,2,4,45.0,Medium Risk,0,N/A
CUST-11051,Kinetic Smart Systems,Education,Starter,Month-to-Month,Electronic Check,2025-11,5,185.0,958.41,9,45,2,1,5,35.4,Medium Risk,0,N/A
CUST-11052,Luminary Smart Systems,Healthcare,Starter,Month-to-Month,Electronic Check,2025-10,2,99.35,190.92,1,23,0,14,7,75.0,High Risk,1,Poor Onboarding Experience
CUST-11053,Meridian Smart Systems,Manufacturing,Starter,Month-to-Month,Credit Card,2026-06,2,153.12,302.6,7,96,1,0,7,14.8,Low Risk,1,Budget Reallocation / Price
CUST-11054,Nova Smart Systems,Financial Services,Professional,1-Year,Credit Card,2025-02,12,546.42,6340.31,32,77,6,1,10,5.7,Low Risk,0,N/A
CUST-11055,Omni Smart Systems,Financial Services,Professional,1-Year,Credit Card,2024-04,15,314.59,4647.05,7,63,2,0,10,3.2,Low Risk,0,N/A
CUST-11056,Pinnacle Smart Systems,Education,Enterprise,Month-to-Month,Credit Card,2025-07,11,1377.98,15236.66,75,18,4,1,7,75.0,High Risk,1,Executive Leadership Turnover
CUST-11057,Acro Smart Systems,Manufacturing,Professional,Month-to-Month,Credit Card,2024-06,15,306.36,4664.08,6,52,3,0,8,18.2,Low Risk,0,N/A
CUST-11058,Boreal Smart Systems,Technology,Starter,Month-to-Month,Credit Card,2025-09,3,157.22,484.7,8,63,0,0,6,33.2,Low Risk,0,N/A
CUST-11059,Cortex Smart Systems,Healthcare,Professional,2-Year,Bank Transfer,2024-05,5,526.03,2529.27,30,92,1,1,7,1.2,Low Risk,0,N/A
CUST-11060,Equinox Smart Systems,Manufacturing,Enterprise,Month-to-Month,Credit Card,2024-09,14,1710.22,24258.56,114,86,2,0,3,19.0,Low Risk,0,N/A
CUST-11061,Flux Smart Systems,E-Commerce,Professional,2-Year,Bank Transfer,2024-01,6,544.01,3230.98,34,26,1,2,7,8.3,Low Risk,0,N/A
CUST-11062,Galactic Smart Systems,Financial Services,Professional,1-Year,Bank Transfer,2024-02,8,524.47,4199.18,30,40,0,0,8,9.5,Low Risk,1,Missing Core Feature
CUST-11063,Helix Smart Systems,Technology,Starter,Month-to-Month,Electronic Check,2024-05,11,143.5,1542.4,5,46,3,5,5,51.2,Medium Risk,1,Poor Onboarding Experience
CUST-11064,Infini Smart Systems,Healthcare,Starter,Month-to-Month,Credit Card,2026-04,2,187.05,381.68,9,23,1,30,3,96.8,High Risk,1,Executive Leadership Turnover
CUST-11065,Krypton Smart Systems,Education,Starter,Month-to-Month,Credit Card,2024-02,28,143.48,3982.34,4,56,2,0,8,9.5,Low Risk,0,N/A
CUST-11066,Matrix Smart Systems,Manufacturing,Enterprise,Month-to-Month,Credit Card,2026-02,5,1399.7,6879.6,77,67,1,3,4,51.2,Medium Risk,0,N/A
CUST-11067,Neutron Smart Systems,Technology,Professional,1-Year,Credit Card,2026-01,2,303.61,630.86,5,97,0,0,6,7.6,Low Risk,0,N/A
CUST-11068,Optima Smart Systems,Financial Services,Starter,2-Year,Electronic Check,2025-04,16,178.19,2892.59,9,64,2,5,8,5.2,Low Risk,0,N/A
CUST-11069,Prism Smart Systems,Manufacturing,Professional,Month-to-Month,Credit Card,2024-11,18,446.8,8283.51,23,81,1,0,8,8.7,Low Risk,0,N/A
CUST-11070,Radiant Smart Systems,Manufacturing,Professional,Month-to-Month,Bank Transfer,2024-07,12,406.44,4915.42,15,54,0,1,8,21.4,Low Risk,0,N/A
CUST-11071,Solaris Smart Systems,Education,Professional,1-Year,Electronic Check,2025-11,5,514.46,2633.63,29,39,2,1,8,7.9,Low Risk,0,N/A
CUST-11072,Titan Smart Systems,Manufacturing,Professional,2-Year,Credit Card,2024-07,20,339.86,6658.88,8,96,3,0,8,0.6,Low Risk,0,N/A
CUST-11073,Zenith Smart Systems,E-Commerce,Professional,Month-to-Month,Bank Transfer,2025-08,2,555.39,1072.26,34,47,0,1,8,33.2,Low Risk,0,N/A
CUST-11074,Strata Smart Systems,Financial Services,Enterprise,1-Year,Electronic Check,2025-05,10,1907.72,19222.6,136,68,0,0,7,9.5,Low Risk,0,N/A
CUST-11075,Synapse Smart Systems,E-Commerce,Professional,Month-to-Month,Credit Card,2026-02,1,378.18,391.06,15,20,3,0,8,56.2,Medium Risk,1,Missing Core Feature
CUST-11076,Vortex Smart Systems,Education,Professional,1-Year,Bank Transfer,2024-11,20,328.7,6706.39,6,50,0,0,5,10.9,Low Risk,0,N/A
CUST-11077,Vector Smart Systems,Manufacturing,Starter,1-Year,Bank Transfer,2024-08,6,119.81,732.69,4,64,0,2,10,3.9,Low Risk,0,N/A
CUST-11078,Zenith Smart Systems,Financial Services,Enterprise,1-Year,Bank Transfer,2025-03,6,1155.85,6899.14,51,37,4,0,1,47.5,Medium Risk,0,N/A
CUST-11079,Aegis Smart Systems,Manufacturing,Enterprise,Month-to-Month,Bank Transfer,2025-11,8,1865.47,14354.3,134,71,0,8,9,16.8,Low Risk,0,N/A
CUST-11080,Orion Smart Systems,Financial Services,Starter,2-Year,Bank Transfer,2024-01,16,163.78,2663.13,8,79,1,5,8,2.3,Low Risk,0,N/A
CUST-11081,Apex Data Technologies,Manufacturing,Enterprise,Month-to-Month,Bank Transfer,2024-12,13,1710.89,22187.68,116,50,0,0,5,40.1,Medium Risk,0,N/A
CUST-11082,Vanguard Data Technologies,Technology,Professional,1-Year,Credit Card,2026-02,1,450.54,448.57,23,64,1,1,1,27.9,Low Risk,0,N/A
CUST-11083,Nexus Data Technologies,E-Commerce,Starter,Month-to-Month,Electronic Check,2024-09,16,135.19,2216.71,5,35,0,5,8,34.3,Low Risk,0,N/A
CUST-11084,Quantum Data Technologies,Technology,Enterprise,Month-to-Month,Credit Card,2024-06,3,1681.18,5024.62,113,93,2,0,3,29.9,Low Risk,0,N/A
CUST-11085,Hyperion Data Technologies,Financial Services,Starter,2-Year,Bank Transfer,2024-10,6,149.75,918.85,7,81,0,5,8,2.8,Low Risk,0,N/A
CUST-11086,Aura Data Technologies,Education,Starter,Month-to-Month,Bank Transfer,2024-01,26,173.46,4612.12,9,40,1,0,9,3.9,Low Risk,0,N/A
CUST-11087,Catalyst Data Technologies,Manufacturing,Starter,Month-to-Month,Bank Transfer,2025-06,3,167.87,503.65,8,46,2,1,4,50.0,Medium Risk,1,Missing Core Feature
CUST-11088,Pulse Data Technologies,Technology,Starter,Month-to-Month,Bank Transfer,2026-04,3,107.69,328.59,3,88,2,1,7,14.8,Low Risk,0,N/A
CUST-11089,Vertex Data Technologies,Healthcare,Professional,2-Year,Bank Transfer,2024-10,15,494.48,7360.18,29,82,2,2,7,1.2,Low Risk,0,N/A
CUST-11090,Starlight Data Technologies,Manufacturing,Professional,Month-to-Month,Credit Card,2025-11,7,492.01,3528.06,25,47,1,1,7,18.2,Low Risk,0,N/A
CUST-11091,Beacon Data Technologies,Healthcare,Starter,Month-to-Month,Electronic Check,2025-01,13,160.97,2138.66,6,53,1,1,5,35.4,Medium Risk,1,Poor Onboarding Experience
CUST-11092,Cobalt Data Technologies,Healthcare,Professional,1-Year,Credit Card,2024-10,13,469.67,6056.49,23,46,0,8,9,7.2,Low Risk,0,N/A
CUST-11093,Crest Data Technologies,Education,Professional,Month-to-Month,Electronic Check,2024-08,5,534.16,2753.5,33,96,4,0,2,50.0,Medium Risk,1,Poor Onboarding Experience
CUST-11094,Elevation Data Technologies,E-Commerce,Starter,Month-to-Month,Credit Card,2026-06,2,135.42,263.17,5,23,1,0,10,33.2,Low Risk,1,Missing Core Feature
CUST-11095,Frontier Data Technologies,Education,Professional,Month-to-Month,Credit Card,2024-01,15,298.36,4428.13,6,66,0,2,6,21.4,Low Risk,0,N/A
CUST-11096,Horizon Data Technologies,Manufacturing,Professional,Month-to-Month,Credit Card,2024-02,22,542.34,12344.74,33,85,2,2,2,10.0,Low Risk,0,N/A
CUST-11097,Integra Data Technologies,E-Commerce,Starter,1-Year,Bank Transfer,2026-01,2,174.1,360.83,8,26,1,0,5,55.0,Medium Risk,1,Missing Core Feature
CUST-11098,Kinetic Data Technologies,Healthcare,Professional,1-Year,Bank Transfer,2025-06,10,354.62,3414.98,11,47,6,0,10,12.5,Low Risk,0,N/A
CUST-11099,Luminary Data Technologies,Education,Professional,2-Year,Bank Transfer,2025-10,8,313.67,2605.61,7,29,0,1,9,4.1,Low Risk,0,N/A
CUST-11100,Meridian Data Technologies,E-Commerce,Enterprise,Month-to-Month,Electronic Check,2025-12,3,1470.2,4442.28,86,95,2,1,8,14.8,Low Risk,0,N/A
CUST-11101,Nova Data Technologies,Education,Starter,Month-to-Month,Electronic Check,2025-02,16,192.74,3060.33,10,49,0,1,7,21.4,Low Risk,0,N/A
CUST-11102,Omni Data Technologies,Manufacturing,Starter,Month-to-Month,Bank Transfer,2026-02,2,126.73,250.68,5,46,1,0,3,50.0,Medium Risk,0,N/A
CUST-11103,Pinnacle Data Technologies,Education,Starter,Month-to-Month,Bank Transfer,2025-04,3,177.09,530.13,10,55,4,0,7,63.4,Medium Risk,1,Poor Onboarding Experience
CUST-11104,Acro Data Technologies,Technology,Starter,Month-to-Month,Electronic Check,2025-04,13,135.64,1806.28,6,90,0,1,5,22.3,Low Risk,0,N/A
CUST-11105,Boreal Data Technologies,Financial Services,Starter,2-Year,Bank Transfer,2024-03,26,152.27,4052.01,6,16,0,1,9,2.0,Low Risk,0,N/A
CUST-11106,Cortex Data Technologies,Education,Professional,Month-to-Month,Bank Transfer,2026-03,3,297.57,859.78,6,60,2,0,4,50.0,Medium Risk,1,Missing Core Feature
CUST-11107,Equinox Data Technologies,Manufacturing,Starter,1-Year,Bank Transfer,2024-06,13,110.5,1474.63,1,77,0,2,8,4.3,Low Risk,0,N/A
CUST-11108,Flux Data Technologies,Financial Services,Starter,Month-to-Month,Credit Card,2025-11,2,169.72,343.92,8,78,1,2,2,29.9,Low Risk,0,N/A
CUST-11109,Galactic Data Technologies,Education,Professional,Month-to-Month,Bank Transfer,2025-11,7,420.56,2903.08,19,68,3,0,10,7.9,Low Risk,0,N/A
CUST-11110,Helix Data Technologies,Healthcare,Professional,Month-to-Month,Credit Card,2024-04,5,481.43,2443.3,27,28,6,0,8,75.0,High Risk,1,Budget Reallocation / Price
CUST-11111,Infini Data Technologies,Manufacturing,Starter,Month-to-Month,Credit Card,2025-10,9,163.74,1457.65,8,90,0,3,9,7.9,Low Risk,0,N/A
CUST-11112,Krypton Data Technologies,E-Commerce,Starter,1-Year,Electronic Check,2025-01,6,99.21,592.86,2,78,1,21,9,11.9,Low Risk,0,N/A
CUST-11113,Matrix Data Technologies,Financial Services,Professional,Month-to-Month,Electronic Check,2025-07,12,490.78,5883.19,27,38,0,3,10,16.8,Low Risk,0,N/A
CUST-11114,Neutron Data Technologies,Financial Services,Starter,1-Year,Electronic Check,2026-06,1,114.4,117.15,3,38,1,3,8,23.1,Low Risk,0,N/A
CUST-11115,Optima Data Technologies,Financial Services,Starter,1-Year,Credit Card,2024-07,5,114.4,567.0,2,57,2,5,8,14.2,Low Risk,0,N/A
CUST-11116,Prism Data Technologies,Manufacturing,Enterprise,2-Year,Electronic Check,2025-03,10,1329.22,13427.29,70,83,6,1,6,5.0,Low Risk,1,Low User Adoption
CUST-11117,Radiant Data Technologies,Technology,Professional,Month-to-Month,Electronic Check,2025-07,4,541.6,2227.43,33,55,3,0,6,18.2,Low Risk,0,N/A
CUST-11118,Solaris Data Technologies,Healthcare,Professional,Month-to-Month,Credit Card,2024-02,8,450.89,3617.29,23,72,0,0,2,40.1,Medium Risk,1,Budget Reallocation / Price
CUST-11119,Titan Data Technologies,Manufacturing,Enterprise,2-Year,Credit Card,2025-09,5,940.56,4722.5,24,91,2,1,8,1.2,Low Risk,0,N/A
CUST-11120,Zenith Data Technologies,Technology,Enterprise,Month-to-Month,Credit Card,2024-07,1,1750.13,1810.49,119,69,0,2,10,16.1,Low Risk,1,Competitor Migration
CUST-11121,Strata Data Technologies,Education,Starter,Month-to-Month,Electronic Check,2024-07,24,146.51,3570.12,5,35,1,3,6,16.8,Low Risk,0,N/A
CUST-11122,Synapse Data Technologies,Education,Starter,2-Year,Bank Transfer,2024-08,3,136.56,408.54,3,49,5,0,7,18.2,Low Risk,1,Low User Adoption
CUST-11123,Vortex Data Technologies,Technology,Professional,Month-to-Month,Credit Card,2024-12,6,460.24,2828.68,24,64,3,1,5,35.4,Medium Risk,1,Low User Adoption
CUST-11124,Vector Data Technologies,Technology,Enterprise,Month-to-Month,Electronic Check,2025-06,4,1242.6,5086.77,61,76,6,3,6,43.8,Medium Risk,1,Poor Onboarding Experience
CUST-11125,Zenith Data Technologies,E-Commerce,Starter,Month-to-Month,Bank Transfer,2025-08,11,184.16,1981.48,9,76,2,3,2,31.0,Low Risk,0,N/A
CUST-11126,Aegis Data Technologies,Education,Enterprise,Month-to-Month,Bank Transfer,2024-12,7,1979.51,14337.58,146,20,0,0,8,46.3,Medium Risk,1,Executive Leadership Turnover
CUST-11127,Orion Data Technologies,Education,Starter,2-Year,Bank Transfer,2026-03,1,122.94,123.47,1,91,1,3,8,4.1,Low Risk,0,N/A
CUST-11128,Apex Cloud Technologies,Manufacturing,Professional,1-Year,Credit Card,2025-09,6,378.19,2188.34,15,46,0,5,6,16.8,Low Risk,0,N/A
CUST-11129,Vanguard Cloud Technologies,Financial Services,Professional,1-Year,Electronic Check,2024-09,11,347.36,3759.77,9,67,6,21,7,77.7,High Risk,1,Executive Leadership Turnover
CUST-11130,Nexus Cloud Technologies,Technology,Starter,1-Year,Electronic Check,2026-06,1,134.47,131.06,5,61,0,21,9,41.3,Medium Risk,1,Missing Core Feature
CUST-11131,Quantum Cloud Technologies,Healthcare,Professional,Month-to-Month,Electronic Check,2025-06,13,314.1,4204.26,7,84,4,0,8,28.9,Low Risk,0,N/A
CUST-11132,Hyperion Cloud Technologies,Manufacturing,Starter,Month-to-Month,Credit Card,2026-06,1,180.03,174.8,9,54,4,1,8,63.4,Medium Risk,1,Missing Core Feature
CUST-11133,Aura Cloud Technologies,Technology,Enterprise,Month-to-Month,Credit Card,2024-12,13,901.24,11479.53,21,84,0,0,10,4.3,Low Risk,0,N/A
CUST-11134,Catalyst Cloud Technologies,Financial Services,Starter,Month-to-Month,Electronic Check,2025-04,7,190.02,1382.24,10,31,0,14,9,38.9,Medium Risk,0,N/A
CUST-11135,Pulse Cloud Technologies,Technology,Professional,1-Year,Credit Card,2024-07,16,536.57,8808.35,33,85,0,1,8,4.3,Low Risk,0,N/A
CUST-11136,Vertex Cloud Technologies,Financial Services,Starter,Month-to-Month,Credit Card,2024-09,8,174.08,1392.38,7,93,3,0,7,8.7,Low Risk,0,N/A
CUST-11137,Starlight Cloud Technologies,Technology,Professional,1-Year,Credit Card,2026-03,5,366.14,1866.56,11,30,5,0,8,53.7,Medium Risk,1,Competitor Migration
CUST-11138,Beacon Cloud Technologies,Education,Starter,Month-to-Month,Electronic Check,2025-07,1,144.65,142.81,7,98,0,0,8,17.5,Low Risk,0,N/A
CUST-11139,Cobalt Cloud Technologies,E-Commerce,Starter,Month-to-Month,Credit Card,2025-10,9,127.91,1137.67,2,50,1,0,8,18.2,Low Risk,0,N/A
CUST-11140,Crest Cloud Technologies,Education,Enterprise,2-Year,Credit Card,2024-09,1,1433.15,1428.42,82,70,1,0,9,2.0,Low Risk,0,N/A
CUST-11141,Elevation Cloud Technologies,Financial Services,Starter,Month-to-Month,Bank Transfer,2025-02,1,128.35,129.83,2,75,2,1,8,28.9,Low Risk,0,N/A
CUST-11142,Frontier Cloud Technologies,E-Commerce,Starter,2-Year,Bank Transfer,2025-04,8,152.38,1191.62,5,71,4,0,5,23.1,Low Risk,0,N/A
CUST-11143,Horizon Cloud Technologies,Manufacturing,Professional,Month-to-Month,Credit Card,2024-09,4,540.56,2086.64,34,49,3,1,6,18.2,Low Risk,0,N/A
CUST-11144,Integra Cloud Technologies,Technology,Starter,Month-to-Month,Electronic Check,2026-06,1,131.82,134.66,5,95,1,1,4,29.9,Low Risk,1,Executive Leadership Turnover
CUST-11145,Kinetic Cloud Technologies,E-Commerce,Professional,Month-to-Month,Credit Card,2025-12,7,305.84,2169.97,5,69,0,5,8,34.3,Low Risk,0,N/A
CUST-11146,Luminary Cloud Technologies,Manufacturing,Professional,Month-to-Month,Bank Transfer,2024-08,11,385.86,4242.13,16,20,3,1,8,41.3,Medium Risk,0,N/A
CUST-11147,Meridian Cloud Technologies,E-Commerce,Enterprise,Month-to-Month,Electronic Check,2024-08,14,947.14,13779.51,24,20,0,1,10,25.0,Low Risk,1,Executive Leadership Turnover
CUST-11148,Nova Cloud Technologies,Manufacturing,Professional,Month-to-Month,Credit Card,2024-02,9,330.73,3069.39,9,16,4,1,10,53.7,Medium Risk,0,N/A
CUST-11149,Omni Cloud Technologies,Healthcare,Starter,Month-to-Month,Bank Transfer,2025-08,9,135.91,1238.58,4,95,4,0,7,28.9,Low Risk,1,Competitor Migration
CUST-11150,Pinnacle Cloud Technologies,Education,Professional,1-Year,Bank Transfer,2025-02,11,564.97,6178.43,34,27,0,2,10,11.4,Low Risk,0,N/A
CUST-11151,Acro Cloud Technologies,Financial Services,Enterprise,Month-to-Month,Credit Card,2025-09,10,1885.97,18173.51,135,17,2,0,9,21.4,Low Risk,0,N/A
CUST-11152,Boreal Cloud Technologies,Healthcare,Starter,Month-to-Month,Bank Transfer,2025-03,8,121.42,981.24,4,94,0,0,9,4.3,Low Risk,0,N/A
CUST-11153,Cortex Cloud Technologies,Financial Services,Enterprise,Month-to-Month,Electronic Check,2025-04,13,1829.39,23630.54,130,15,0,0,4,67.9,High Risk,0,N/A
CUST-11154,Equinox Cloud Technologies,Technology,Professional,Month-to-Month,Credit Card,2025-11,3,342.56,1060.64,11,49,2,3,9,23.1,Low Risk,0,N/A
CUST-11155,Flux Cloud Technologies,Manufacturing,Enterprise,Month-to-Month,Electronic Check,2025-06,11,1634.02,17895.24,104,87,0,1,4,22.3,Low Risk,0,N/A
CUST-11156,Galactic Cloud Technologies,Financial Services,Starter,1-Year,Electronic Check,2024-07,13,146.92,1851.19,4,52,1,1,10,3.2,Low Risk,0,N/A
CUST-11157,Helix Cloud Technologies,Education,Starter,1-Year,Electronic Check,2024-04,18,97.04,1684.23,1,76,1,2,8,3.6,Low Risk,0,N/A
CUST-11158,Infini Cloud Technologies,Healthcare,Professional,Month-to-Month,Bank Transfer,2026-04,1,376.46,371.4,12,45,1,0,7,28.9,Low Risk,1,Budget Reallocation / Price
CUST-11159,Krypton Cloud Technologies,Healthcare,Enterprise,2-Year,Bank Transfer,2026-02,2,997.47,2016.3,31,96,0,0,7,2.7,Low Risk,0,N/A
CUST-11160,Matrix Cloud Technologies,Technology,Professional,1-Year,Electronic Check,2024-11,1,390.13,401.46,15,19,2,3,9,26.9,Low Risk,0,N/A
CUST-11161,Neutron Cloud Technologies,Education,Starter,1-Year,Credit Card,2024-03,3,137.27,416.67,6,39,1,5,7,23.1,Low Risk,0,N/A
CUST-11162,Optima Cloud Technologies,Technology,Professional,Month-to-Month,Bank Transfer,2024-12,11,518.4,5593.28,28,63,2,3,7,29.9,Low Risk,1,Budget Reallocation / Price
CUST-11163,Prism Cloud Technologies,Technology,Professional,1-Year,Credit Card,2025-04,3,344.01,1016.68,9,34,0,3,7,53.7,Medium Risk,0,N/A
CUST-11164,Radiant Cloud Technologies,E-Commerce,Starter,Month-to-Month,Bank Transfer,2025-10,5,156.36,767.73,7,46,1,2,3,35.4,Medium Risk,0,N/A
CUST-11165,Solaris Cloud Technologies,Healthcare,Professional,Month-to-Month,Credit Card,2025-05,4,446.3,1767.39,23,56,1,0,6,18.2,Low Risk,1,Low User Adoption
CUST-11166,Titan Cloud Technologies,Technology,Professional,Month-to-Month,Bank Transfer,2025-02,15,319.38,4964.36,6,94,1,45,9,25.9,Low Risk,0,N/A
CUST-11167,Zenith Cloud Technologies,Manufacturing,Starter,1-Year,Electronic Check,2026-04,4,99.62,382.7,2,47,3,0,8,7.9,Low Risk,0,N/A
CUST-11168,Strata Cloud Technologies,Education,Professional,Month-to-Month,Electronic Check,2025-04,8,573.99,4555.08,35,81,0,3,5,35.4,Medium Risk,0,N/A
CUST-11169,Synapse Cloud Technologies,Healthcare,Starter,Month-to-Month,Credit Card,2025-12,2,102.45,199.3,2,81,1,2,8,14.8,Low Risk,0,N/A
CUST-11170,Vortex Cloud Technologies,Healthcare,Enterprise,1-Year,Credit Card,2024-07,4,1182.39,4650.72,53,54,5,0,7,26.9,Low Risk,1,Poor Onboarding Experience
CUST-11171,Vector Cloud Technologies,Education,Starter,Month-to-Month,Bank Transfer,2026-04,1,164.61,167.02,6,38,1,0,8,28.9,Low Risk,0,N/A
CUST-11172,Zenith Cloud Technologies,Financial Services,Starter,Month-to-Month,Bank Transfer,2026-02,3,112.4,324.32,1,52,1,14,7,43.8,Medium Risk,0,N/A
CUST-11173,Aegis Cloud Technologies,Healthcare,Professional,1-Year,Credit Card,2026-03,3,390.95,1189.15,16,57,2,0,8,13.6,Low Risk,0,N/A
CUST-11174,Orion Cloud Technologies,Financial Services,Starter,Month-to-Month,Bank Transfer,2024-07,7,123.76,840.13,1,60,0,1,8,21.4,Low Risk,0,N/A
CUST-11175,Apex Digital Technologies,Education,Starter,Month-to-Month,Credit Card,2025-03,17,134.21,2226.56,3,74,2,3,8,29.9,Low Risk,0,N/A
CUST-11176,Vanguard Digital Technologies,Manufacturing,Starter,Month-to-Month,Credit Card,2024-08,2,131.74,265.84,4,67,3,3,10,23.1,Low Risk,0,N/A
CUST-11177,Nexus Digital Technologies,Manufacturing,Professional,Month-to-Month,Credit Card,2025-05,14,555.46,7595.22,35,67,2,3,7,29.9,Low Risk,1,Competitor Migration
CUST-11178,Quantum Digital Technologies,Technology,Enterprise,Month-to-Month,Credit Card,2025-06,3,969.01,2938.85,27,91,1,0,8,14.8,Low Risk,0,N/A
CUST-11179,Hyperion Digital Technologies,E-Commerce,Starter,1-Year,Electronic Check,2026-06,2,151.81,299.87,5,15,3,2,7,33.2,Low Risk,0,N/A
CUST-11180,Aura Digital Technologies,Technology,Starter,Month-to-Month,Credit Card,2026-01,5,167.98,829.35,10,51,0,0,5,40.1,Medium Risk,0,N/A
CUST-11181,Catalyst Digital Technologies,Technology,Professional,Month-to-Month,Electronic Check,2024-06,7,527.89,3647.25,29,92,1,0,5,19.0,Low Risk,0,N/A
CUST-11182,Pulse Digital Technologies,Technology,Starter,2-Year,Bank Transfer,2025-05,9,113.34,998.65,1,67,4,0,7,10.9,Low Risk,1,Budget Reallocation / Price
CUST-11183,Vertex Digital Technologies,E-Commerce,Professional,Month-to-Month,Credit Card,2024-04,24,571.68,14131.74,35,31,1,5,10,19.8,Low Risk,0,N/A
CUST-11184,Starlight Digital Technologies,Technology,Professional,Month-to-Month,Credit Card,2026-03,1,352.65,341.36,11,64,0,1,6,33.2,Low Risk,0,N/A
CUST-11185,Beacon Digital Technologies,Healthcare,Professional,Month-to-Month,Electronic Check,2025-05,9,388.41,3569.25,13,38,1,0,8,18.2,Low Risk,0,N/A
CUST-11186,Cobalt Digital Technologies,Education,Enterprise,1-Year,Bank Transfer,2024-02,4,1373.94,5618.97,73,45,0,2,9,3.9,Low Risk,0,N/A
CUST-11187,Crest Digital Technologies,Financial Services,Starter,2-Year,Credit Card,2025-05,3,178.7,516.95,8,67,0,0,7,6.0,Low Risk,0,N/A
CUST-11188,Elevation Digital Technologies,Education,Starter,Month-to-Month,Credit Card,2025-07,10,110.2,1145.37,1,23,3,0,5,63.4,Medium Risk,1,Poor Onboarding Experience
CUST-11189,Frontier Digital Technologies,Manufacturing,Enterprise,1-Year,Credit Card,2025-09,7,1790.97,12589.64,123,94,1,1,9,1.4,Low Risk,0,N/A
CUST-11190,Horizon Digital Technologies,Manufacturing,Professional,1-Year,Electronic Check,2025-03,3,510.04,1585.44,28,81,0,1,7,7.6,Low Risk,0,N/A
CUST-11191,Integra Digital Technologies,Healthcare,Starter,Month-to-Month,Credit Card,2024-10,19,169.1,3112.23,10,94,2,5,10,3.2,Low Risk,0,N/A
CUST-11192,Kinetic Digital Technologies,Healthcare,Starter,Month-to-Month,Credit Card,2024-02,14,133.17,1857.99,3,94,2,45,7,47.5,Medium Risk,1,Missing Core Feature
CUST-11193,Luminary Digital Technologies,E-Commerce,Enterprise,Month-to-Month,Bank Transfer,2025-06,12,970.97,11522.82,27,44,1,0,8,18.2,Low Risk,0,N/A
CUST-11194,Meridian Digital Technologies,Healthcare,Enterprise,1-Year,Bank Transfer,2026-03,3,1209.5,3745.26,55,15,3,21,9,64.6,Medium Risk,1,Competitor Migration
CUST-11195,Nova Digital Technologies,Manufacturing,Professional,1-Year,Credit Card,2025-01,12,375.05,4458.27,15,84,2,1,6,3.6,Low Risk,0,N/A
CUST-11196,Omni Digital Technologies,E-Commerce,Starter,Month-to-Month,Credit Card,2026-02,4,129.82,511.54,2,27,2,2,4,63.4,Medium Risk,1,Low User Adoption
CUST-11197,Pinnacle Digital Technologies,Financial Services,Enterprise,Month-to-Month,Bank Transfer,2025-06,3,1152.82,3568.85,50,45,1,3,9,23.1,Low Risk,0,N/A
CUST-11198,Acro Digital Technologies,Technology,Enterprise,Month-to-Month,Bank Transfer,2026-04,4,1262.74,5052.54,62,91,1,8,2,31.0,Low Risk,1,Poor Onboarding Experience
CUST-11199,Boreal Digital Technologies,Technology,Starter,Month-to-Month,Electronic Check,2026-04,1,143.0,140.63,4,21,4,1,2,93.1,High Risk,1,Missing Core Feature
CUST-11200,Cortex Digital Technologies,Manufacturing,Starter,Month-to-Month,Bank Transfer,2025-09,9,133.4,1157.41,6,40,3,14,8,29.9,Low Risk,0,N/A
CUST-11201,Equinox Digital Technologies,Financial Services,Starter,2-Year,Credit Card,2025-08,5,132.45,657.12,5,65,0,3,7,6.3,Low Risk,0,N/A
CUST-11202,Flux Digital Technologies,E-Commerce,Professional,Month-to-Month,Credit Card,2025-12,7,455.3,3309.99,24,77,2,5,10,6.6,Low Risk,0,N/A
CUST-11203,Galactic Digital Technologies,Manufacturing,Professional,1-Year,Bank Transfer,2026-06,2,452.84,938.59,24,23,5,0,7,67.9,High Risk,1,Competitor Migration
CUST-11204,Helix Digital Technologies,Financial Services,Starter,2-Year,Credit Card,2025-03,3,113.09,328.46,3,74,0,5,9,4.5,Low Risk,0,N/A
CUST-11205,Infini Digital Technologies,Manufacturing,Starter,1-Year,Bank Transfer,2025-05,11,143.94,1535.37,7,55,0,1,8,9.5,Low Risk,0,N/A
CUST-11206,Krypton Digital Technologies,Healthcare,Professional,Month-to-Month,Bank Transfer,2024-02,24,550.38,13219.97,33,36,3,1,4,20.6,Low Risk,0,N/A
CUST-11207,Matrix Digital Technologies,Technology,Professional,Month-to-Month,Bank Transfer,2024-09,4,400.32,1638.55,14,65,1,0,4,35.4,Medium Risk,0,N/A
CUST-11208,Neutron Digital Technologies,Education,Professional,Month-to-Month,Bank Transfer,2024-03,29,542.03,15333.3,34,77,3,2,9,1.7,Low Risk,0,N/A
CUST-11209,Optima Digital Technologies,Manufacturing,Enterprise,Month-to-Month,Credit Card,2025-04,15,1804.51,26511.2,127,44,2,5,5,51.2,Medium Risk,0,N/A
CUST-11210,Prism Digital Technologies,Technology,Enterprise,2-Year,Credit Card,2024-11,8,1290.52,10397.35,65,88,2,14,1,5.5,Low Risk,0,N/A
CUST-11211,Radiant Digital Technologies,Education,Professional,2-Year,Credit Card,2025-11,1,414.83,425.04,17,66,3,1,9,2.0,Low Risk,0,N/A
CUST-11212,Solaris Digital Technologies,Technology,Starter,Month-to-Month,Credit Card,2024-06,6,102.16,621.73,1,43,1,1,4,35.4,Medium Risk,0,N/A
CUST-11213,Titan Digital Technologies,Education,Starter,Month-to-Month,Bank Transfer,2024-09,13,150.37,1888.0,6,87,0,0,8,10.4,Low Risk,0,N/A
CUST-11214,Zenith Digital Technologies,Manufacturing,Starter,Month-to-Month,Credit Card,2024-02,18,179.43,3240.56,10,90,1,2,5,19.0,Low Risk,0,N/A
CUST-11215,Strata Digital Technologies,Manufacturing,Enterprise,2-Year,Electronic Check,2026-02,1,1233.44,1255.07,60,92,2,0,9,0.9,Low Risk,0,N/A
CUST-11216,Synapse Digital Technologies,Education,Professional,1-Year,Bank Transfer,2025-08,6,458.92,2742.92,21,93,1,2,8,3.6,Low Risk,0,N/A
CUST-11217,Vortex Digital Technologies,Manufacturing,Professional,2-Year,Credit Card,2025-03,3,572.36,1714.0,35,60,4,0,8,18.2,Low Risk,0,N/A
CUST-11218,Vector Digital Technologies,Manufacturing,Professional,2-Year,Credit Card,2025-01,3,474.04,1425.78,26,93,0,2,10,1.0,Low Risk,0,N/A
CUST-11219,Zenith Digital Technologies,E-Commerce,Professional,2-Year,Credit Card,2025-11,3,540.33,1658.67,32,31,0,2,7,16.8,Low Risk,0,N/A
CUST-11220,Aegis Digital Technologies,Manufacturing,Starter,1-Year,Credit Card,2026-02,2,157.02,310.53,9,62,0,0,1,32.1,Low Risk,0,N/A
CUST-11221,Orion Digital Technologies,E-Commerce,Starter,Month-to-Month,Bank Transfer,2025-10,2,177.12,350.68,10,36,0,1,9,16.1,Low Risk,0,N/A
CUST-11222,Apex Bio Technologies,Financial Services,Starter,1-Year,Bank Transfer,2024-12,20,170.76,3480.6,9,52,0,0,10,1.9,Low Risk,0,N/A
CUST-11223,Vanguard Bio Technologies,Financial Services,Professional,2-Year,Bank Transfer,2026-05,3,540.32,1598.64,31,28,0,0,3,33.2,Low Risk,0,N/A
CUST-11224,Nexus Bio Technologies,Manufacturing,Professional,Month-to-Month,Electronic Check,2024-11,13,519.13,6598.75,28,36,5,0,10,26.9,Low Risk,1,Executive Leadership Turnover
CUST-11225,Quantum Bio Technologies,Manufacturing,Professional,Month-to-Month,Electronic Check,2025-05,2,480.45,962.36,26,86,2,1,1,29.9,Low Risk,0,N/A
CUST-11226,Hyperion Bio Technologies,E-Commerce,Enterprise,Month-to-Month,Credit Card,2025-10,5,1595.05,8226.55,103,48,0,0,8,21.4,Low Risk,1,Executive Leadership Turnover
CUST-11227,Aura Bio Technologies,Manufacturing,Starter,1-Year,Bank Transfer,2024-07,17,129.49,2150.29,2,57,1,0,2,17.5,Low Risk,0,N/A
CUST-11228,Catalyst Bio Technologies,Financial Services,Starter,Month-to-Month,Bank Transfer,2024-04,7,138.88,999.06,5,37,1,8,9,14.2,Low Risk,0,N/A
CUST-11229,Pulse Bio Technologies,Manufacturing,Starter,Month-to-Month,Bank Transfer,2025-08,5,155.66,796.51,7,34,2,2,3,63.4,Medium Risk,0,N/A
CUST-11230,Vertex Bio Technologies,Technology,Professional,1-Year,Electronic Check,2024-04,23,347.48,8156.85,10,90,1,2,8,1.7,Low Risk,0,N/A
CUST-11231,Starlight Bio Technologies,Technology,Starter,Month-to-Month,Credit Card,2026-01,3,114.23,351.17,3,66,0,0,6,33.2,Low Risk,0,N/A
CUST-11232,Beacon Bio Technologies,E-Commerce,Professional,1-Year,Credit Card,2026-02,4,555.36,2192.63,35,83,1,0,4,8.3,Low Risk,0,N/A
CUST-11233,Cobalt Bio Technologies,Financial Services,Enterprise,Month-to-Month,Credit Card,2024-12,11,1511.45,16118.74,91,93,0,1,6,10.4,Low Risk,0,N/A
CUST-11234,Crest Bio Technologies,Technology,Enterprise,Month-to-Month,Electronic Check,2024-01,29,1849.99,55273.83,129,20,0,5,7,43.8,Medium Risk,1,Executive Leadership Turnover
CUST-11235,Elevation Bio Technologies,Technology,Enterprise,1-Year,Electronic Check,2024-04,26,1191.99,29835.85,53,56,3,0,1,9.1,Low Risk,0,N/A
CUST-11236,Frontier Bio Technologies,Healthcare,Professional,Month-to-Month,Bank Transfer,2024-10,10,418.94,4186.26,18,81,1,1,8,8.7,Low Risk,0,N/A
CUST-11237,Horizon Bio Technologies,E-Commerce,Enterprise,2-Year,Credit Card,2025-12,3,1379.81,4299.97,76,97,1,3,4,9.5,Low Risk,0,N/A
CUST-11238,Integra Bio Technologies,Education,Starter,2-Year,Bank Transfer,2024-07,6,141.58,824.08,6,84,3,0,4,2.9,Low Risk,0,N/A
CUST-11239,Kinetic Bio Technologies,Manufacturing,Starter,1-Year,Bank Transfer,2025-12,1,110.94,110.61,1,26,1,1,7,33.2,Low Risk,1,Low User Adoption
CUST-11240,Luminary Bio Technologies,Technology,Professional,Month-to-Month,Bank Transfer,2025-03,6,509.51,3023.6,29,38,3,1,6,18.2,Low Risk,0,N/A
CUST-11241,Meridian Bio Technologies,Education,Starter,2-Year,Electronic Check,2024-11,5,119.26,590.69,3,94,0,5,9,1.1,Low Risk,0,N/A
CUST-11242,Nova Bio Technologies,Education,Professional,Month-to-Month,Electronic Check,2025-11,8,488.08,3994.36,28,30,1,0,7,41.3,Medium Risk,1,Poor Onboarding Experience
CUST-11243,Omni Bio Technologies,Education,Starter,2-Year,Electronic Check,2026-06,1,188.44,184.13,10,56,0,0,10,2.4,Low Risk,0,N/A
CUST-11244,Pinnacle Bio Technologies,E-Commerce,Enterprise,1-Year,Credit Card,2025-07,2,1127.15,2222.76,45,96,0,2,4,16.8,Low Risk,0,N/A
CUST-11245,Acro Bio Technologies,Financial Services,Professional,2-Year,Credit Card,2024-11,18,376.13,6902.31,12,54,0,0,8,3.4,Low Risk,0,N/A
CUST-11246,Boreal Bio Technologies,E-Commerce,Starter,2-Year,Credit Card,2024-09,9,150.14,1316.72,7,88,3,3,8,2.3,Low Risk,0,N/A
CUST-11247,Cortex Bio Technologies,E-Commerce,Professional,Month-to-Month,Bank Transfer,2024-06,15,548.62,8400.3,32,23,0,1,8,46.3,Medium Risk,0,N/A
CUST-11248,Equinox Bio Technologies,E-Commerce,Professional,2-Year,Bank Transfer,2025-07,9,357.16,3111.21,11,81,0,0,9,0.6,Low Risk,0,N/A
CUST-11249,Flux Bio Technologies,Financial Services,Starter,Month-to-Month,Electronic Check,2024-09,18,108.18,1948.16,1,77,1,14,9,6.6,Low Risk,0,N/A
CUST-11250,Galactic Bio Technologies,Manufacturing,Professional,1-Year,Credit Card,2024-12,17,474.87,7880.33,26,60,0,2,7,9.5,Low Risk,1,Missing Core Feature
CUST-11251,Helix Bio Technologies,Financial Services,Enterprise,1-Year,Electronic Check,2026-04,3,1431.29,4421.66,80,29,1,1,9,16.1,Low Risk,0,N/A
CUST-11252,Infini Bio Technologies,Manufacturing,Enterprise,Month-to-Month,Credit Card,2026-01,6,1085.3,6395.73,43,90,2,2,3,19.0,Low Risk,0,N/A
CUST-11253,Krypton Bio Technologies,Education,Professional,Month-to-Month,Bank Transfer,2025-02,16,318.92,4957.88,6,25,0,2,3,67.9,High Risk,0,N/A
CUST-11254,Matrix Bio Technologies,Technology,Professional,Month-to-Month,Bank Transfer,2025-10,8,489.81,3995.6,28,67,1,2,2,35.4,Medium Risk,0,N/A
CUST-11255,Neutron Bio Technologies,Technology,Starter,Month-to-Month,Bank Transfer,2024-04,20,154.09,3145.89,7,19,1,3,8,38.9,Medium Risk,0,N/A
CUST-11256,Optima Bio Technologies,Healthcare,Starter,Month-to-Month,Bank Transfer,2024-07,14,191.64,2763.85,10,63,0,1,8,21.4,Low Risk,0,N/A
CUST-11257,Prism Bio Technologies,Financial Services,Professional,1-Year,Bank Transfer,2024-03,10,319.74,3289.45,8,17,2,2,8,21.4,Low Risk,1,Budget Reallocation / Price
CUST-11258,Radiant Bio Technologies,Manufacturing,Professional,Month-to-Month,Bank Transfer,2026-03,5,328.25,1685.85,9,39,2,1,10,7.9,Low Risk,0,N/A
CUST-11259,Solaris Bio Technologies,Technology,Enterprise,Month-to-Month,Credit Card,2025-08,6,917.19,5383.77,20,31,2,2,9,21.4,Low Risk,0,N/A
CUST-11260,Titan Bio Technologies,E-Commerce,Starter,2-Year,Credit Card,2025-06,6,129.68,802.24,5,64,0,8,5,14.2,Low Risk,1,Missing Core Feature
CUST-11261,Zenith Bio Technologies,Healthcare,Starter,Month-to-Month,Credit Card,2024-06,16,181.06,2883.78,8,44,1,0,4,35.4,Medium Risk,0,N/A
CUST-11262,Strata Bio Technologies,Education,Enterprise,1-Year,Credit Card,2024-05,5,1838.92,9527.75,130,51,1,14,3,28.9,Low Risk,0,N/A
CUST-11263,Synapse Bio Technologies,Healthcare,Enterprise,1-Year,Bank Transfer,2024-08,2,905.26,1819.85,21,30,0,1,9,19.0,Low Risk,0,N/A
CUST-11264,Vortex Bio Technologies,Education,Professional,Month-to-Month,Bank Transfer,2025-03,12,430.76,5310.37,18,62,0,5,10,16.8,Low Risk,0,N/A
CUST-11265,Vector Bio Technologies,Healthcare,Enterprise,Month-to-Month,Bank Transfer,2024-02,25,1449.16,37076.85,84,30,2,1,2,45.0,Medium Risk,1,Executive Leadership Turnover
CUST-11266,Zenith Bio Technologies,Manufacturing,Starter,1-Year,Bank Transfer,2024-06,14,162.45,2249.96,8,81,0,0,3,10.0,Low Risk,0,N/A
CUST-11267,Aegis Bio Technologies,Technology,Starter,Month-to-Month,Bank Transfer,2024-02,15,119.4,1821.46,1,25,0,0,7,46.3,Medium Risk,1,Poor Onboarding Experience
CUST-11268,Orion Bio Technologies,Financial Services,Starter,Month-to-Month,Electronic Check,2024-09,16,117.45,1888.99,1,53,0,1,3,40.1,Medium Risk,1,Missing Core Feature
CUST-11269,Apex Cyber Technologies,Healthcare,Starter,Month-to-Month,Credit Card,2025-08,5,180.67,925.29,9,78,0,0,1,22.3,Low Risk,1,Executive Leadership Turnover
CUST-11270,Vanguard Cyber Technologies,Healthcare,Professional,2-Year,Credit Card,2024-09,14,360.29,4939.36,10,65,1,0,6,2.8,Low Risk,0,N/A
CUST-11271,Nexus Cyber Technologies,Healthcare,Professional,Month-to-Month,Bank Transfer,2025-02,14,417.16,5978.12,20,27,0,1,8,46.3,Medium Risk,0,N/A
CUST-11272,Quantum Cyber Technologies,Technology,Professional,Month-to-Month,Bank Transfer,2024-01,24,439.83,10826.61,20,98,0,0,9,2.1,Low Risk,0,N/A
CUST-11273,Hyperion Cyber Technologies,Manufacturing,Professional,1-Year,Credit Card,2024-11,8,543.26,4185.41,32,23,0,0,5,45.0,Medium Risk,0,N/A
CUST-11274,Aura Cyber Technologies,Manufacturing,Starter,2-Year,Credit Card,2025-08,9,194.26,1774.24,10,78,1,2,5,2.9,Low Risk,0,N/A
CUST-11275,Catalyst Cyber Technologies,E-Commerce,Starter,Month-to-Month,Electronic Check,2024-04,5,183.25,897.8,9,42,1,14,7,29.9,Low Risk,0,N/A
CUST-11276,Pulse Cyber Technologies,Healthcare,Professional,1-Year,Electronic Check,2025-10,10,405.91,4158.8,18,91,0,2,3,10.0,Low Risk,0,N/A
CUST-11277,Vertex Cyber Technologies,Technology,Professional,2-Year,Electronic Check,2025-10,3,544.74,1679.23,34,18,0,0,7,16.8,Low Risk,0,N/A
CUST-11278,Starlight Cyber Technologies,Technology,Starter,1-Year,Credit Card,2025-09,5,118.44,572.48,1,27,3,8,8,34.3,Low Risk,0,N/A
CUST-11279,Beacon Cyber Technologies,Financial Services,Professional,Month-to-Month,Credit Card,2026-01,5,514.53,2620.18,29,72,4,8,3,81.8,High Risk,1,Missing Core Feature
CUST-11280,Cobalt Cyber Technologies,Manufacturing,Professional,2-Year,Credit Card,2026-03,1,475.76,473.91,23,84,4,8,6,15.4,Low Risk,1,Missing Core Feature
CUST-11281,Crest Cyber Technologies,Financial Services,Professional,1-Year,Credit Card,2025-05,6,516.95,2989.25,28,71,4,1,2,47.5,Medium Risk,1,Low User Adoption
CUST-11282,Elevation Cyber Technologies,E-Commerce,Starter,Month-to-Month,Bank Transfer,2025-07,2,126.51,253.24,2,53,1,0,8,28.9,Low Risk,1,Competitor Migration
CUST-11283,Frontier Cyber Technologies,E-Commerce,Professional,Month-to-Month,Credit Card,2025-06,9,451.46,4202.98,23,34,1,3,8,57.4,Medium Risk,0,N/A
CUST-11284,Horizon Cyber Technologies,E-Commerce,Professional,1-Year,Bank Transfer,2024-04,9,306.85,2793.09,6,26,2,1,6,21.4,Low Risk,1,Low User Adoption
CUST-11285,Integra Cyber Technologies,Healthcare,Professional,1-Year,Credit Card,2024-11,13,498.78,6566.43,26,60,0,14,8,16.8,Low Risk,0,N/A
CUST-11286,Kinetic Cyber Technologies,Education,Starter,2-Year,Electronic Check,2025-11,5,145.4,722.89,5,93,1,1,8,1.2,Low Risk,0,N/A
CUST-11287,Luminary Cyber Technologies,Financial Services,Professional,Month-to-Month,Bank Transfer,2024-11,4,370.81,1521.87,14,64,0,30,6,72.1,High Risk,0,N/A
CUST-11288,Meridian Cyber Technologies,E-Commerce,Starter,Month-to-Month,Credit Card,2026-02,2,161.38,332.58,9,49,1,1,7,28.9,Low Risk,0,N/A
CUST-11289,Nova Cyber Technologies,Healthcare,Enterprise,2-Year,Credit Card,2025-03,3,1764.28,5329.47,121,69,0,5,3,23.1,Low Risk,1,Missing Core Feature
CUST-11290,Omni Cyber Technologies,Education,Starter,Month-to-Month,Electronic Check,2024-07,23,187.9,4266.98,10,67,0,0,8,11.4,Low Risk,0,N/A
CUST-11291,Pinnacle Cyber Technologies,Healthcare,Starter,Month-to-Month,Credit Card,2026-01,6,134.24,805.16,5,17,4,1,10,53.7,Medium Risk,0,N/A
CUST-11292,Acro Cyber Technologies,Financial Services,Starter,1-Year,Electronic Check,2025-11,5,112.51,561.84,2,50,0,2,7,9.5,Low Risk,1,Executive Leadership Turnover
CUST-11293,Boreal Cyber Technologies,Education,Starter,Month-to-Month,Credit Card,2026-01,5,161.44,804.73,9,95,0,1,9,4.3,Low Risk,1,Poor Onboarding Experience
CUST-11294,Cortex Cyber Technologies,Manufacturing,Starter,Month-to-Month,Credit Card,2024-04,26,125.79,3387.54,5,43,3,2,9,3.9,Low Risk,0,N/A
CUST-11295,Equinox Cyber Technologies,Manufacturing,Professional,1-Year,Bank Transfer,2025-07,7,486.34,3455.77,26,94,1,1,7,3.6,Low Risk,0,N/A
CUST-11296,Flux Cyber Technologies,Technology,Starter,Month-to-Month,Credit Card,2024-04,4,174.64,714.27,10,93,0,2,5,22.3,Low Risk,0,N/A
CUST-11297,Galactic Cyber Technologies,Financial Services,Starter,Month-to-Month,Bank Transfer,2025-04,3,171.12,524.5,7,69,2,0,9,13.6,Low Risk,0,N/A
CUST-11298,Helix Cyber Technologies,E-Commerce,Starter,2-Year,Credit Card,2024-04,17,140.2,2297.44,6,89,0,1,2,3.6,Low Risk,0,N/A
CUST-11299,Infini Cyber Technologies,Manufacturing,Professional,Month-to-Month,Credit Card,2025-07,5,452.54,2221.79,23,37,0,8,10,16.8,Low Risk,0,N/A
CUST-11300,Krypton Cyber Technologies,Education,Enterprise,Month-to-Month,Bank Transfer,2025-02,9,1847.6,16447.73,131,35,0,3,6,34.3,Low Risk,0,N/A
CUST-11301,Matrix Cyber Technologies,E-Commerce,Starter,1-Year,Bank Transfer,2024-11,8,108.99,855.05,1,39,2,5,1,28.9,Low Risk,1,Budget Reallocation / Price
CUST-11302,Neutron Cyber Technologies,E-Commerce,Enterprise,Month-to-Month,Credit Card,2025-11,5,1199.4,5761.51,53,21,0,2,8,46.3,Medium Risk,1,Missing Core Feature
CUST-11303,Optima Cyber Technologies,Education,Professional,Month-to-Month,Bank Transfer,2026-01,4,525.04,2144.48,32,69,5,1,8,48.8,Medium Risk,1,Competitor Migration
CUST-11304,Prism Cyber Technologies,Manufacturing,Starter,Month-to-Month,Credit Card,2024-04,3,92.63,280.99,1,62,4,5,9,56.2,Medium Risk,1,Low User Adoption
CUST-11305,Radiant Cyber Technologies,Technology,Starter,Month-to-Month,Credit Card,2025-01,16,157.53,2539.74,9,78,6,0,9,13.6,Low Risk,0,N/A
CUST-11306,Solaris Cyber Technologies,Financial Services,Professional,2-Year,Bank Transfer,2024-05,23,532.9,11910.84,30,67,2,5,8,2.5,Low Risk,0,N/A
CUST-11307,Titan Cyber Technologies,Technology,Enterprise,Month-to-Month,Credit Card,2026-05,2,1006.64,2053.96,33,58,0,1,8,33.2,Low Risk,0,N/A
CUST-11308,Zenith Cyber Technologies,Technology,Professional,1-Year,Credit Card,2024-09,17,416.58,7083.82,16,37,0,0,8,9.5,Low Risk,0,N/A
CUST-11309,Strata Cyber Technologies,Financial Services,Starter,1-Year,Credit Card,2024-10,21,124.65,2690.0,5,62,0,1,8,4.7,Low Risk,0,N/A
CUST-11310,Synapse Cyber Technologies,Technology,Starter,1-Year,Credit Card,2026-01,5,119.9,610.7,4,93,2,3,7,6.6,Low Risk,0,N/A
CUST-11311,Vortex Cyber Technologies,Technology,Professional,1-Year,Bank Transfer,2024-10,21,554.07,11945.07,33,97,2,0,4,4.1,Low Risk,0,N/A
CUST-11312,Vector Cyber Technologies,Manufacturing,Starter,2-Year,Credit Card,2024-01,21,134.69,2771.23,3,84,0,5,8,1.3,Low Risk,0,N/A
CUST-11313,Zenith Cyber Technologies,Technology,Starter,1-Year,Credit Card,2024-08,11,115.66,1307.66,4,84,1,0,8,3.6,Low Risk,0,N/A
CUST-11314,Aegis Cyber Technologies,Financial Services,Starter,1-Year,Credit Card,2025-04,10,115.51,1132.4,2,80,4,5,6,23.1,Low Risk,1,Budget Reallocation / Price
CUST-11315,Orion Cyber Technologies,Education,Enterprise,Month-to-Month,Credit Card,2026-03,5,1459.17,7461.77,86,61,2,1,8,18.2,Low Risk,0,N/A
CUST-11316,Apex Logic Technologies,Technology,Starter,1-Year,Bank Transfer,2025-03,17,139.93,2391.73,6,80,2,5,8,6.6,Low Risk,0,N/A
CUST-11317,Vanguard Logic Technologies,E-Commerce,Enterprise,1-Year,Credit Card,2024-10,11,1251.47,13710.46,59,76,1,0,7,3.6,Low Risk,0,N/A
CUST-11318,Nexus Logic Technologies,Healthcare,Starter,Month-to-Month,Credit Card,2025-08,9,115.78,1054.42,4,63,2,0,4,35.4,Medium Risk,1,Low User Adoption
CUST-11319,Quantum Logic Technologies,Manufacturing,Professional,1-Year,Bank Transfer,2024-04,21,433.24,9146.5,21,85,1,1,9,0.7,Low Risk,0,N/A
CUST-11320,Hyperion Logic Technologies,Healthcare,Professional,1-Year,Credit Card,2024-07,6,457.35,2637.91,21,33,0,5,1,61.1,Medium Risk,1,Missing Core Feature
CUST-11321,Aura Logic Technologies,Education,Professional,Month-to-Month,Electronic Check,2025-05,14,423.19,6026.5,19,95,1,5,9,6.6,Low Risk,0,N/A
CUST-11322,Catalyst Logic Technologies,Technology,Starter,Month-to-Month,Credit Card,2024-03,10,126.12,1276.32,2,22,4,0,8,75.0,High Risk,0,N/A
CUST-11323,Pulse Logic Technologies,Education,Enterprise,1-Year,Bank Transfer,2026-02,5,2020.43,9953.76,150,97,0,1,7,4.3,Low Risk,0,N/A
CUST-11324,Vertex Logic Technologies,Education,Professional,1-Year,Electronic Check,2025-03,13,297.63,3944.16,6,38,0,5,6,16.8,Low Risk,0,N/A
CUST-11325,Starlight Logic Technologies,E-Commerce,Professional,2-Year,Bank Transfer,2025-02,13,317.6,4086.18,7,69,0,0,9,1.3,Low Risk,0,N/A
CUST-11326,Beacon Logic Technologies,Technology,Professional,2-Year,Bank Transfer,2024-10,1,505.43,509.13,27,72,1,0,8,5.0,Low Risk,0,N/A
CUST-11327,Cobalt Logic Technologies,Manufacturing,Professional,Month-to-Month,Credit Card,2024-07,14,446.53,6285.16,21,68,1,0,4,35.4,Medium Risk,0,N/A
CUST-11328,Crest Logic Technologies,Manufacturing,Professional,1-Year,Credit Card,2025-06,7,412.24,2999.95,17,86,1,8,8,6.6,Low Risk,0,N/A
CUST-11329,Elevation Logic Technologies,Education,Professional,Month-to-Month,Credit Card,2025-07,7,523.0,3521.41,30,38,1,5,8,29.9,Low Risk,0,N/A
CUST-11330,Frontier Logic Technologies,Manufacturing,Starter,Month-to-Month,Electronic Check,2026-01,3,122.01,356.86,1,73,3,2,8,28.9,Low Risk,0,N/A
CUST-11331,Horizon Logic Technologies,Technology,Starter,Month-to-Month,Electronic Check,2026-05,3,116.87,345.4,2,62,4,14,9,56.2,Medium Risk,1,Low User Adoption
CUST-11332,Integra Logic Technologies,Technology,Professional,Month-to-Month,Credit Card,2025-04,10,418.18,4293.8,19,64,1,3,3,51.2,Medium Risk,0,N/A
CUST-11333,Kinetic Logic Technologies,Manufacturing,Starter,1-Year,Electronic Check,2025-02,9,118.8,1032.8,2,37,0,2,7,9.5,Low Risk,0,N/A
CUST-11334,Luminary Logic Technologies,Technology,Enterprise,Month-to-Month,Electronic Check,2024-04,27,1483.74,39480.77,87,85,0,0,7,5.2,Low Risk,0,N/A
CUST-11335,Meridian Logic Technologies,Manufacturing,Starter,1-Year,Credit Card,2026-03,1,170.45,176.25,10,88,0,3,2,27.9,Low Risk,0,N/A
CUST-11336,Nova Logic Technologies,Financial Services,Professional,Month-to-Month,Electronic Check,2024-09,16,545.85,9002.93,35,37,1,8,8,29.9,Low Risk,0,N/A
CUST-11337,Omni Logic Technologies,Financial Services,Starter,1-Year,Electronic Check,2025-05,3,114.49,331.72,2,35,2,3,5,42.6,Medium Risk,1,Poor Onboarding Experience
CUST-11338,Pinnacle Logic Technologies,Manufacturing,Enterprise,Month-to-Month,Credit Card,2025-06,11,1696.72,19177.31,115,22,0,2,10,25.0,Low Risk,0,N/A
CUST-11339,Acro Logic Technologies,Technology,Enterprise,Month-to-Month,Credit Card,2024-02,24,1087.02,25329.13,42,61,0,5,9,8.7,Low Risk,1,Low User Adoption
CUST-11340,Boreal Logic Technologies,Technology,Starter,1-Year,Credit Card,2024-01,31,125.84,3902.34,2,76,0,3,10,1.6,Low Risk,0,N/A
CUST-11341,Cortex Logic Technologies,Financial Services,Professional,Month-to-Month,Credit Card,2026-02,5,398.47,1978.34,15,81,1,2,8,8.7,Low Risk,0,N/A
CUST-11342,Equinox Logic Technologies,Healthcare,Professional,1-Year,Credit Card,2025-12,1,390.48,400.0,13,94,2,1,4,14.2,Low Risk,0,N/A
CUST-11343,Flux Logic Technologies,Manufacturing,Starter,Month-to-Month,Bank Transfer,2026-01,5,98.74,482.38,2,93,1,2,2,19.0,Low Risk,0,N/A
CUST-11344,Galactic Logic Technologies,Education,Starter,2-Year,Bank Transfer,2026-04,2,141.34,272.25,5,68,1,1,6,5.0,Low Risk,0,N/A
CUST-11345,Helix Logic Technologies,E-Commerce,Professional,2-Year,Electronic Check,2026-05,2,461.18,902.28,23,84,1,1,10,0.9,Low Risk,0,N/A
CUST-11346,Infini Logic Technologies,Education,Enterprise,Month-to-Month,Bank Transfer,2024-11,2,1549.21,3128.13,96,72,3,8,8,43.8,Medium Risk,1,Poor Onboarding Experience
CUST-11347,Krypton Logic Technologies,Financial Services,Starter,1-Year,Credit Card,2024-01,20,145.58,2910.06,7,19,1,1,9,4.7,Low Risk,0,N/A
CUST-11348,Matrix Logic Technologies,Education,Starter,1-Year,Electronic Check,2024-04,3,112.31,341.96,1,27,1,1,7,33.2,Low Risk,0,N/A
CUST-11349,Neutron Logic Technologies,Healthcare,Starter,Month-to-Month,Credit Card,2025-10,3,147.65,436.4,5,36,1,1,8,28.9,Low Risk,0,N/A
CUST-11350,Optima Logic Technologies,Financial Services,Professional,2-Year,Electronic Check,2025-10,3,329.89,1019.12,7,38,1,1,9,2.0,Low Risk,0,N/A
CUST-11351,Prism Logic Technologies,Technology,Starter,1-Year,Bank Transfer,2024-11,4,166.58,691.19,7,58,0,3,5,33.2,Low Risk,0,N/A
CUST-11352,Radiant Logic Technologies,Education,Professional,1-Year,Credit Card,2024-02,15,451.09,6599.23,23,51,0,5,3,33.2,Low Risk,0,N/A
CUST-11353,Solaris Logic Technologies,Healthcare,Professional,Month-to-Month,Credit Card,2025-10,6,435.23,2712.19,22,97,0,0,8,10.4,Low Risk,1,Missing Core Feature
CUST-11354,Titan Logic Technologies,Financial Services,Enterprise,1-Year,Bank Transfer,2025-11,2,1390.44,2782.32,75,15,0,0,2,59.9,Medium Risk,1,Missing Core Feature
CUST-11355,Zenith Logic Technologies,Education,Enterprise,Month-to-Month,Credit Card,2026-06,1,1503.25,1558.55,92,43,6,1,8,63.4,Medium Risk,0,N/A
CUST-11356,Strata Logic Technologies,Financial Services,Starter,1-Year,Bank Transfer,2024-02,12,146.33,1766.86,4,64,0,0,10,3.9,Low Risk,0,N/A
CUST-11357,Synapse Logic Technologies,Education,Starter,2-Year,Electronic Check,2024-02,3,180.5,558.63,10,84,1,1,6,2.2,Low Risk,0,N/A
CUST-11358,Vortex Logic Technologies,E-Commerce,Professional,1-Year,Electronic Check,2025-10,4,499.81,2057.12,27,87,3,1,8,3.6,Low Risk,0,N/A
CUST-11359,Vector Logic Technologies,Technology,Starter,1-Year,Electronic Check,2024-11,11,164.55,1880.33,8,16,0,2,9,11.4,Low Risk,1,Competitor Migration
CUST-11360,Zenith Logic Technologies,Financial Services,Starter,Month-to-Month,Credit Card,2024-06,19,146.43,2719.59,7,22,1,2,8,25.0,Low Risk,0,N/A
CUST-11361,Aegis Logic Technologies,Healthcare,Starter,1-Year,Bank Transfer,2024-02,21,99.94,2175.82,2,68,3,0,5,9.1,Low Risk,0,N/A
CUST-11362,Orion Logic Technologies,Manufacturing,Enterprise,Month-to-Month,Electronic Check,2024-04,3,2002.86,5903.59,150,64,1,0,4,50.0,Medium Risk,0,N/A
CUST-11363,Apex Meta Technologies,Education,Starter,2-Year,Credit Card,2026-02,5,160.19,816.13,8,72,0,2,5,7.9,Low Risk,0,N/A
CUST-11364,Vanguard Meta Technologies,E-Commerce,Starter,2-Year,Bank Transfer,2025-10,3,141.62,410.51,7,16,3,0,7,14.2,Low Risk,0,N/A
CUST-11365,Nexus Meta Technologies,E-Commerce,Enterprise,Month-to-Month,Electronic Check,2024-04,3,964.32,2877.09,26,59,3,0,8,28.9,Low Risk,1,Competitor Migration
CUST-11366,Quantum Meta Technologies,Healthcare,Starter,Month-to-Month,Credit Card,2026-06,1,190.89,184.7,10,81,1,1,1,29.9,Low Risk,0,N/A
CUST-11367,Hyperion Meta Technologies,Technology,Professional,Month-to-Month,Bank Transfer,2025-06,2,440.28,857.14,21,90,3,2,7,14.8,Low Risk,0,N/A
CUST-11368,Aura Meta Technologies,Education,Starter,1-Year,Credit Card,2026-01,3,175.09,507.08,9,45,1,3,8,23.1,Low Risk,0,N/A
CUST-11369,Catalyst Meta Technologies,E-Commerce,Professional,1-Year,Electronic Check,2026-02,5,340.8,1771.54,9,50,0,8,9,7.2,Low Risk,0,N/A
CUST-11370,Pulse Meta Technologies,Healthcare,Starter,Month-to-Month,Credit Card,2025-08,5,154.19,798.43,8,83,0,8,10,7.9,Low Risk,0,N/A
CUST-11371,Vertex Meta Technologies,Technology,Starter,2-Year,Credit Card,2025-12,2,132.76,267.16,5,82,2,0,10,0.9,Low Risk,0,N/A
CUST-11372,Starlight Meta Technologies,Education,Starter,1-Year,Credit Card,2024-05,2,112.56,220.06,1,96,0,0,10,3.1,Low Risk,0,N/A
CUST-11373,Beacon Meta Technologies,Healthcare,Starter,2-Year,Bank Transfer,2026-05,1,165.93,165.97,8,46,1,0,9,2.0,Low Risk,0,N/A
CUST-11374,Cobalt Meta Technologies,E-Commerce,Starter,Month-to-Month,Bank Transfer,2026-03,1,103.25,102.92,1,59,2,2,10,13.6,Low Risk,0,N/A
CUST-11375,Crest Meta Technologies,E-Commerce,Enterprise,Month-to-Month,Credit Card,2025-10,1,1114.39,1130.95,44,98,0,2,7,17.5,Low Risk,0,N/A
CUST-11376,Elevation Meta Technologies,Education,Starter,1-Year,Electronic Check,2024-06,19,136.23,2684.73,5,82,0,14,1,9.1,Low Risk,0,N/A
CUST-11377,Frontier Meta Technologies,Manufacturing,Enterprise,Month-to-Month,Bank Transfer,2024-03,26,1055.2,27560.7,37,40,4,1,1,52.5,Medium Risk,1,Poor Onboarding Experience
CUST-11378,Horizon Meta Technologies,Financial Services,Enterprise,2-Year,Credit Card,2026-01,1,1819.45,1863.73,126,64,0,1,4,13.6,Low Risk,0,N/A
CUST-11379,Integra Meta Technologies,Financial Services,Starter,1-Year,Credit Card,2024-10,21,143.34,3035.34,5,19,1,1,10,4.7,Low Risk,0,N/A
CUST-11380,Kinetic Meta Technologies,Healthcare,Professional,Month-to-Month,Credit Card,2025-01,6,456.59,2812.75,23,73,0,5,7,34.3,Low Risk,0,N/A
CUST-11381,Luminary Meta Technologies,Technology,Starter,1-Year,Credit Card,2026-06,2,114.95,230.17,3,98,1,1,8,6.3,Low Risk,0,N/A
CUST-11382,Meridian Meta Technologies,Manufacturing,Professional,1-Year,Electronic Check,2025-08,11,545.38,6106.86,35,94,0,2,7,4.3,Low Risk,0,N/A
CUST-11383,Nova Meta Technologies,Education,Starter,Month-to-Month,Bank Transfer,2025-06,6,185.48,1109.4,10,45,3,3,10,14.2,Low Risk,0,N/A
CUST-11384,Omni Meta Technologies,Healthcare,Enterprise,Month-to-Month,Bank Transfer,2024-07,2,1020.76,2041.44,34,45,0,3,7,48.8,Medium Risk,0,N/A
CUST-11385,Pinnacle Meta Technologies,Technology,Starter,Month-to-Month,Credit Card,2026-06,2,135.94,278.35,5,78,0,1,8,17.5,Low Risk,0,N/A
CUST-11386,Acro Meta Technologies,Financial Services,Professional,1-Year,Electronic Check,2024-12,8,575.55,4763.23,35,70,1,1,9,3.2,Low Risk,0,N/A
CUST-11387,Boreal Meta Technologies,Manufacturing,Professional,Month-to-Month,Bank Transfer,2024-09,5,424.68,2039.81,17,25,0,0,1,67.9,High Risk,0,N/A
CUST-11388,Cortex Meta Technologies,Financial Services,Enterprise,1-Year,Bank Transfer,2025-01,5,1569.78,7815.42,98,56,2,1,7,7.9,Low Risk,0,N/A
CUST-11389,Equinox Meta Technologies,Technology,Enterprise,2-Year,Bank Transfer,2024-08,12,1407.97,16606.27,81,90,6,0,7,5.0,Low Risk,0,N/A
CUST-11390,Flux Meta Technologies,Education,Enterprise,2-Year,Electronic Check,2026-03,1,1322.67,1317.68,70,53,2,8,5,19.8,Low Risk,0,N/A
CUST-11391,Galactic Meta Technologies,E-Commerce,Starter,2-Year,Credit Card,2024-01,1,156.41,154.61,8,83,1,3,7,4.1,Low Risk,0,N/A
CUST-11392,Helix Meta Technologies,Healthcare,Starter,1-Year,Credit Card,2026-06,2,100.28,206.92,2,55,0,1,10,6.9,Low Risk,0,N/A
CUST-11393,Infini Meta Technologies,E-Commerce,Enterprise,Month-to-Month,Electronic Check,2025-09,8,2013.41,16666.21,149,21,0,0,10,25.0,Low Risk,0,N/A
CUST-11394,Krypton Meta Technologies,Education,Starter,Month-to-Month,Credit Card,2024-05,8,171.38,1360.81,9,71,1,0,7,18.2,Low Risk,0,N/A
CUST-11395,Matrix Meta Technologies,Healthcare,Professional,Month-to-Month,Electronic Check,2026-06,2,324.25,641.63,8,34,3,14,2,85.8,High Risk,0,N/A
CUST-11396,Neutron Meta Technologies,Education,Professional,2-Year,Credit Card,2025-10,3,298.77,874.43,6,31,0,0,7,16.8,Low Risk,0,N/A
CUST-11397,Optima Meta Technologies,E-Commerce,Starter,1-Year,Credit Card,2026-01,2,130.93,270.42,5,65,1,2,3,27.9,Low Risk,0,N/A
CUST-11398,Prism Meta Technologies,Healthcare,Starter,Month-to-Month,Bank Transfer,2026-01,4,161.79,653.95,7,37,4,0,8,48.8,Medium Risk,0,N/A
CUST-11399,Radiant Meta Technologies,E-Commerce,Professional,Month-to-Month,Credit Card,2026-03,2,386.97,757.03,16,45,0,0,8,33.2,Low Risk,0,N/A
CUST-11400,Solaris Meta Technologies,Manufacturing,Starter,Month-to-Month,Bank Transfer,2026-04,4,178.12,712.89,9,43,2,0,5,35.4,Medium Risk,0,N/A
CUST-11401,Titan Meta Technologies,Technology,Professional,1-Year,Credit Card,2025-05,3,337.76,985.59,7,64,1,3,4,42.6,Medium Risk,0,N/A
CUST-11402,Zenith Meta Technologies,Healthcare,Starter,Month-to-Month,Credit Card,2024-12,18,98.0,1793.08,2,43,3,2,8,18.2,Low Risk,0,N/A
CUST-11403,Strata Meta Technologies,E-Commerce,Professional,2-Year,Credit Card,2025-06,14,532.06,7228.96,31,48,2,1,6,2.8,Low Risk,0,N/A
CUST-11404,Synapse Meta Technologies,Healthcare,Enterprise,2-Year,Bank Transfer,2024-06,23,1390.88,31104.67,75,80,0,0,8,0.7,Low Risk,0,N/A
CUST-11405,Vortex Meta Technologies,Manufacturing,Enterprise,1-Year,Credit Card,2026-04,2,1245.61,2589.45,59,37,2,1,2,27.9,Low Risk,1,Low User Adoption
CUST-11406,Vector Meta Technologies,Financial Services,Starter,Month-to-Month,Electronic Check,2026-02,4,120.51,489.12,1,46,0,2,7,21.4,Low Risk,0,N/A
CUST-11407,Zenith Meta Technologies,E-Commerce,Starter,1-Year,Bank Transfer,2025-06,5,114.72,560.74,4,30,2,1,1,40.1,Medium Risk,0,N/A
CUST-11408,Aegis Meta Technologies,E-Commerce,Starter,Month-to-Month,Credit Card,2025-07,12,106.81,1279.27,1,75,2,1,6,18.2,Low Risk,0,N/A
CUST-11409,Orion Meta Technologies,Financial Services,Starter,Month-to-Month,Credit Card,2024-03,12,168.05,1991.15,10,26,1,3,3,76.9,High Risk,1,Executive Leadership Turnover
CUST-11410,Apex Omni Technologies,E-Commerce,Starter,Month-to-Month,Credit Card,2025-07,4,198.17,791.23,10,90,0,1,6,10.4,Low Risk,0,N/A
CUST-11411,Vanguard Omni Technologies,Technology,Enterprise,Month-to-Month,Bank Transfer,2024-01,3,931.88,2717.29,24,94,3,1,4,29.9,Low Risk,0,N/A
CUST-11412,Nexus Omni Technologies,Technology,Enterprise,Month-to-Month,Electronic Check,2025-01,15,1442.32,21590.78,82,83,1,1,2,19.0,Low Risk,0,N/A
CUST-11413,Quantum Omni Technologies,Technology,Starter,Month-to-Month,Credit Card,2026-01,2,179.76,354.89,8,31,1,1,9,33.2,Low Risk,0,N/A
CUST-11414,Hyperion Omni Technologies,Manufacturing,Enterprise,Month-to-Month,Bank Transfer,2025-09,4,1940.21,7521.99,141,95,2,8,8,15.4,Low Risk,0,N/A
CUST-11415,Aura Omni Technologies,Technology,Professional,Month-to-Month,Electronic Check,2025-10,10,402.51,3886.4,17,96,0,0,4,22.3,Low Risk,1,Low User Adoption
CUST-11416,Catalyst Omni Technologies,Technology,Professional,Month-to-Month,Bank Transfer,2025-09,8,444.76,3547.91,20,51,1,3,1,51.2,Medium Risk,1,Low User Adoption
CUST-11417,Pulse Omni Technologies,Financial Services,Starter,Month-to-Month,Credit Card,2025-03,10,157.37,1635.47,7,26,1,0,9,21.4,Low Risk,0,N/A
CUST-11418,Vertex Omni Technologies,Financial Services,Enterprise,Month-to-Month,Bank Transfer,2024-08,16,957.81,15467.74,28,40,0,3,10,16.8,Low Risk,0,N/A
CUST-11419,Starlight Omni Technologies,E-Commerce,Professional,1-Year,Credit Card,2025-07,12,345.4,4217.42,8,63,0,0,8,9.5,Low Risk,0,N/A
CUST-11420,Beacon Omni Technologies,Healthcare,Starter,Month-to-Month,Credit Card,2024-07,14,103.15,1446.93,2,53,0,0,6,21.4,Low Risk,0,N/A
CUST-11421,Cobalt Omni Technologies,Manufacturing,Enterprise,Month-to-Month,Bank Transfer,2025-10,7,1632.91,11817.49,105,46,0,1,6,21.4,Low Risk,0,N/A
CUST-11422,Crest Omni Technologies,Education,Starter,1-Year,Bank Transfer,2024-04,13,150.49,1988.56,5,87,4,2,8,13.6,Low Risk,0,N/A
CUST-11423,Elevation Omni Technologies,Financial Services,Starter,1-Year,Bank Transfer,2025-02,9,158.48,1385.94,8,17,1,2,8,21.4,Low Risk,0,N/A
CUST-11424,Frontier Omni Technologies,Technology,Professional,1-Year,Credit Card,2026-06,1,439.7,452.3,21,88,2,1,9,2.5,Low Risk,0,N/A
CUST-11425,Horizon Omni Technologies,Financial Services,Starter,Month-to-Month,Electronic Check,2025-07,8,109.63,875.56,3,31,0,0,9,25.0,Low Risk,0,N/A
CUST-11426,Integra Omni Technologies,Financial Services,Enterprise,1-Year,Credit Card,2024-12,11,1652.25,17462.53,109,75,3,0,9,3.2,Low Risk,0,N/A
CUST-11427,Kinetic Omni Technologies,Financial Services,Starter,Month-to-Month,Bank Transfer,2025-12,5,169.69,838.66,7,43,1,5,4,51.2,Medium Risk,0,N/A
CUST-11428,Luminary Omni Technologies,Healthcare,Professional,Month-to-Month,Electronic Check,2026-04,3,365.68,1112.62,11,82,2,1,6,14.8,Low Risk,0,N/A
CUST-11429,Meridian Omni Technologies,E-Commerce,Enterprise,Month-to-Month,Credit Card,2024-07,3,1857.98,5527.81,130,48,2,2,5,50.0,Medium Risk,0,N/A
CUST-11430,Nova Omni Technologies,Healthcare,Starter,1-Year,Bank Transfer,2024-07,10,147.21,1417.16,4,38,0,1,10,3.9,Low Risk,0,N/A
CUST-11431,Omni Omni Technologies,Healthcare,Starter,Month-to-Month,Bank Transfer,2024-04,1,158.75,161.2,8,53,0,1,8,33.2,Low Risk,0,N/A
CUST-11432,Pinnacle Omni Technologies,Education,Starter,Month-to-Month,Credit Card,2025-09,6,186.09,1085.54,9,33,1,0,8,41.3,Medium Risk,0,N/A
CUST-11433,Acro Omni Technologies,Education,Starter,Month-to-Month,Credit Card,2024-07,2,163.84,339.4,8,53,0,1,4,55.0,Medium Risk,1,Budget Reallocation / Price
CUST-11434,Boreal Omni Technologies,Healthcare,Starter,Month-to-Month,Credit Card,2024-06,15,178.33,2679.3,9,58,2,3,8,29.9,Low Risk,1,Competitor Migration
CUST-11435,Cortex Omni Technologies,Healthcare,Professional,Month-to-Month,Bank Transfer,2025-07,2,348.83,695.9,12,42,0,0,1,55.0,Medium Risk,1,Poor Onboarding Experience
CUST-11436,Equinox Omni Technologies,Technology,Professional,Month-to-Month,Credit Card,2026-06,1,337.96,344.74,8,71,3,0,7,28.9,Low Risk,0,N/A
CUST-11437,Flux Omni Technologies,Financial Services,Starter,1-Year,Bank Transfer,2024-03,29,95.07,2754.3,1,37,4,3,8,25.0,Low Risk,0,N/A
CUST-11438,Galactic Omni Technologies,Healthcare,Starter,2-Year,Bank Transfer,2024-05,18,148.09,2728.99,5,52,1,14,9,2.1,Low Risk,0,N/A
CUST-11439,Helix Omni Technologies,Technology,Starter,1-Year,Bank Transfer,2024-02,29,139.52,3968.05,3,62,0,5,8,8.7,Low Risk,0,N/A
CUST-11440,Infini Omni Technologies,Manufacturing,Professional,1-Year,Credit Card,2025-09,8,526.55,4359.23,29,56,3,1,8,7.9,Low Risk,0,N/A
CUST-11441,Krypton Omni Technologies,Healthcare,Enterprise,1-Year,Bank Transfer,2026-04,4,1004.52,4156.67,32,34,2,1,4,40.1,Medium Risk,0,N/A
CUST-11442,Matrix Omni Technologies,Healthcare,Starter,2-Year,Credit Card,2024-11,13,166.9,2211.27,10,65,2,0,5,6.6,Low Risk,0,N/A
CUST-11443,Neutron Omni Technologies,Healthcare,Professional,1-Year,Electronic Check,2026-02,2,465.57,897.02,25,27,0,0,2,59.9,Medium Risk,1,Low User Adoption
CUST-11444,Optima Omni Technologies,Education,Starter,2-Year,Credit Card,2025-10,2,171.56,351.3,9,73,3,5,7,9.1,Low Risk,0,N/A
CUST-11445,Prism Omni Technologies,Healthcare,Professional,2-Year,Credit Card,2025-11,6,386.12,2242.96,16,37,1,3,9,2.1,Low Risk,0,N/A
CUST-11446,Radiant Omni Technologies,Healthcare,Starter,1-Year,Bank Transfer,2025-06,8,181.59,1438.27,8,38,0,1,6,9.5,Low Risk,0,N/A
CUST-11447,Solaris Omni Technologies,E-Commerce,Professional,1-Year,Credit Card,2026-04,2,495.88,1029.54,26,39,2,0,7,13.6,Low Risk,0,N/A
CUST-11448,Titan Omni Technologies,Financial Services,Starter,1-Year,Credit Card,2025-08,10,99.67,1005.78,1,57,0,1,9,3.9,Low Risk,1,Budget Reallocation / Price
CUST-11449,Zenith Omni Technologies,E-Commerce,Professional,1-Year,Electronic Check,2024-07,22,479.73,10667.76,26,72,1,2,9,1.6,Low Risk,0,N/A
CUST-11450,Strata Omni Technologies,Healthcare,Starter,Month-to-Month,Bank Transfer,2025-03,16,191.44,2944.82,10,75,0,0,9,9.5,Low Risk,0,N/A
CUST-11451,Synapse Omni Technologies,Technology,Enterprise,Month-to-Month,Credit Card,2024-01,21,1664.5,34458.37,109,62,1,8,4,33.2,Low Risk,1,Missing Core Feature
CUST-11452,Vortex Omni Technologies,E-Commerce,Starter,Month-to-Month,Credit Card,2025-07,7,126.7,863.65,3,44,1,1,8,18.2,Low Risk,1,Poor Onboarding Experience
CUST-11453,Vector Omni Technologies,Manufacturing,Professional,Month-to-Month,Credit Card,2024-03,11,494.24,5303.78,26,48,1,0,8,18.2,Low Risk,0,N/A
CUST-11454,Zenith Omni Technologies,Education,Starter,Month-to-Month,Bank Transfer,2025-06,14,183.61,2642.62,9,43,2,0,9,7.9,Low Risk,0,N/A
CUST-11455,Aegis Omni Technologies,Technology,Enterprise,Month-to-Month,Bank Transfer,2025-10,2,1290.37,2682.2,64,62,1,5,8,43.8,Medium Risk,0,N/A
CUST-11456,Orion Omni Technologies,Financial Services,Enterprise,Month-to-Month,Bank Transfer,2025-06,9,1136.73,9822.13,46,22,1,30,8,87.0,High Risk,1,Executive Leadership Turnover
CUST-11457,Apex Global Technologies,E-Commerce,Starter,Month-to-Month,Credit Card,2025-04,8,189.04,1485.92,9,55,1,3,10,14.2,Low Risk,0,N/A
CUST-11458,Vanguard Global Technologies,E-Commerce,Professional,1-Year,Credit Card,2024-07,10,519.09,5057.62,29,38,0,0,10,3.9,Low Risk,0,N/A
CUST-11459,Nexus Global Technologies,Healthcare,Starter,Month-to-Month,Bank Transfer,2024-09,18,147.16,2737.25,5,42,2,0,8,18.2,Low Risk,0,N/A
CUST-11460,Quantum Global Technologies,Manufacturing,Professional,Month-to-Month,Electronic Check,2025-03,5,506.3,2536.94,27,67,1,2,8,18.2,Low Risk,0,N/A
CUST-11461,Hyperion Global Technologies,Education,Starter,Month-to-Month,Bank Transfer,2026-05,2,118.38,228.47,4,69,1,3,8,43.8,Medium Risk,0,N/A
CUST-11462,Aura Global Technologies,Financial Services,Enterprise,Month-to-Month,Credit Card,2026-04,1,1256.37,1296.49,61,15,0,0,9,37.8,Medium Risk,1,Low User Adoption
CUST-11463,Catalyst Global Technologies,Manufacturing,Professional,1-Year,Electronic Check,2026-03,5,547.93,2747.1,34,36,2,2,8,7.9,Low Risk,1,Poor Onboarding Experience
CUST-11464,Pulse Global Technologies,E-Commerce,Starter,2-Year,Electronic Check,2024-06,18,174.97,3245.9,8,41,3,1,9,1.1,Low Risk,0,N/A
CUST-11465,Vertex Global Technologies,Healthcare,Starter,1-Year,Credit Card,2025-09,2,162.76,317.11,8,95,5,8,8,35.4,Medium Risk,0,N/A
CUST-11466,Starlight Global Technologies,E-Commerce,Starter,2-Year,Bank Transfer,2024-03,7,159.33,1084.29,7,34,2,3,5,29.9,Low Risk,1,Low User Adoption
CUST-11467,Beacon Global Technologies,Education,Professional,Month-to-Month,Electronic Check,2025-03,3,450.59,1299.84,21,82,1,3,9,11.4,Low Risk,0,N/A
CUST-11468,Cobalt Global Technologies,E-Commerce,Professional,Month-to-Month,Credit Card,2024-12,19,337.27,6568.7,8,36,0,8,7,19.8,Low Risk,1,Executive Leadership Turnover
CUST-11469,Crest Global Technologies,Healthcare,Professional,1-Year,Electronic Check,2024-04,15,454.96,6842.55,24,79,2,1,8,3.6,Low Risk,0,N/A
CUST-11470,Elevation Global Technologies,Healthcare,Professional,Month-to-Month,Credit Card,2024-01,23,377.75,8711.79,14,34,2,1,8,25.0,Low Risk,0,N/A
CUST-11471,Frontier Global Technologies,Healthcare,Professional,Month-to-Month,Bank Transfer,2024-07,10,402.62,3937.15,16,93,1,2,10,3.6,Low Risk,0,N/A
CUST-11472,Horizon Global Technologies,Financial Services,Professional,1-Year,Credit Card,2026-05,1,481.28,491.48,25,89,3,0,6,6.3,Low Risk,0,N/A
CUST-11473,Integra Global Technologies,E-Commerce,Professional,Month-to-Month,Credit Card,2025-04,1,367.7,367.64,14,86,0,3,7,28.9,Low Risk,0,N/A
CUST-11474,Kinetic Global Technologies,Manufacturing,Starter,Month-to-Month,Bank Transfer,2025-05,4,195.27,767.89,10,92,3,5,3,31.0,Low Risk,0,N/A
CUST-11475,Luminary Global Technologies,E-Commerce,Professional,Month-to-Month,Credit Card,2026-02,5,471.02,2320.44,25,28,6,0,8,75.0,High Risk,1,Budget Reallocation / Price
CUST-11476,Meridian Global Technologies,Manufacturing,Starter,2-Year,Bank Transfer,2024-06,4,185.22,728.43,9,19,0,0,7,10.0,Low Risk,0,N/A
CUST-11477,Nova Global Technologies,Manufacturing,Enterprise,Month-to-Month,Credit Card,2024-09,12,952.4,11479.58,24,81,0,0,8,10.4,Low Risk,0,N/A
CUST-11478,Omni Global Technologies,Education,Enterprise,1-Year,Credit Card,2024-08,20,1619.89,32536.03,104,91,2,0,9,0.7,Low Risk,0,N/A
CUST-11479,Pinnacle Global Technologies,E-Commerce,Enterprise,2-Year,Credit Card,2024-12,1,1399.51,1419.53,80,21,0,0,6,16.8,Low Risk,0,N/A
CUST-11480,Acro Global Technologies,Technology,Professional,Month-to-Month,Bank Transfer,2026-06,2,545.75,1086.11,32,64,0,2,9,16.1,Low Risk,0,N/A
CUST-11481,Boreal Global Technologies,Manufacturing,Professional,Month-to-Month,Credit Card,2025-05,13,561.67,7104.27,33,76,4,8,8,43.8,Medium Risk,0,N/A
CUST-11482,Cortex Global Technologies,Education,Enterprise,1-Year,Credit Card,2026-05,3,952.45,2800.68,27,30,0,0,6,37.8,Medium Risk,0,N/A
CUST-11483,Equinox Global Technologies,Manufacturing,Professional,Month-to-Month,Bank Transfer,2025-02,13,311.27,3925.45,6,62,0,14,7,34.3,Low Risk,0,N/A
CUST-11484,Flux Global Technologies,Financial Services,Enterprise,Month-to-Month,Electronic Check,2026-01,2,1863.03,3854.79,131,38,4,0,8,63.4,Medium Risk,1,Competitor Migration
CUST-11485,Galactic Global Technologies,Education,Professional,Month-to-Month,Bank Transfer,2026-05,2,435.76,878.55,19,53,1,2,6,28.9,Low Risk,0,N/A
CUST-11486,Helix Global Technologies,Financial Services,Starter,Month-to-Month,Credit Card,2024-03,5,133.2,685.28,4,51,0,1,3,40.1,Medium Risk,0,N/A
CUST-11487,Infini Global Technologies,Manufacturing,Starter,1-Year,Electronic Check,2026-06,1,128.3,128.25,4,75,0,3,4,47.5,Medium Risk,0,N/A
CUST-11488,Krypton Global Technologies,E-Commerce,Professional,1-Year,Credit Card,2025-06,6,455.99,2775.62,22,56,1,0,8,7.9,Low Risk,0,N/A
CUST-11489,Matrix Global Technologies,Financial Services,Starter,Month-to-Month,Credit Card,2025-04,12,135.05,1561.89,6,93,0,0,6,10.4,Low Risk,1,Executive Leadership Turnover
CUST-11490,Neutron Global Technologies,Financial Services,Professional,Month-to-Month,Credit Card,2026-01,3,372.69,1138.8,13,96,0,3,6,28.9,Low Risk,0,N/A
CUST-11491,Optima Global Technologies,Education,Starter,1-Year,Credit Card,2025-07,8,152.67,1220.22,8,40,0,5,8,16.8,Low Risk,1,Competitor Migration
CUST-11492,Prism Global Technologies,Manufacturing,Starter,Month-to-Month,Bank Transfer,2026-02,1,118.87,118.18,4,40,0,2,9,16.1,Low Risk,0,N/A
CUST-11493,Radiant Global Technologies,Technology,Professional,Month-to-Month,Electronic Check,2024-03,12,443.72,5296.86,21,37,1,1,1,35.4,Medium Risk,0,N/A
CUST-11494,Solaris Global Technologies,Financial Services,Professional,Month-to-Month,Bank Transfer,2024-11,7,380.35,2577.58,15,56,2,1,9,7.9,Low Risk,0,N/A
CUST-11495,Titan Global Technologies,Manufacturing,Enterprise,Month-to-Month,Bank Transfer,2026-04,4,1677.37,6759.12,111,78,0,1,8,10.4,Low Risk,0,N/A
CUST-11496,Zenith Global Technologies,E-Commerce,Professional,Month-to-Month,Electronic Check,2024-05,19,340.54,6714.41,7,92,1,8,8,7.9,Low Risk,0,N/A
CUST-11497,Strata Global Technologies,Financial Services,Starter,1-Year,Credit Card,2024-04,2,185.63,381.14,10,83,1,1,5,14.2,Low Risk,1,Competitor Migration
CUST-11498,Synapse Global Technologies,Education,Professional,Month-to-Month,Credit Card,2025-10,9,334.83,3080.12,10,52,4,0,6,48.8,Medium Risk,1,Low User Adoption
CUST-11499,Vortex Global Technologies,Financial Services,Professional,1-Year,Credit Card,2025-07,6,575.53,3450.49,35,71,0,8,7,16.8,Low Risk,0,N/A
CUST-11500,Vector Global Technologies,Education,Professional,Month-to-Month,Credit Card,2024-04,27,408.9,11244.44,16,90,0,0,7,5.2,Low Risk,0,N/A
CUST-11501,Zenith Global Technologies,Manufacturing,Professional,1-Year,Electronic Check,2024-10,17,497.1,8425.09,26,84,0,2,9,1.7,Low Risk,0,N/A
CUST-11502,Aegis Global Technologies,Financial Services,Professional,2-Year,Electronic Check,2026-02,1,435.47,436.27,21,49,2,0,7,5.0,Low Risk,0,N/A
CUST-11503,Orion Global Technologies,E-Commerce,Enterprise,1-Year,Credit Card,2024-07,17,1112.91,19037.71,46,79,0,1,7,4.3,Low Risk,0,N/A
CUST-11504,Apex Enterprise Technologies,Manufacturing,Enterprise,Month-to-Month,Electronic Check,2024-11,19,1980.7,38736.61,145,16,3,0,9,11.4,Low Risk,0,N/A
CUST-11505,Vanguard Enterprise Technologies,Education,Professional,Month-to-Month,Credit Card,2024-02,12,524.34,6151.65,32,55,0,5,10,16.8,Low Risk,0,N/A
CUST-11506,Nexus Enterprise Technologies,Financial Services,Starter,Month-to-Month,Bank Transfer,2025-12,4,157.56,606.04,6,16,2,2,5,63.4,Medium Risk,0,N/A
CUST-11507,Quantum Enterprise Technologies,Education,Starter,1-Year,Bank Transfer,2026-04,2,173.94,337.34,10,88,6,1,8,22.3,Low Risk,0,N/A
CUST-11508,Hyperion Enterprise Technologies,Education,Professional,Month-to-Month,Electronic Check,2026-02,1,444.07,436.94,23,79,2,0,6,14.8,Low Risk,0,N/A
CUST-11509,Aura Enterprise Technologies,Education,Professional,Month-to-Month,Credit Card,2026-02,5,393.44,1922.67,17,78,0,3,4,35.4,Medium Risk,0,N/A
CUST-11510,Catalyst Enterprise Technologies,Financial Services,Professional,Month-to-Month,Credit Card,2026-02,5,464.53,2411.2,24,22,2,2,8,41.3,Medium Risk,0,N/A
CUST-11511,Pulse Enterprise Technologies,E-Commerce,Starter,Month-to-Month,Credit Card,2026-04,4,138.76,537.33,5,63,0,1,5,40.1,Medium Risk,1,Missing Core Feature
CUST-11512,Vertex Enterprise Technologies,Financial Services,Starter,Month-to-Month,Credit Card,2024-08,16,166.99,2778.02,10,77,0,0,4,22.3,Low Risk,0,N/A
CUST-11513,Starlight Enterprise Technologies,Education,Starter,Month-to-Month,Bank Transfer,2024-03,13,101.01,1326.1,1,47,0,5,8,34.3,Low Risk,1,Missing Core Feature
CUST-11514,Beacon Enterprise Technologies,Education,Professional,2-Year,Bank Transfer,2026-04,3,555.32,1624.5,35,67,3,0,7,5.0,Low Risk,0,N/A
CUST-11515,Cobalt Enterprise Technologies,Manufacturing,Professional,Month-to-Month,Bank Transfer,2025-04,14,340.16,4670.49,9,41,1,14,7,29.9,Low Risk,1,Executive Leadership Turnover
CUST-11516,Crest Enterprise Technologies,Financial Services,Professional,Month-to-Month,Bank Transfer,2024-07,1,451.42,458.47,21,88,1,3,7,25.0,Low Risk,0,N/A
CUST-11517,Elevation Enterprise Technologies,Education,Enterprise,Month-to-Month,Credit Card,2026-04,3,908.94,2694.23,20,93,1,3,9,11.4,Low Risk,0,N/A
CUST-11518,Frontier Enterprise Technologies,Education,Starter,2-Year,Bank Transfer,2025-04,4,150.32,603.82,6,73,0,0,8,3.4,Low Risk,0,N/A
CUST-11519,Horizon Enterprise Technologies,Manufacturing,Enterprise,1-Year,Electronic Check,2026-01,6,1145.01,7090.53,47,19,0,14,8,38.9,Medium Risk,0,N/A
CUST-11520,Integra Enterprise Technologies,Manufacturing,Professional,1-Year,Credit Card,2025-05,4,449.95,1741.38,22,44,0,0,7,9.5,Low Risk,1,Budget Reallocation / Price
CUST-11521,Kinetic Enterprise Technologies,Education,Starter,Month-to-Month,Electronic Check,2024-07,17,110.79,1860.63,1,96,3,21,5,69.0,High Risk,1,Competitor Migration
CUST-11522,Luminary Enterprise Technologies,Healthcare,Enterprise,1-Year,Electronic Check,2024-08,3,1460.87,4301.45,87,93,0,2,7,7.6,Low Risk,0,N/A
CUST-11523,Meridian Enterprise Technologies,Financial Services,Starter,Month-to-Month,Credit Card,2025-11,5,113.75,584.23,1,27,1,0,7,41.3,Medium Risk,0,N/A
CUST-11524,Nova Enterprise Technologies,Education,Starter,1-Year,Bank Transfer,2025-09,3,182.4,557.5,10,33,2,1,7,33.2,Low Risk,0,N/A
CUST-11525,Omni Enterprise Technologies,E-Commerce,Starter,2-Year,Credit Card,2024-07,6,174.4,1020.07,7,37,1,45,9,9.5,Low Risk,0,N/A
CUST-11526,Pinnacle Enterprise Technologies,Technology,Starter,Month-to-Month,Credit Card,2025-08,1,120.53,117.78,4,19,0,1,7,61.1,Medium Risk,0,N/A
CUST-11527,Acro Enterprise Technologies,E-Commerce,Starter,1-Year,Bank Transfer,2026-06,1,170.98,175.12,9,19,0,1,9,19.0,Low Risk,0,N/A
CUST-11528,Boreal Enterprise Technologies,Education,Starter,Month-to-Month,Credit Card,2024-01,1,178.11,172.93,10,58,1,2,2,50.0,Medium Risk,1,Competitor Migration
CUST-11529,Cortex Enterprise Technologies,Manufacturing,Enterprise,Month-to-Month,Credit Card,2024-07,25,967.95,24327.24,26,19,2,0,3,45.0,Medium Risk,1,Poor Onboarding Experience
CUST-11530,Equinox Enterprise Technologies,Education,Professional,Month-to-Month,Bank Transfer,2024-04,1,529.64,542.03,33,47,0,8,9,26.9,Low Risk,0,N/A
CUST-11531,Flux Enterprise Technologies,E-Commerce,Starter,2-Year,Bank Transfer,2026-03,1,125.15,128.4,3,73,0,0,2,13.6,Low Risk,0,N/A
CUST-11532,Galactic Enterprise Technologies,Financial Services,Starter,Month-to-Month,Credit Card,2024-01,5,112.43,580.76,3,58,0,8,6,34.3,Low Risk,1,Executive Leadership Turnover
CUST-11533,Helix Enterprise Technologies,Education,Professional,1-Year,Credit Card,2026-03,4,451.51,1824.17,23,38,1,0,8,7.9,Low Risk,0,N/A
CUST-11534,Infini Enterprise Technologies,Financial Services,Starter,Month-to-Month,Credit Card,2026-03,3,122.46,377.0,3,86,0,21,4,83.2,High Risk,0,N/A
CUST-11535,Krypton Enterprise Technologies,Financial Services,Professional,Month-to-Month,Bank Transfer,2025-07,11,386.42,4138.65,16,29,0,14,8,62.2,Medium Risk,0,N/A
CUST-11536,Matrix Enterprise Technologies,E-Commerce,Professional,1-Year,Credit Card,2026-02,5,425.77,2131.18,17,67,0,2,9,3.9,Low Risk,0,N/A
CUST-11537,Neutron Enterprise Technologies,E-Commerce,Starter,Month-to-Month,Bank Transfer,2025-05,5,161.78,819.08,8,54,1,0,8,18.2,Low Risk,0,N/A
CUST-11538,Optima Enterprise Technologies,Technology,Enterprise,Month-to-Month,Credit Card,2025-07,3,1147.02,3513.76,48,25,1,0,7,56.2,Medium Risk,0,N/A
CUST-11539,Prism Enterprise Technologies,Healthcare,Starter,1-Year,Electronic Check,2024-09,18,135.18,2366.61,3,49,1,0,10,3.2,Low Risk,0,N/A
CUST-11540,Radiant Enterprise Technologies,Healthcare,Professional,Month-to-Month,Bank Transfer,2025-11,1,439.36,454.78,21,36,0,0,8,33.2,Low Risk,0,N/A
CUST-11541,Solaris Enterprise Technologies,Healthcare,Enterprise,Month-to-Month,Bank Transfer,2024-07,1,1694.09,1727.13,111,22,0,1,7,61.1,Medium Risk,0,N/A
CUST-11542,Titan Enterprise Technologies,E-Commerce,Professional,Month-to-Month,Credit Card,2025-07,13,445.89,5575.44,23,87,6,0,3,50.0,Medium Risk,0,N/A
CUST-11543,Zenith Enterprise Technologies,Technology,Starter,Month-to-Month,Credit Card,2026-06,2,134.71,274.08,3,89,2,14,8,25.0,Low Risk,0,N/A
CUST-11544,Strata Enterprise Technologies,Technology,Starter,Month-to-Month,Credit Card,2026-03,1,184.83,191.06,9,85,1,45,7,62.2,Medium Risk,1,Missing Core Feature
CUST-11545,Synapse Enterprise Technologies,Manufacturing,Professional,Month-to-Month,Electronic Check,2025-12,7,475.17,3277.85,26,46,5,0,3,70.1,High Risk,0,N/A
CUST-11546,Vortex Enterprise Technologies,Education,Professional,Month-to-Month,Credit Card,2026-01,5,471.93,2390.75,25,54,0,0,8,21.4,Low Risk,0,N/A
CUST-11547,Vector Enterprise Technologies,Technology,Starter,Month-to-Month,Credit Card,2025-03,11,158.19,1708.54,6,63,4,2,5,70.1,High Risk,1,Executive Leadership Turnover
CUST-11548,Zenith Enterprise Technologies,E-Commerce,Professional,Month-to-Month,Credit Card,2024-09,21,348.06,7105.89,9,17,3,3,7,38.9,Medium Risk,1,Low User Adoption
CUST-11549,Aegis Enterprise Technologies,Healthcare,Professional,2-Year,Bank Transfer,2024-01,5,440.64,2161.27,21,65,0,1,7,3.4,Low Risk,0,N/A
CUST-11550,Orion Enterprise Technologies,Financial Services,Enterprise,2-Year,Credit Card,2024-07,14,1908.46,25667.7,139,54,0,14,6,6.3,Low Risk,0,N/A
CUST-11551,Apex Strategic Technologies,Technology,Starter,1-Year,Bank Transfer,2025-11,6,132.24,811.61,2,28,1,2,10,9.5,Low Risk,0,N/A
CUST-11552,Vanguard Strategic Technologies,Financial Services,Starter,2-Year,Credit Card,2026-05,1,99.04,95.26,1,22,1,0,2,28.9,Low Risk,0,N/A
CUST-11553,Nexus Strategic Technologies,Technology,Starter,Month-to-Month,Bank Transfer,2025-12,6,132.78,804.78,4,37,0,8,8,34.3,Low Risk,0,N/A
CUST-11554,Quantum Strategic Technologies,Technology,Starter,2-Year,Electronic Check,2025-11,6,107.03,658.36,3,16,1,1,8,8.3,Low Risk,0,N/A
CUST-11555,Hyperion Strategic Technologies,Education,Enterprise,1-Year,Electronic Check,2024-10,21,1460.92,30188.07,86,37,3,21,7,27.9,Low Risk,1,Executive Leadership Turnover
CUST-11556,Aura Strategic Technologies,Technology,Starter,Month-to-Month,Credit Card,2025-12,7,109.15,749.35,2,95,6,21,6,79.4,High Risk,0,N/A
CUST-11557,Catalyst Strategic Technologies,Financial Services,Professional,2-Year,Credit Card,2024-06,11,402.41,4389.06,18,27,2,0,7,8.3,Low Risk,0,N/A
CUST-11558,Pulse Strategic Technologies,Technology,Professional,1-Year,Electronic Check,2026-06,2,533.14,1098.64,32,34,3,0,3,55.0,Medium Risk,0,N/A
CUST-11559,Vertex Strategic Technologies,E-Commerce,Enterprise,1-Year,Credit Card,2024-10,16,1867.37,29547.13,133,74,3,2,8,7.9,Low Risk,0,N/A
CUST-11560,Starlight Strategic Technologies,Technology,Professional,Month-to-Month,Credit Card,2025-04,10,539.31,5309.93,34,33,0,1,6,46.3,Medium Risk,1,Missing Core Feature
CUST-11561,Beacon Strategic Technologies,E-Commerce,Enterprise,2-Year,Bank Transfer,2024-11,14,1724.17,24690.0,116,47,1,3,4,11.9,Low Risk,0,N/A
CUST-11562,Cobalt Strategic Technologies,Technology,Enterprise,1-Year,Bank Transfer,2024-04,4,1512.04,6030.55,90,93,1,0,8,3.6,Low Risk,0,N/A
CUST-11563,Crest Strategic Technologies,Technology,Enterprise,Month-to-Month,Credit Card,2026-02,3,1823.67,5373.51,129,79,3,1,4,29.9,Low Risk,1,Low User Adoption
CUST-11564,Elevation Strategic Technologies,E-Commerce,Professional,2-Year,Bank Transfer,2026-04,1,405.18,399.05,17,27,6,0,4,63.4,Medium Risk,0,N/A
CUST-11565,Frontier Strategic Technologies,Education,Professional,Month-to-Month,Electronic Check,2024-04,23,334.08,7882.88,7,66,0,2,10,4.7,Low Risk,0,N/A
CUST-11566,Horizon Strategic Technologies,Healthcare,Professional,1-Year,Credit Card,2024-02,2,339.47,696.76,8,40,0,45,5,81.8,High Risk,1,Low User Adoption
CUST-11567,Integra Strategic Technologies,Manufacturing,Professional,Month-to-Month,Bank Transfer,2024-01,7,545.73,3819.0,35,53,4,1,3,70.1,High Risk,1,Executive Leadership Turnover
CUST-11568,Kinetic Strategic Technologies,Technology,Professional,1-Year,Bank Transfer,2025-12,1,434.67,429.62,19,95,2,8,4,24.0,Low Risk,0,N/A
CUST-11569,Luminary Strategic Technologies,Education,Professional,1-Year,Bank Transfer,2025-07,11,527.67,5741.52,29,51,3,2,9,3.2,Low Risk,0,N/A
CUST-11570,Meridian Strategic Technologies,Technology,Professional,Month-to-Month,Bank Transfer,2025-05,3,313.21,941.33,7,30,0,8,8,75.0,High Risk,1,Poor Onboarding Experience
CUST-11571,Nova Strategic Technologies,Technology,Professional,1-Year,Credit Card,2025-03,4,509.38,2056.36,29,68,0,0,8,9.5,Low Risk,0,N/A
CUST-11572,Omni Strategic Technologies,Healthcare,Starter,2-Year,Credit Card,2025-01,9,138.19,1216.52,4,76,1,0,5,2.9,Low Risk,0,N/A
CUST-11573,Pinnacle Strategic Technologies,E-Commerce,Enterprise,Month-to-Month,Credit Card,2025-06,1,1149.99,1105.35,47,85,1,1,9,6.3,Low Risk,0,N/A
CUST-11574,Acro Strategic Technologies,Education,Starter,1-Year,Bank Transfer,2025-01,6,129.8,771.6,5,35,5,0,8,26.9,Low Risk,0,N/A
CUST-11575,Boreal Strategic Technologies,Education,Professional,Month-to-Month,Credit Card,2025-04,1,445.83,452.61,22,64,3,2,6,28.9,Low Risk,0,N/A
CUST-11576,Cortex Strategic Technologies,Healthcare,Professional,1-Year,Electronic Check,2024-05,3,568.1,1655.92,34,56,0,0,7,16.1,Low Risk,0,N/A
CUST-11577,Equinox Strategic Technologies,Technology,Starter,Month-to-Month,Electronic Check,2026-03,5,96.62,490.63,1,48,3,0,9,7.9,Low Risk,0,N/A
CUST-11578,Flux Strategic Technologies,Manufacturing,Professional,Month-to-Month,Electronic Check,2025-05,2,368.73,755.99,12,43,0,1,3,55.0,Medium Risk,1,Missing Core Feature
CUST-11579,Galactic Strategic Technologies,Financial Services,Enterprise,Month-to-Month,Bank Transfer,2025-04,12,987.66,11596.95,31,85,6,2,7,28.9,Low Risk,0,N/A
CUST-11580,Helix Strategic Technologies,Manufacturing,Enterprise,Month-to-Month,Bank Transfer,2024-01,27,1401.35,39330.61,79,30,3,0,7,25.0,Low Risk,0,N/A
CUST-11581,Infini Strategic Technologies,E-Commerce,Professional,Month-to-Month,Electronic Check,2024-11,16,521.98,8109.02,30,46,1,1,9,7.9,Low Risk,0,N/A
CUST-11582,Krypton Strategic Technologies,Technology,Enterprise,Month-to-Month,Bank Transfer,2024-12,19,1971.53,38774.3,146,78,1,1,5,10.0,Low Risk,0,N/A
CUST-11583,Matrix Strategic Technologies,Technology,Professional,Month-to-Month,Credit Card,2024-01,5,522.45,2669.03,30,52,2,1,8,18.2,Low Risk,0,N/A
CUST-11584,Neutron Strategic Technologies,E-Commerce,Professional,Month-to-Month,Credit Card,2024-01,15,412.95,6320.46,19,41,0,1,4,40.1,Medium Risk,1,Budget Reallocation / Price
CUST-11585,Optima Strategic Technologies,E-Commerce,Professional,Month-to-Month,Credit Card,2024-07,4,485.34,2001.72,25,77,0,21,7,52.5,Medium Risk,0,N/A
CUST-11586,Prism Strategic Technologies,Financial Services,Enterprise,Month-to-Month,Credit Card,2024-06,13,1561.11,20595.2,97,21,0,0,5,67.9,High Risk,0,N/A
CUST-11587,Radiant Strategic Technologies,E-Commerce,Enterprise,Month-to-Month,Bank Transfer,2024-02,15,1873.01,28506.9,135,68,1,0,7,18.2,Low Risk,0,N/A
CUST-11588,Solaris Strategic Technologies,Healthcare,Professional,1-Year,Electronic Check,2024-07,24,336.09,8133.1,7,85,5,1,7,6.9,Low Risk,0,N/A
CUST-11589,Titan Strategic Technologies,Healthcare,Enterprise,1-Year,Credit Card,2025-02,1,1849.27,1809.88,130,48,1,14,10,10.4,Low Risk,0,N/A
CUST-11590,Zenith Strategic Technologies,Technology,Professional,Month-to-Month,Bank Transfer,2026-02,1,505.97,515.77,29,82,4,2,4,64.6,Medium Risk,1,Poor Onboarding Experience
CUST-11591,Strata Strategic Technologies,Financial Services,Professional,Month-to-Month,Bank Transfer,2024-07,22,423.02,9377.45,19,98,2,1,2,10.0,Low Risk,0,N/A
CUST-11592,Synapse Strategic Technologies,E-Commerce,Professional,Month-to-Month,Electronic Check,2025-07,12,386.05,4624.02,15,18,0,3,5,80.2,High Risk,0,N/A
CUST-11593,Vortex Strategic Technologies,E-Commerce,Professional,Month-to-Month,Bank Transfer,2024-06,6,338.94,2087.35,9,97,0,0,9,4.3,Low Risk,0,N/A
CUST-11594,Vector Strategic Technologies,Education,Enterprise,2-Year,Bank Transfer,2024-06,2,1836.74,3772.56,129,52,0,8,7,10.9,Low Risk,0,N/A
CUST-11595,Zenith Strategic Technologies,E-Commerce,Professional,Month-to-Month,Bank Transfer,2025-02,1,349.63,356.54,12,41,1,5,5,65.7,High Risk,0,N/A
CUST-11596,Aegis Strategic Technologies,Manufacturing,Professional,2-Year,Bank Transfer,2025-10,7,292.35,2038.36,5,49,1,0,7,2.8,Low Risk,1,Missing Core Feature
CUST-11597,Orion Strategic Technologies,Technology,Enterprise,Month-to-Month,Electronic Check,2024-02,29,1073.0,30332.23,40,58,2,14,6,16.8,Low Risk,0,N/A
CUST-11598,Apex Capital Technologies,E-Commerce,Starter,Month-to-Month,Bank Transfer,2026-02,4,136.19,523.2,5,35,1,3,7,29.9,Low Risk,1,Low User Adoption
CUST-11599,Vanguard Capital Technologies,Healthcare,Enterprise,1-Year,Bank Transfer,2024-02,6,982.95,5991.54,28,59,1,2,10,3.2,Low Risk,0,N/A
CUST-11600,Nexus Capital Technologies,Healthcare,Professional,1-Year,Electronic Check,2025-04,6,352.95,2070.64,12,84,3,0,8,3.6,Low Risk,0,N/A
CUST-11601,Quantum Capital Technologies,Education,Starter,Month-to-Month,Electronic Check,2025-11,7,194.1,1364.46,10,72,1,1,4,35.4,Medium Risk,0,N/A
CUST-11602,Hyperion Capital Technologies,Financial Services,Starter,Month-to-Month,Credit Card,2025-07,6,135.08,830.97,4,17,1,0,9,21.4,Low Risk,0,N/A
CUST-11603,Aura Capital Technologies,E-Commerce,Professional,1-Year,Bank Transfer,2024-02,18,408.87,7166.4,16,16,2,8,8,34.3,Low Risk,0,N/A
CUST-11604,Catalyst Capital Technologies,Technology,Starter,1-Year,Electronic Check,2026-05,1,129.14,125.77,2,94,0,0,8,7.6,Low Risk,1,Competitor Migration
CUST-11605,Pulse Capital Technologies,Healthcare,Starter,Month-to-Month,Electronic Check,2024-08,12,123.15,1459.36,4,23,0,5,9,38.9,Medium Risk,0,N/A
CUST-11606,Vertex Capital Technologies,Technology,Starter,Month-to-Month,Credit Card,2025-10,1,149.13,146.56,4,43,3,2,9,13.6,Low Risk,0,N/A
CUST-11607,Starlight Capital Technologies,Healthcare,Professional,Month-to-Month,Bank Transfer,2026-04,2,520.15,1000.91,29,65,4,2,4,81.0,High Risk,0,N/A
CUST-11608,Beacon Capital Technologies,Manufacturing,Professional,Month-to-Month,Bank Transfer,2026-02,3,468.49,1433.73,22,49,0,5,2,70.1,High Risk,0,N/A
CUST-11609,Cobalt Capital Technologies,E-Commerce,Starter,Month-to-Month,Bank Transfer,2024-05,8,186.54,1465.8,10,78,1,0,7,8.7,Low Risk,0,N/A
CUST-11610,Crest Capital Technologies,Technology,Enterprise,1-Year,Bank Transfer,2024-03,19,1728.38,31873.59,118,41,4,1,10,6.3,Low Risk,0,N/A
CUST-11611,Elevation Capital Technologies,E-Commerce,Professional,Month-to-Month,Bank Transfer,2025-01,5,484.02,2421.78,27,69,3,0,6,18.2,Low Risk,0,N/A
CUST-11612,Frontier Capital Technologies,E-Commerce,Starter,Month-to-Month,Bank Transfer,2025-08,7,128.91,913.91,2,30,1,3,1,76.9,High Risk,1,Competitor Migration
CUST-11613,Horizon Capital Technologies,Manufacturing,Enterprise,Month-to-Month,Bank Transfer,2025-11,2,1599.61,3140.59,100,23,1,0,6,56.2,Medium Risk,1,Missing Core Feature
CUST-11614,Integra Capital Technologies,Education,Professional,Month-to-Month,Bank Transfer,2026-03,1,334.87,328.47,8,81,3,1,8,14.8,Low Risk,0,N/A
CUST-11615,Kinetic Capital Technologies,Manufacturing,Enterprise,Month-to-Month,Bank Transfer,2024-03,17,1720.73,29721.41,115,84,0,5,8,18.2,Low Risk,0,N/A
CUST-11616,Luminary Capital Technologies,Manufacturing,Professional,2-Year,Bank Transfer,2026-01,5,448.31,2187.44,23,76,1,1,8,1.2,Low Risk,0,N/A
CUST-11617,Meridian Capital Technologies,Healthcare,Enterprise,2-Year,Credit Card,2024-04,12,1275.11,15044.06,63,94,4,0,7,5.0,Low Risk,0,N/A
CUST-11618,Nova Capital Technologies,E-Commerce,Starter,Month-to-Month,Credit Card,2025-12,5,168.67,856.81,9,82,0,3,4,35.4,Medium Risk,0,N/A
CUST-11619,Omni Capital Technologies,Education,Professional,Month-to-Month,Credit Card,2024-09,13,337.16,4283.74,9,76,0,2,4,22.3,Low Risk,0,N/A
CUST-11620,Pinnacle Capital Technologies,Education,Enterprise,1-Year,Bank Transfer,2024-06,6,1699.31,10382.92,115,38,3,0,3,17.5,Low Risk,0,N/A
CUST-11621,Acro Capital Technologies,Education,Enterprise,2-Year,Bank Transfer,2024-06,18,1770.38,30823.24,123,67,0,3,9,2.5,Low Risk,0,N/A
CUST-11622,Boreal Capital Technologies,Healthcare,Professional,Month-to-Month,Credit Card,2024-06,20,380.77,7817.35,12,16,2,2,8,25.0,Low Risk,0,N/A
CUST-11623,Cortex Capital Technologies,E-Commerce,Starter,Month-to-Month,Electronic Check,2024-11,2,153.95,311.52,7,89,1,0,2,29.9,Low Risk,0,N/A
CUST-11624,Equinox Capital Technologies,Technology,Professional,1-Year,Bank Transfer,2024-08,8,453.12,3507.12,24,62,2,1,4,17.5,Low Risk,1,Poor Onboarding Experience
CUST-11625,Flux Capital Technologies,Manufacturing,Starter,Month-to-Month,Bank Transfer,2025-05,3,113.32,351.48,1,74,1,0,7,28.9,Low Risk,0,N/A
CUST-11626,Galactic Capital Technologies,Education,Professional,2-Year,Electronic Check,2025-01,10,511.92,5007.92,31,42,2,3,6,5.2,Low Risk,1,Budget Reallocation / Price
CUST-11627,Helix Capital Technologies,Healthcare,Starter,1-Year,Credit Card,2026-04,2,143.15,289.57,7,29,0,5,5,74.1,High Risk,1,Missing Core Feature
CUST-11628,Infini Capital Technologies,Manufacturing,Starter,Month-to-Month,Electronic Check,2025-11,2,131.27,256.17,2,64,0,8,6,48.8,Medium Risk,0,N/A
CUST-11629,Krypton Capital Technologies,Healthcare,Professional,Month-to-Month,Credit Card,2025-02,2,498.82,1035.52,26,69,3,0,5,50.0,Medium Risk,1,Low User Adoption
CUST-11630,Matrix Capital Technologies,Financial Services,Enterprise,2-Year,Bank Transfer,2025-06,8,1050.07,8191.41,37,17,6,5,7,42.6,Medium Risk,0,N/A
CUST-11631,Neutron Capital Technologies,Financial Services,Professional,Month-to-Month,Bank Transfer,2024-10,9,328.38,3025.44,6,49,0,1,5,40.1,Medium Risk,1,Budget Reallocation / Price
CUST-11632,Optima Capital Technologies,Manufacturing,Enterprise,1-Year,Bank Transfer,2024-12,10,1457.2,14641.26,85,83,1,0,9,1.4,Low Risk,0,N/A
CUST-11633,Prism Capital Technologies,Technology,Starter,Month-to-Month,Credit Card,2024-09,3,154.55,468.32,8,98,0,14,8,28.9,Low Risk,1,Budget Reallocation / Price
CUST-11634,Radiant Capital Technologies,Financial Services,Professional,Month-to-Month,Credit Card,2024-08,11,553.38,6075.96,35,90,1,5,2,31.0,Low Risk,0,N/A
CUST-11635,Solaris Capital Technologies,Technology,Starter,Month-to-Month,Credit Card,2025-02,4,141.75,553.95,7,52,0,1,9,9.5,Low Risk,0,N/A
CUST-11636,Titan Capital Technologies,Technology,Starter,1-Year,Electronic Check,2026-04,3,142.88,424.79,7,68,0,1,7,16.1,Low Risk,0,N/A
CUST-11637,Zenith Capital Technologies,Healthcare,Professional,2-Year,Bank Transfer,2025-10,5,563.82,2917.97,34,26,1,5,8,14.8,Low Risk,0,N/A
CUST-11638,Strata Capital Technologies,Healthcare,Professional,1-Year,Bank Transfer,2026-01,5,559.85,2773.51,34,54,0,2,8,9.5,Low Risk,0,N/A
CUST-11639,Synapse Capital Technologies,Financial Services,Enterprise,2-Year,Bank Transfer,2026-05,1,1693.92,1659.45,113,44,2,1,9,2.0,Low Risk,0,N/A
CUST-11640,Vortex Capital Technologies,Technology,Starter,Month-to-Month,Credit Card,2025-11,2,171.81,354.92,8,85,4,0,5,64.6,Medium Risk,1,Poor Onboarding Experience
CUST-11641,Vector Capital Technologies,Education,Starter,1-Year,Credit Card,2025-09,9,119.0,1098.97,2,70,0,1,6,9.5,Low Risk,0,N/A
CUST-11642,Zenith Capital Technologies,E-Commerce,Professional,Month-to-Month,Credit Card,2024-06,23,360.04,8214.54,11,80,2,5,7,7.9,Low Risk,0,N/A
CUST-11643,Aegis Capital Technologies,Education,Enterprise,1-Year,Credit Card,2025-07,3,1615.69,4870.74,102,32,3,2,2,55.0,Medium Risk,0,N/A
CUST-11644,Orion Capital Technologies,Education,Professional,1-Year,Credit Card,2025-02,13,463.75,6066.31,22,41,0,0,2,20.6,Low Risk,0,N/A
CUST-11645,Apex Insight Technologies,Education,Enterprise,2-Year,Credit Card,2024-06,25,931.11,24079.41,23,80,3,0,10,0.2,Low Risk,0,N/A
CUST-11646,Vanguard Insight Technologies,E-Commerce,Starter,Month-to-Month,Electronic Check,2024-07,25,120.65,3094.04,3,44,1,1,9,3.9,Low Risk,1,Poor Onboarding Experience
CUST-11647,Nexus Insight Technologies,Financial Services,Professional,Month-to-Month,Bank Transfer,2025-11,4,345.68,1398.18,10,26,2,0,6,41.3,Medium Risk,0,N/A
CUST-11648,Quantum Insight Technologies,Education,Starter,1-Year,Electronic Check,2025-03,1,135.56,132.2,5,63,1,0,6,13.6,Low Risk,0,N/A
CUST-11649,Hyperion Insight Technologies,Financial Services,Starter,2-Year,Bank Transfer,2025-06,9,184.07,1705.87,10,50,2,0,2,6.6,Low Risk,0,N/A
CUST-11650,Aura Insight Technologies,Education,Enterprise,Month-to-Month,Credit Card,2025-05,14,1066.81,15147.78,39,15,1,1,8,41.3,Medium Risk,0,N/A
CUST-11651,Catalyst Insight Technologies,Financial Services,Enterprise,1-Year,Bank Transfer,2026-01,5,1003.1,5125.72,33,33,4,2,3,74.1,High Risk,1,Poor Onboarding Experience
CUST-11652,Pulse Insight Technologies,Technology,Professional,Month-to-Month,Credit Card,2024-02,15,556.47,8612.99,34,21,0,1,7,46.3,Medium Risk,0,N/A
CUST-11653,Vertex Insight Technologies,Technology,Professional,Month-to-Month,Electronic Check,2025-06,3,396.26,1212.77,17,98,3,0,6,14.8,Low Risk,0,N/A
CUST-11654,Starlight Insight Technologies,Technology,Professional,Month-to-Month,Credit Card,2024-11,19,305.02,5564.58,5,38,1,1,6,9.5,Low Risk,1,Low User Adoption
CUST-11655,Beacon Insight Technologies,Manufacturing,Professional,2-Year,Electronic Check,2024-06,26,505.49,13500.93,28,75,1,0,8,1.3,Low Risk,0,N/A
CUST-11656,Cobalt Insight Technologies,Healthcare,Professional,1-Year,Bank Transfer,2026-06,2,409.99,812.21,19,39,2,8,6,23.1,Low Risk,1,Low User Adoption
CUST-11657,Crest Insight Technologies,Education,Starter,Month-to-Month,Electronic Check,2025-04,1,134.69,130.84,5,25,0,3,6,75.0,High Risk,1,Executive Leadership Turnover
CUST-11658,Elevation Insight Technologies,Healthcare,Professional,1-Year,Credit Card,2026-06,1,390.02,392.2,16,43,1,0,5,27.9,Low Risk,0,N/A
CUST-11659,Frontier Insight Technologies,E-Commerce,Enterprise,Month-to-Month,Credit Card,2024-01,5,1025.25,5047.65,35,52,0,1,9,9.5,Low Risk,0,N/A
CUST-11660,Horizon Insight Technologies,Financial Services,Starter,1-Year,Credit Card,2026-03,4,148.95,591.04,7,62,2,0,1,17.5,Low Risk,0,N/A
CUST-11661,Integra Insight Technologies,Education,Starter,Month-to-Month,Electronic Check,2025-07,8,176.14,1369.92,9,78,0,1,10,4.3,Low Risk,0,N/A
CUST-11662,Kinetic Insight Technologies,Healthcare,Enterprise,Month-to-Month,Electronic Check,2025-08,10,1405.48,14130.07,79,82,1,2,4,19.0,Low Risk,0,N/A
CUST-11663,Luminary Insight Technologies,E-Commerce,Enterprise,Month-to-Month,Bank Transfer,2025-08,9,1267.72,11333.68,64,64,0,21,8,72.1,High Risk,1,Poor Onboarding Experience
CUST-11664,Meridian Insight Technologies,Technology,Enterprise,2-Year,Credit Card,2025-07,10,1779.19,17433.14,124,34,1,3,9,6.3,Low Risk,0,N/A
CUST-11665,Nova Insight Technologies,Financial Services,Professional,2-Year,Credit Card,2025-03,16,501.21,7776.48,28,72,1,1,9,1.1,Low Risk,0,N/A
CUST-11666,Omni Insight Technologies,Financial Services,Professional,2-Year,Bank Transfer,2025-08,4,315.81,1273.29,6,27,0,2,8,10.0,Low Risk,0,N/A
CUST-11667,Pinnacle Insight Technologies,Healthcare,Enterprise,Month-to-Month,Bank Transfer,2024-10,2,1764.84,3593.04,123,98,5,2,10,22.3,Low Risk,1,Low User Adoption
CUST-11668,Acro Insight Technologies,Technology,Enterprise,1-Year,Electronic Check,2026-04,3,1577.94,4762.19,98,87,0,1,1,16.8,Low Risk,0,N/A
CUST-11669,Boreal Insight Technologies,Financial Services,Starter,Month-to-Month,Credit Card,2025-02,11,173.45,1876.94,9,64,0,3,8,34.3,Low Risk,0,N/A
CUST-11670,Cortex Insight Technologies,Technology,Starter,Month-to-Month,Bank Transfer,2024-08,1,107.95,104.52,3,87,4,45,7,87.5,High Risk,0,N/A
CUST-11671,Equinox Insight Technologies,Financial Services,Professional,2-Year,Credit Card,2026-03,5,464.52,2245.52,24,19,1,5,7,14.8,Low Risk,1,Missing Core Feature
CUST-11672,Flux Insight Technologies,Education,Starter,Month-to-Month,Bank Transfer,2025-05,7,104.7,746.53,1,88,0,1,8,10.4,Low Risk,0,N/A
CUST-11673,Galactic Insight Technologies,Financial Services,Enterprise,1-Year,Bank Transfer,2024-09,4,908.34,3579.8,21,35,0,21,8,50.0,Medium Risk,1,Low User Adoption
CUST-11674,Helix Insight Technologies,E-Commerce,Starter,Month-to-Month,Credit Card,2024-03,16,106.37,1658.26,1,59,0,1,8,21.4,Low Risk,0,N/A
CUST-11675,Infini Insight Technologies,Technology,Starter,1-Year,Credit Card,2025-12,1,160.67,163.65,6,90,0,1,5,16.8,Low Risk,1,Budget Reallocation / Price
CUST-11676,Krypton Insight Technologies,Financial Services,Enterprise,Month-to-Month,Credit Card,2024-01,25,1570.13,40402.59,99,49,1,0,8,9.5,Low Risk,0,N/A
CUST-11677,Matrix Insight Technologies,Healthcare,Starter,2-Year,Credit Card,2025-04,14,129.81,1749.61,2,56,0,3,3,14.2,Low Risk,0,N/A
CUST-11678,Neutron Insight Technologies,Education,Professional,Month-to-Month,Credit Card,2025-10,3,527.12,1550.47,29,83,1,0,6,14.8,Low Risk,0,N/A
CUST-11679,Optima Insight Technologies,Manufacturing,Enterprise,Month-to-Month,Credit Card,2024-03,24,1671.81,40505.91,110,27,0,5,6,43.8,Medium Risk,0,N/A
CUST-11680,Prism Insight Technologies,Education,Starter,2-Year,Bank Transfer,2025-04,16,188.82,2903.32,10,15,0,0,5,21.4,Low Risk,0,N/A
CUST-11681,Radiant Insight Technologies,Financial Services,Starter,Month-to-Month,Bank Transfer,2026-01,2,127.1,244.52,5,92,4,3,4,77.7,High Risk,1,Low User Adoption
CUST-11682,Solaris Insight Technologies,Healthcare,Professional,1-Year,Credit Card,2024-02,8,417.91,3284.09,17,80,1,5,8,6.6,Low Risk,0,N/A
CUST-11683,Titan Insight Technologies,Education,Professional,Month-to-Month,Bank Transfer,2024-11,6,483.07,2883.89,26,92,2,0,9,3.6,Low Risk,0,N/A
CUST-11684,Zenith Insight Technologies,Manufacturing,Starter,Month-to-Month,Credit Card,2024-07,2,139.78,288.51,4,39,1,1,6,28.9,Low Risk,1,Low User Adoption
CUST-11685,Strata Insight Technologies,E-Commerce,Professional,1-Year,Credit Card,2024-02,20,450.19,8710.39,21,36,0,2,3,10.9,Low Risk,0,N/A
CUST-11686,Synapse Insight Technologies,Education,Enterprise,Month-to-Month,Bank Transfer,2026-04,2,1531.3,3077.52,92,64,1,0,7,28.9,Low Risk,0,N/A
CUST-11687,Vortex Insight Technologies,Financial Services,Starter,1-Year,Bank Transfer,2025-09,7,148.43,1009.65,7,19,0,1,8,25.0,Low Risk,0,N/A
CUST-11688,Vector Insight Technologies,Financial Services,Starter,Month-to-Month,Electronic Check,2024-12,9,172.23,1572.25,8,52,1,2,9,7.9,Low Risk,0,N/A
CUST-11689,Zenith Insight Technologies,Education,Professional,Month-to-Month,Credit Card,2024-03,10,557.92,5613.38,34,64,2,5,8,29.9,Low Risk,0,N/A
CUST-11690,Aegis Insight Technologies,E-Commerce,Enterprise,2-Year,Bank Transfer,2025-02,6,1971.14,12277.42,144,46,0,3,7,6.3,Low Risk,1,Competitor Migration
CUST-11691,Orion Insight Technologies,Healthcare,Professional,Month-to-Month,Bank Transfer,2025-04,15,331.9,4936.03,7,15,0,1,7,46.3,Medium Risk,1,Missing Core Feature
CUST-11692,Apex Dynamic Technologies,Technology,Starter,Month-to-Month,Bank Transfer,2025-12,5,129.69,653.0,4,97,0,2,6,10.4,Low Risk,1,Low User Adoption
CUST-11693,Vanguard Dynamic Technologies,Technology,Enterprise,2-Year,Bank Transfer,2025-12,2,1003.23,1951.58,31,96,0,1,1,6.3,Low Risk,0,N/A
CUST-11694,Nexus Dynamic Technologies,Healthcare,Professional,1-Year,Credit Card,2024-12,8,434.49,3536.15,19,29,1,5,10,16.8,Low Risk,1,Low User Adoption
CUST-11695,Quantum Dynamic Technologies,E-Commerce,Starter,1-Year,Credit Card,2024-10,22,160.71,3406.6,8,56,0,0,8,4.7,Low Risk,0,N/A
CUST-11696,Hyperion Dynamic Technologies,Financial Services,Professional,1-Year,Electronic Check,2024-08,17,565.17,9681.1,35,26,0,0,8,25.0,Low Risk,0,N/A
CUST-11697,Aura Dynamic Technologies,Financial Services,Professional,2-Year,Electronic Check,2026-01,3,432.4,1283.81,21,65,6,0,4,35.4,Medium Risk,0,N/A
CUST-11698,Catalyst Dynamic Technologies,Technology,Professional,1-Year,Credit Card,2024-08,14,418.33,5832.09,20,28,3,5,6,34.3,Low Risk,0,N/A
CUST-11699,Pulse Dynamic Technologies,Financial Services,Professional,Month-to-Month,Electronic Check,2024-01,5,464.4,2298.68,25,40,1,45,7,67.9,High Risk,1,Missing Core Feature
CUST-11700,Vertex Dynamic Technologies,Healthcare,Professional,1-Year,Credit Card,2024-03,14,321.44,4526.11,7,78,3,1,2,8.3,Low Risk,0,N/A
CUST-11701,Starlight Dynamic Technologies,Financial Services,Starter,Month-to-Month,Credit Card,2024-10,15,133.58,1982.12,5,87,0,3,10,7.9,Low Risk,0,N/A
CUST-11702,Beacon Dynamic Technologies,Technology,Professional,2-Year,Credit Card,2024-02,11,398.3,4389.96,15,73,0,14,3,14.2,Low Risk,0,N/A
CUST-11703,Cobalt Dynamic Technologies,Manufacturing,Professional,2-Year,Electronic Check,2025-01,7,433.25,2989.63,18,69,0,8,8,6.3,Low Risk,0,N/A
CUST-11704,Crest Dynamic Technologies,Manufacturing,Professional,Month-to-Month,Credit Card,2024-01,12,482.47,5779.57,25,74,0,0,5,40.1,Medium Risk,0,N/A
CUST-11705,Elevation Dynamic Technologies,E-Commerce,Enterprise,Month-to-Month,Bank Transfer,2025-09,2,1094.97,2140.36,42,87,0,0,6,17.5,Low Risk,0,N/A
CUST-11706,Frontier Dynamic Technologies,Healthcare,Professional,Month-to-Month,Credit Card,2024-07,19,474.95,8895.66,24,66,0,0,9,4.7,Low Risk,0,N/A
CUST-11707,Horizon Dynamic Technologies,Healthcare,Enterprise,2-Year,Credit Card,2024-09,6,1896.66,11581.09,137,71,1,0,10,1.1,Low Risk,0,N/A
CUST-11708,Integra Dynamic Technologies,Financial Services,Professional,1-Year,Bank Transfer,2024-04,9,302.28,2724.06,6,15,0,2,5,45.0,Medium Risk,0,N/A
CUST-11709,Kinetic Dynamic Technologies,Financial Services,Starter,Month-to-Month,Credit Card,2024-05,20,140.31,2767.64,5,16,2,1,9,11.4,Low Risk,0,N/A
CUST-11710,Luminary Dynamic Technologies,Financial Services,Professional,Month-to-Month,Electronic Check,2024-11,14,354.38,4812.21,9,87,2,2,5,19.0,Low Risk,0,N/A
CUST-11711,Meridian Dynamic Technologies,Technology,Professional,2-Year,Bank Transfer,2024-05,6,418.6,2505.06,17,70,6,3,4,36.6,Medium Risk,1,Poor Onboarding Experience
CUST-11712,Nova Dynamic Technologies,Healthcare,Starter,1-Year,Credit Card,2024-02,13,112.0,1398.16,2,66,4,3,1,63.4,Medium Risk,0,N/A
CUST-11713,Omni Dynamic Technologies,Manufacturing,Starter,Month-to-Month,Credit Card,2024-06,20,127.75,2460.48,4,79,2,0,6,4.3,Low Risk,0,N/A
CUST-11714,Pinnacle Dynamic Technologies,E-Commerce,Professional,Month-to-Month,Credit Card,2024-01,22,390.98,8552.03,14,97,3,1,8,4.3,Low Risk,0,N/A
CUST-11715,Acro Dynamic Technologies,E-Commerce,Starter,1-Year,Credit Card,2024-06,1,197.91,195.64,10,20,0,1,9,19.0,Low Risk,0,N/A
CUST-11716,Boreal Dynamic Technologies,E-Commerce,Enterprise,1-Year,Bank Transfer,2025-03,9,1491.61,13121.19,87,55,1,2,5,17.5,Low Risk,0,N/A
CUST-11717,Cortex Dynamic Technologies,Manufacturing,Professional,1-Year,Electronic Check,2025-11,5,465.78,2242.15,23,91,2,0,9,1.4,Low Risk,0,N/A
CUST-11718,Equinox Dynamic Technologies,Education,Professional,Month-to-Month,Bank Transfer,2025-11,4,402.49,1641.55,15,33,3,3,7,57.4,Medium Risk,1,Competitor Migration
CUST-11719,Flux Dynamic Technologies,Manufacturing,Starter,Month-to-Month,Credit Card,2025-07,12,143.55,1738.57,7,83,3,0,9,3.6,Low Risk,0,N/A
CUST-11720,Galactic Dynamic Technologies,Manufacturing,Enterprise,Month-to-Month,Bank Transfer,2025-10,8,1390.8,11408.23,78,70,2,30,9,45.0,Medium Risk,1,Competitor Migration
CUST-11721,Helix Dynamic Technologies,Manufacturing,Professional,Month-to-Month,Electronic Check,2026-06,1,398.37,409.44,14,58,1,1,7,28.9,Low Risk,0,N/A
CUST-11722,Infini Dynamic Technologies,Manufacturing,Professional,Month-to-Month,Credit Card,2025-06,11,569.28,6205.94,34,76,0,2,10,4.3,Low Risk,0,N/A
CUST-11723,Krypton Dynamic Technologies,Technology,Starter,Month-to-Month,Credit Card,2025-07,11,132.06,1507.57,2,62,1,1,10,7.9,Low Risk,0,N/A
CUST-11724,Matrix Dynamic Technologies,Financial Services,Starter,1-Year,Credit Card,2025-07,13,149.54,1999.71,6,64,0,2,5,20.6,Low Risk,1,Low User Adoption
CUST-11725,Neutron Dynamic Technologies,E-Commerce,Starter,Month-to-Month,Credit Card,2025-07,3,168.14,520.6,7,68,0,1,1,55.0,Medium Risk,1,Budget Reallocation / Price
CUST-11726,Optima Dynamic Technologies,Education,Professional,Month-to-Month,Credit Card,2026-06,2,439.22,912.96,21,56,0,3,9,26.9,Low Risk,0,N/A
CUST-11727,Prism Dynamic Technologies,Healthcare,Starter,Month-to-Month,Credit Card,2025-03,11,149.61,1669.84,7,81,2,1,7,8.7,Low Risk,0,N/A
CUST-11728,Radiant Dynamic Technologies,Financial Services,Starter,Month-to-Month,Bank Transfer,2026-05,2,152.35,292.63,7,53,0,3,8,48.8,Medium Risk,1,Budget Reallocation / Price
CUST-11729,Solaris Dynamic Technologies,Healthcare,Starter,2-Year,Bank Transfer,2026-01,2,171.93,356.47,7,55,3,5,8,9.1,Low Risk,0,N/A
CUST-11730,Titan Dynamic Technologies,E-Commerce,Starter,2-Year,Bank Transfer,2024-07,17,175.94,2882.95,10,97,1,0,9,0.5,Low Risk,0,N/A
CUST-11731,Zenith Dynamic Technologies,Manufacturing,Professional,1-Year,Electronic Check,2025-12,1,349.56,337.43,12,42,0,2,8,16.1,Low Risk,0,N/A
CUST-11732,Strata Dynamic Technologies,Manufacturing,Professional,2-Year,Electronic Check,2026-05,2,446.88,883.93,20,32,3,1,4,28.9,Low Risk,1,Competitor Migration
CUST-11733,Synapse Dynamic Technologies,Manufacturing,Starter,2-Year,Credit Card,2024-12,13,99.46,1292.8,1,77,0,1,10,0.6,Low Risk,0,N/A
CUST-11734,Vortex Dynamic Technologies,Education,Enterprise,2-Year,Credit Card,2025-09,9,1456.69,12869.26,84,20,0,30,1,72.1,High Risk,1,Budget Reallocation / Price
CUST-11735,Vector Dynamic Technologies,Education,Enterprise,2-Year,Credit Card,2025-05,10,1010.55,10383.91,31,32,0,0,9,4.1,Low Risk,1,Competitor Migration
CUST-11736,Zenith Dynamic Technologies,Healthcare,Starter,Month-to-Month,Credit Card,2024-10,18,117.22,2077.68,2,70,1,2,10,7.9,Low Risk,0,N/A
CUST-11737,Aegis Dynamic Technologies,Manufacturing,Enterprise,1-Year,Credit Card,2024-07,1,1501.77,1518.76,88,79,1,3,9,4.7,Low Risk,0,N/A
CUST-11738,Orion Dynamic Technologies,E-Commerce,Professional,Month-to-Month,Credit Card,2024-08,21,534.31,11420.3,30,43,0,8,2,37.8,Medium Risk,0,N/A
CUST-11739,Apex Applied Technologies,E-Commerce,Professional,Month-to-Month,Electronic Check,2024-10,17,502.8,8330.01,29,41,0,30,5,86.4,High Risk,1,Poor Onboarding Experience
CUST-11740,Vanguard Applied Technologies,Manufacturing,Starter,2-Year,Credit Card,2026-05,1,110.5,113.36,2,74,1,0,9,2.0,Low Risk,0,N/A
CUST-11741,Nexus Applied Technologies,Financial Services,Professional,1-Year,Bank Transfer,2025-02,5,421.3,2098.13,18,45,0,3,5,33.2,Low Risk,0,N/A
CUST-11742,Quantum Applied Technologies,Manufacturing,Enterprise,2-Year,Bank Transfer,2025-10,10,974.32,9995.68,26,22,0,5,9,7.6,Low Risk,0,N/A
CUST-11743,Hyperion Applied Technologies,Education,Professional,1-Year,Credit Card,2026-02,4,474.68,1886.68,25,72,1,3,3,28.9,Low Risk,0,N/A
CUST-11744,Aura Applied Technologies,Financial Services,Starter,2-Year,Electronic Check,2025-06,9,183.87,1597.42,10,94,2,5,8,2.3,Low Risk,0,N/A
CUST-11745,Catalyst Applied Technologies,Manufacturing,Starter,1-Year,Bank Transfer,2025-05,10,169.59,1702.75,8,95,1,1,8,3.6,Low Risk,0,N/A
CUST-11746,Pulse Applied Technologies,E-Commerce,Professional,Month-to-Month,Bank Transfer,2025-04,13,425.8,5662.21,21,25,0,2,8,46.3,Medium Risk,1,Executive Leadership Turnover
CUST-11747,Vertex Applied Technologies,Manufacturing,Starter,Month-to-Month,Electronic Check,2024-04,5,157.34,804.58,6,87,1,1,8,8.7,Low Risk,0,N/A
CUST-11748,Starlight Applied Technologies,Technology,Professional,Month-to-Month,Electronic Check,2024-01,30,351.54,10164.07,9,66,1,3,10,7.2,Low Risk,1,Missing Core Feature
CUST-11749,Beacon Applied Technologies,Manufacturing,Starter,1-Year,Bank Transfer,2025-06,10,175.78,1748.89,8,44,0,8,7,16.8,Low Risk,0,N/A
CUST-11750,Cobalt Applied Technologies,Financial Services,Professional,Month-to-Month,Bank Transfer,2025-02,16,440.25,7249.7,19,56,1,2,9,7.9,Low Risk,0,N/A
CUST-11751,Crest Applied Technologies,Healthcare,Starter,Month-to-Month,Bank Transfer,2024-04,25,148.96,3673.14,8,36,3,2,9,3.9,Low Risk,0,N/A
CUST-11752,Elevation Applied Technologies,Education,Starter,2-Year,Credit Card,2025-09,2,146.9,288.48,6,82,1,2,9,0.9,Low Risk,0,N/A
CUST-11753,Frontier Applied Technologies,Financial Services,Starter,Month-to-Month,Bank Transfer,2024-03,10,135.87,1315.48,5,23,0,1,2,67.9,High Risk,0,N/A
CUST-11754,Horizon Applied Technologies,Healthcare,Enterprise,Month-to-Month,Credit Card,2025-03,4,1615.78,6243.19,102,56,1,1,10,7.9,Low Risk,0,N/A
CUST-11755,Integra Applied Technologies,Technology,Professional,Month-to-Month,Credit Card,2024-02,28,438.74,12144.34,19,33,0,21,9,59.9,Medium Risk,0,N/A
CUST-11756,Kinetic Applied Technologies,Manufacturing,Starter,1-Year,Bank Transfer,2026-06,1,174.17,170.24,7,69,2,1,6,13.6,Low Risk,1,Poor Onboarding Experience
CUST-11757,Luminary Applied Technologies,Healthcare,Professional,Month-to-Month,Credit Card,2026-04,1,424.15,427.59,20,60,1,1,7,28.9,Low Risk,0,N/A
CUST-11758,Meridian Applied Technologies,Education,Professional,Month-to-Month,Credit Card,2025-06,13,482.87,6211.17,26,41,2,0,9,7.9,Low Risk,0,N/A
CUST-11759,Nova Applied Technologies,Education,Professional,1-Year,Bank Transfer,2024-10,3,464.73,1366.78,25,63,3,3,2,42.6,Medium Risk,1,Executive Leadership Turnover
CUST-11760,Omni Applied Technologies,Healthcare,Professional,2-Year,Electronic Check,2024-10,10,515.12,5087.48,30,64,3,3,7,5.2,Low Risk,0,N/A
CUST-11761,Pinnacle Applied Technologies,Education,Professional,Month-to-Month,Credit Card,2024-09,20,443.42,9150.46,22,29,1,1,6,25.0,Low Risk,0,N/A
CUST-11762,Acro Applied Technologies,Technology,Professional,1-Year,Credit Card,2024-10,4,328.66,1335.57,8,44,2,0,6,7.9,Low Risk,0,N/A
CUST-11763,Boreal Applied Technologies,Technology,Professional,Month-to-Month,Credit Card,2025-03,10,385.61,3867.21,13,18,2,0,9,21.4,Low Risk,0,N/A
CUST-11764,Cortex Applied Technologies,Financial Services,Professional,1-Year,Bank Transfer,2024-05,14,382.49,5391.33,12,96,0,14,1,17.5,Low Risk,0,N/A
CUST-11765,Equinox Applied Technologies,Education,Enterprise,Month-to-Month,Credit Card,2025-03,4,1155.02,4435.83,49,91,2,30,7,47.5,Medium Risk,0,N/A
CUST-11766,Flux Applied Technologies,Financial Services,Professional,Month-to-Month,Electronic Check,2024-02,5,543.92,2619.44,34,31,0,2,5,67.9,High Risk,1,Low User Adoption
CUST-11767,Galactic Applied Technologies,Healthcare,Professional,2-Year,Credit Card,2025-08,12,418.88,5081.11,18,17,0,5,8,17.5,Low Risk,0,N/A
CUST-11768,Helix Applied Technologies,Financial Services,Enterprise,Month-to-Month,Bank Transfer,2024-08,12,1153.6,13629.65,50,23,1,5,9,34.3,Low Risk,0,N/A
CUST-11769,Infini Applied Technologies,E-Commerce,Enterprise,Month-to-Month,Credit Card,2025-01,7,1146.24,7947.55,48,23,1,3,6,57.4,Medium Risk,0,N/A
CUST-11770,Krypton Applied Technologies,Manufacturing,Professional,Month-to-Month,Bank Transfer,2025-10,8,402.89,3100.98,16,63,3,0,3,35.4,Medium Risk,0,N/A
CUST-11771,Matrix Applied Technologies,Manufacturing,Starter,Month-to-Month,Bank Transfer,2025-12,2,132.0,256.41,3,49,2,8,5,65.7,High Risk,1,Poor Onboarding Experience
CUST-11772,Neutron Applied Technologies,Manufacturing,Enterprise,Month-to-Month,Credit Card,2024-08,3,1402.04,4163.65,78,47,4,0,8,63.4,Medium Risk,0,N/A
CUST-11773,Optima Applied Technologies,E-Commerce,Starter,Month-to-Month,Bank Transfer,2026-02,5,119.71,581.03,4,73,1,1,9,7.9,Low Risk,0,N/A
CUST-11774,Prism Applied Technologies,Education,Starter,Month-to-Month,Credit Card,2025-09,7,109.41,766.0,1,69,0,0,8,21.4,Low Risk,0,N/A
CUST-11775,Radiant Applied Technologies,Technology,Starter,Month-to-Month,Bank Transfer,2025-07,2,173.81,338.47,9,56,0,0,5,55.0,Medium Risk,1,Poor Onboarding Experience
CUST-11776,Solaris Applied Technologies,Technology,Enterprise,Month-to-Month,Credit Card,2024-04,2,931.51,1837.78,23,93,2,2,6,14.8,Low Risk,0,N/A
CUST-11777,Titan Applied Technologies,E-Commerce,Enterprise,1-Year,Bank Transfer,2026-04,4,1795.48,7435.91,124,89,2,0,9,1.4,Low Risk,0,N/A
CUST-11778,Zenith Applied Technologies,Healthcare,Professional,Month-to-Month,Bank Transfer,2024-02,6,340.43,2109.57,11,79,1,1,8,8.7,Low Risk,0,N/A
CUST-11779,Strata Applied Technologies,Technology,Professional,Month-to-Month,Credit Card,2024-04,10,564.58,5564.39,34,34,0,1,2,67.9,High Risk,1,Budget Reallocation / Price
CUST-11780,Synapse Applied Technologies,Manufacturing,Professional,2-Year,Credit Card,2024-08,7,292.34,2126.8,5,81,0,0,4,3.6,Low Risk,0,N/A
CUST-11781,Vortex Applied Technologies,Healthcare,Enterprise,Month-to-Month,Credit Card,2024-05,21,1175.95,23932.12,53,18,0,2,8,28.9,Low Risk,1,Missing Core Feature
CUST-11782,Vector Applied Technologies,Healthcare,Starter,1-Year,Bank Transfer,2025-09,3,130.32,380.27,5,61,0,1,10,6.9,Low Risk,0,N/A
CUST-11783,Zenith Applied Technologies,Education,Professional,Month-to-Month,Bank Transfer,2024-05,7,403.13,2808.98,15,53,0,1,9,9.5,Low Risk,0,N/A
CUST-11784,Aegis Applied Technologies,Technology,Starter,Month-to-Month,Bank Transfer,2025-12,1,183.42,183.03,10,89,5,0,8,42.6,Medium Risk,0,N/A
CUST-11785,Orion Applied Technologies,Healthcare,Starter,1-Year,Bank Transfer,2025-04,8,184.76,1464.32,10,60,1,3,6,14.2,Low Risk,0,N/A
CUST-11786,Apex Core Technologies,E-Commerce,Starter,Month-to-Month,Credit Card,2026-05,2,151.2,300.38,6,35,1,0,8,28.9,Low Risk,1,Poor Onboarding Experience
CUST-11787,Vanguard Core Technologies,Technology,Starter,Month-to-Month,Credit Card,2024-12,6,139.17,827.93,6,51,3,3,10,14.2,Low Risk,0,N/A
CUST-11788,Nexus Core Technologies,Education,Starter,1-Year,Credit Card,2025-11,7,126.33,901.85,4,31,2,8,8,34.3,Low Risk,0,N/A
CUST-11789,Quantum Core Technologies,Healthcare,Starter,1-Year,Bank Transfer,2024-11,16,157.28,2607.25,7,25,0,1,8,25.0,Low Risk,0,N/A
CUST-11790,Hyperion Core Technologies,Education,Professional,Month-to-Month,Electronic Check,2024-10,14,543.36,7554.07,34,85,0,3,5,35.4,Medium Risk,0,N/A
CUST-11791,Aura Core Technologies,Technology,Starter,1-Year,Credit Card,2024-08,20,162.15,3138.23,9,92,2,3,9,1.3,Low Risk,0,N/A
CUST-11792,Catalyst Core Technologies,Healthcare,Professional,Month-to-Month,Credit Card,2025-09,4,427.92,1695.18,21,74,0,0,7,21.4,Low Risk,1,Competitor Migration
CUST-11793,Pulse Core Technologies,E-Commerce,Professional,Month-to-Month,Bank Transfer,2025-06,10,522.05,5173.14,29,69,3,14,9,14.2,Low Risk,1,Competitor Migration
CUST-11794,Vertex Core Technologies,Financial Services,Professional,Month-to-Month,Bank Transfer,2026-02,2,319.11,626.88,8,90,2,3,7,25.0,Low Risk,1,Executive Leadership Turnover
CUST-11795,Starlight Core Technologies,Healthcare,Professional,Month-to-Month,Credit Card,2024-12,13,532.15,7117.5,31,41,4,0,3,70.1,High Risk,1,Low User Adoption
CUST-11796,Beacon Core Technologies,Manufacturing,Professional,Month-to-Month,Credit Card,2025-05,14,365.9,5212.19,14,25,6,0,8,75.0,High Risk,1,Poor Onboarding Experience
CUST-11797,Cobalt Core Technologies,Manufacturing,Professional,2-Year,Bank Transfer,2025-10,9,464.85,4146.71,24,43,0,0,3,7.9,Low Risk,0,N/A
CUST-11798,Crest Core Technologies,Healthcare,Starter,Month-to-Month,Credit Card,2025-07,10,166.46,1628.86,10,49,2,0,8,18.2,Low Risk,0,N/A
CUST-11799,Elevation Core Technologies,Financial Services,Starter,1-Year,Bank Transfer,2025-10,5,169.16,858.75,7,83,2,0,9,1.4,Low Risk,0,N/A
CUST-11800,Frontier Core Technologies,Technology,Professional,Month-to-Month,Credit Card,2024-02,3,546.49,1649.75,35,47,4,0,7,63.4,Medium Risk,0,N/A
CUST-11801,Horizon Core Technologies,Education,Professional,Month-to-Month,Electronic Check,2025-09,3,470.41,1459.31,26,19,0,2,9,37.8,Medium Risk,0,N/A
CUST-11802,Integra Core Technologies,E-Commerce,Enterprise,Month-to-Month,Credit Card,2024-02,8,983.18,8114.19,28,52,0,14,9,16.8,Low Risk,0,N/A
CUST-11803,Kinetic Core Technologies,Financial Services,Starter,2-Year,Bank Transfer,2024-07,3,154.09,474.75,5,69,0,1,10,2.4,Low Risk,0,N/A
CUST-11804,Luminary Core Technologies,Manufacturing,Starter,Month-to-Month,Credit Card,2024-04,28,170.38,4617.13,9,26,2,0,9,11.4,Low Risk,0,N/A
CUST-11805,Meridian Core Technologies,Education,Starter,Month-to-Month,Credit Card,2026-04,1,123.87,120.1,1,35,5,1,9,40.1,Medium Risk,1,Missing Core Feature
CUST-11806,Nova Core Technologies,Manufacturing,Professional,Month-to-Month,Credit Card,2025-11,2,469.47,929.97,25,92,0,1,9,7.6,Low Risk,0,N/A
CUST-11807,Omni Core Technologies,E-Commerce,Starter,1-Year,Bank Transfer,2026-06,2,105.86,213.03,2,53,1,0,10,5.7,Low Risk,0,N/A
CUST-11808,Pinnacle Core Technologies,Financial Services,Starter,Month-to-Month,Bank Transfer,2025-11,4,110.16,457.06,3,25,4,0,2,88.1,High Risk,1,Poor Onboarding Experience
CUST-11809,Acro Core Technologies,Healthcare,Starter,1-Year,Bank Transfer,2024-11,6,159.18,944.63,7,98,1,1,3,8.3,Low Risk,0,N/A
CUST-11810,Boreal Core Technologies,E-Commerce,Professional,Month-to-Month,Credit Card,2025-11,5,338.7,1694.41,7,81,1,8,7,15.4,Low Risk,0,N/A
CUST-11811,Cortex Core Technologies,Manufacturing,Starter,Month-to-Month,Electronic Check,2025-11,6,90.07,534.54,1,70,1,14,9,14.2,Low Risk,0,N/A
CUST-11812,Equinox Core Technologies,Manufacturing,Starter,Month-to-Month,Credit Card,2024-03,15,135.81,1997.87,3,34,1,0,8,41.3,Medium Risk,1,Missing Core Feature
CUST-11813,Flux Core Technologies,Technology,Professional,Month-to-Month,Electronic Check,2026-06,2,469.0,972.2,26,29,3,0,9,33.2,Low Risk,0,N/A
CUST-11814,Galactic Core Technologies,E-Commerce,Enterprise,1-Year,Credit Card,2026-02,1,1451.42,1462.97,86,15,0,2,9,19.0,Low Risk,0,N/A
CUST-11815,Helix Core Technologies,Education,Starter,Month-to-Month,Bank Transfer,2025-02,6,114.51,668.45,2,39,1,0,6,18.2,Low Risk,0,N/A
CUST-11816,Infini Core Technologies,Healthcare,Starter,1-Year,Bank Transfer,2025-06,5,112.33,565.74,3,75,0,0,5,20.6,Low Risk,0,N/A
CUST-11817,Krypton Core Technologies,Financial Services,Starter,1-Year,Credit Card,2025-03,4,126.23,498.74,5,44,1,3,8,14.2,Low Risk,0,N/A
CUST-11818,Matrix Core Technologies,Technology,Enterprise,2-Year,Electronic Check,2026-06,1,1575.8,1612.55,100,36,2,1,4,11.4,Low Risk,0,N/A
CUST-11819,Neutron Core Technologies,E-Commerce,Starter,1-Year,Bank Transfer,2026-01,4,164.98,634.78,6,82,0,0,8,4.3,Low Risk,0,N/A
CUST-11820,Optima Core Technologies,Financial Services,Starter,1-Year,Bank Transfer,2024-10,3,154.85,479.65,5,93,0,3,9,5.7,Low Risk,0,N/A
CUST-11821,Prism Core Technologies,Education,Starter,1-Year,Bank Transfer,2026-05,3,167.95,521.03,8,31,1,0,8,33.2,Low Risk,0,N/A
CUST-11822,Radiant Core Technologies,Healthcare,Starter,Month-to-Month,Electronic Check,2025-09,1,140.96,144.61,4,44,1,2,3,50.0,Medium Risk,1,Competitor Migration
CUST-11823,Solaris Core Technologies,Manufacturing,Professional,2-Year,Electronic Check,2026-03,4,491.56,1941.78,27,91,1,1,6,1.2,Low Risk,0,N/A
CUST-11824,Titan Core Technologies,E-Commerce,Professional,1-Year,Bank Transfer,2026-01,3,462.03,1378.32,23,38,1,3,9,10.4,Low Risk,0,N/A
CUST-11825,Zenith Core Technologies,Education,Starter,Month-to-Month,Credit Card,2025-06,7,135.58,928.83,5,16,1,3,7,57.4,Medium Risk,1,Competitor Migration
CUST-11826,Strata Core Technologies,Financial Services,Starter,Month-to-Month,Credit Card,2024-03,8,91.9,714.03,1,68,2,0,8,18.2,Low Risk,0,N/A
CUST-11827,Synapse Core Technologies,Healthcare,Professional,Month-to-Month,Credit Card,2025-08,3,434.81,1339.64,21,96,1,1,6,14.8,Low Risk,0,N/A
CUST-11828,Vortex Core Technologies,Healthcare,Starter,1-Year,Bank Transfer,2024-05,9,107.6,964.86,1,37,0,1,9,3.9,Low Risk,0,N/A
CUST-11829,Vector Core Technologies,Healthcare,Starter,2-Year,Credit Card,2024-04,11,143.47,1518.68,6,83,0,1,9,0.6,Low Risk,0,N/A
CUST-11830,Zenith Core Technologies,Healthcare,Enterprise,Month-to-Month,Credit Card,2024-02,8,1705.52,13416.16,116,42,0,0,9,9.5,Low Risk,0,N/A
CUST-11831,Aegis Core Technologies,Healthcare,Enterprise,Month-to-Month,Electronic Check,2025-05,7,1078.78,7486.4,41,43,0,0,9,9.5,Low Risk,0,N/A
CUST-11832,Orion Core Technologies,Education,Professional,Month-to-Month,Bank Transfer,2024-06,20,321.49,6649.76,7,32,3,0,3,45.0,Medium Risk,0,N/A
CUST-11833,Apex Prime Technologies,Healthcare,Enterprise,1-Year,Electronic Check,2025-01,7,1686.46,12106.87,111,75,3,5,7,14.2,Low Risk,0,N/A
CUST-11834,Vanguard Prime Technologies,Technology,Enterprise,1-Year,Credit Card,2024-10,18,1181.87,20505.68,51,60,0,0,7,9.5,Low Risk,0,N/A
CUST-11835,Nexus Prime Technologies,Manufacturing,Starter,1-Year,Credit Card,2025-04,3,121.91,370.06,4,92,0,0,1,16.8,Low Risk,0,N/A
CUST-11836,Quantum Prime Technologies,E-Commerce,Starter,Month-to-Month,Credit Card,2025-10,5,112.45,539.87,3,78,0,3,6,18.2,Low Risk,0,N/A
CUST-11837,Hyperion Prime Technologies,E-Commerce,Professional,Month-to-Month,Bank Transfer,2026-02,3,478.92,1433.17,24,42,0,0,10,16.1,Low Risk,0,N/A
CUST-11838,Aura Prime Technologies,Manufacturing,Professional,Month-to-Month,Credit Card,2026-03,2,377.1,745.32,14,71,0,3,8,48.8,Medium Risk,0,N/A
CUST-11839,Catalyst Prime Technologies,Education,Professional,Month-to-Month,Credit Card,2025-04,14,539.15,7637.53,34,68,2,1,6,18.2,Low Risk,0,N/A
CUST-11840,Pulse Prime Technologies,E-Commerce,Starter,Month-to-Month,Bank Transfer,2025-11,6,116.43,673.98,1,76,1,1,3,19.0,Low Risk,0,N/A
CUST-11841,Vertex Prime Technologies,Healthcare,Starter,1-Year,Credit Card,2025-03,1,111.18,107.94,2,64,1,1,7,13.6,Low Risk,0,N/A
CUST-11842,Starlight Prime Technologies,Healthcare,Professional,1-Year,Bank Transfer,2024-05,13,333.37,4476.52,8,96,1,0,7,3.6,Low Risk,0,N/A
CUST-11843,Beacon Prime Technologies,Technology,Starter,Month-to-Month,Bank Transfer,2025-12,2,127.22,255.75,3,73,3,3,5,65.7,High Risk,0,N/A
CUST-11844,Cobalt Prime Technologies,Education,Starter,Month-to-Month,Bank Transfer,2025-02,12,139.11,1619.48,4,91,2,1,7,8.7,Low Risk,0,N/A
CUST-11845,Crest Prime Technologies,E-Commerce,Professional,Month-to-Month,Credit Card,2024-07,22,458.48,9852.8,22,78,1,2,9,1.7,Low Risk,0,N/A
CUST-11846,Elevation Prime Technologies,Manufacturing,Starter,Month-to-Month,Electronic Check,2026-03,4,100.94,415.58,2,60,0,1,6,21.4,Low Risk,0,N/A
CUST-11847,Frontier Prime Technologies,Healthcare,Enterprise,Month-to-Month,Bank Transfer,2024-09,11,1690.23,18392.37,114,59,0,5,5,56.2,Medium Risk,0,N/A
CUST-11848,Horizon Prime Technologies,E-Commerce,Starter,2-Year,Bank Transfer,2025-03,17,161.48,2698.6,7,52,1,0,6,2.8,Low Risk,0,N/A
CUST-11849,Integra Prime Technologies,Financial Services,Enterprise,1-Year,Bank Transfer,2025-02,5,942.24,4576.65,25,87,1,1,10,1.4,Low Risk,0,N/A
CUST-11850,Kinetic Prime Technologies,Education,Starter,1-Year,Electronic Check,2025-11,8,166.81,1343.48,7,37,1,0,6,7.9,Low Risk,1,Poor Onboarding Experience
CUST-11851,Luminary Prime Technologies,Healthcare,Starter,Month-to-Month,Credit Card,2024-10,14,153.33,2145.49,5,62,4,0,9,26.9,Low Risk,0,N/A
CUST-11852,Meridian Prime Technologies,Manufacturing,Enterprise,Month-to-Month,Credit Card,2025-07,8,907.54,7236.48,21,32,1,5,6,57.4,Medium Risk,0,N/A
CUST-11853,Nova Prime Technologies,Healthcare,Starter,Month-to-Month,Credit Card,2025-10,3,184.04,570.96,10,46,0,2,9,16.1,Low Risk,0,N/A
CUST-11854,Omni Prime Technologies,Education,Professional,2-Year,Credit Card,2026-01,6,376.24,2320.41,15,71,0,0,8,3.4,Low Risk,0,N/A
CUST-11855,Pinnacle Prime Technologies,Manufacturing,Professional,2-Year,Electronic Check,2026-03,2,292.95,586.74,5,18,3,5,9,10.9,Low Risk,0,N/A
CUST-11856,Acro Prime Technologies,Manufacturing,Enterprise,Month-to-Month,Electronic Check,2025-06,4,1174.57,4653.56,52,41,6,0,9,26.9,Low Risk,0,N/A
CUST-11857,Boreal Prime Technologies,Manufacturing,Starter,Month-to-Month,Credit Card,2024-03,23,178.18,4234.97,9,41,1,5,8,16.8,Low Risk,0,N/A
CUST-11858,Cortex Prime Technologies,E-Commerce,Enterprise,2-Year,Electronic Check,2024-09,19,1178.84,23055.86,54,21,0,0,6,5.0,Low Risk,0,N/A
CUST-11859,Equinox Prime Technologies,Manufacturing,Enterprise,1-Year,Electronic Check,2024-01,3,1698.25,5182.54,115,28,3,0,3,55.0,Medium Risk,1,Low User Adoption
CUST-11860,Flux Prime Technologies,Education,Professional,Month-to-Month,Credit Card,2025-05,10,464.22,4479.26,22,96,2,3,6,15.4,Low Risk,0,N/A
CUST-11861,Galactic Prime Technologies,Technology,Starter,Month-to-Month,Credit Card,2024-03,22,109.7,2416.31,2,42,3,0,8,9.5,Low Risk,0,N/A
CUST-11862,Helix Prime Technologies,Healthcare,Professional,Month-to-Month,Bank Transfer,2025-08,11,419.19,4591.68,19,16,0,1,10,25.0,Low Risk,0,N/A
CUST-11863,Infini Prime Technologies,E-Commerce,Enterprise,Month-to-Month,Electronic Check,2025-08,1,1885.71,1889.8,135,34,3,3,8,71.1,High Risk,1,Low User Adoption
CUST-11864,Krypton Prime Technologies,Manufacturing,Professional,Month-to-Month,Bank Transfer,2024-12,17,356.93,6102.41,11,64,1,3,10,14.2,Low Risk,1,Low User Adoption
CUST-11865,Matrix Prime Technologies,E-Commerce,Professional,Month-to-Month,Credit Card,2024-06,14,467.75,6395.2,23,23,1,0,6,41.3,Medium Risk,1,Low User Adoption
CUST-11866,Neutron Prime Technologies,Healthcare,Starter,Month-to-Month,Bank Transfer,2025-11,3,159.34,481.59,9,84,1,1,5,29.9,Low Risk,1,Executive Leadership Turnover
CUST-11867,Optima Prime Technologies,Manufacturing,Starter,1-Year,Bank Transfer,2026-05,3,119.58,352.07,3,76,0,0,8,7.6,Low Risk,0,N/A
CUST-11868,Prism Prime Technologies,E-Commerce,Professional,Month-to-Month,Electronic Check,2026-01,2,437.67,872.68,20,15,0,1,5,79.4,High Risk,0,N/A
CUST-11869,Radiant Prime Technologies,E-Commerce,Professional,1-Year,Bank Transfer,2024-11,3,420.24,1298.52,18,96,1,3,2,24.0,Low Risk,0,N/A
CUST-11870,Solaris Prime Technologies,Financial Services,Enterprise,Month-to-Month,Electronic Check,2025-03,7,1819.23,13083.41,129,15,1,2,7,41.3,Medium Risk,0,N/A
CUST-11871,Titan Prime Technologies,Education,Professional,2-Year,Electronic Check,2025-04,16,517.83,8457.58,31,75,1,3,8,5.2,Low Risk,0,N/A
CUST-11872,Zenith Prime Technologies,Financial Services,Starter,Month-to-Month,Credit Card,2025-01,7,130.27,878.92,3,15,2,0,7,41.3,Medium Risk,1,Missing Core Feature
CUST-11873,Strata Prime Technologies,Healthcare,Professional,Month-to-Month,Bank Transfer,2024-07,22,361.93,7928.72,13,21,0,2,9,13.6,Low Risk,0,N/A
CUST-11874,Synapse Prime Technologies,E-Commerce,Starter,1-Year,Electronic Check,2026-06,1,194.7,193.68,10,89,1,1,7,6.3,Low Risk,0,N/A
CUST-11875,Vortex Prime Technologies,E-Commerce,Professional,Month-to-Month,Credit Card,2025-10,7,422.24,3006.14,19,82,3,0,9,3.6,Low Risk,1,Low User Adoption
CUST-11876,Vector Prime Technologies,Healthcare,Starter,2-Year,Credit Card,2025-11,6,156.07,961.72,5,40,2,2,10,1.1,Low Risk,0,N/A
CUST-11877,Zenith Prime Technologies,Manufacturing,Starter,1-Year,Bank Transfer,2024-01,12,131.54,1614.92,5,51,1,0,2,17.5,Low Risk,1,Poor Onboarding Experience
CUST-11878,Aegis Prime Technologies,Manufacturing,Starter,1-Year,Bank Transfer,2025-01,5,132.8,667.82,6,68,0,1,4,20.6,Low Risk,0,N/A
CUST-11879,Orion Prime Technologies,Healthcare,Professional,Month-to-Month,Credit Card,2025-06,14,534.91,7725.04,32,41,0,0,7,21.4,Low Risk,1,Poor Onboarding Experience
CUST-11880,Apex Direct Technologies,Manufacturing,Starter,Month-to-Month,Bank Transfer,2024-09,13,142.97,1841.86,5,46,5,3,10,41.3,Medium Risk,0,N/A
CUST-11881,Vanguard Direct Technologies,Financial Services,Professional,Month-to-Month,Bank Transfer,2025-04,5,376.93,1890.49,12,67,1,0,7,18.2,Low Risk,0,N/A
CUST-11882,Nexus Direct Technologies,Financial Services,Enterprise,Month-to-Month,Bank Transfer,2024-01,2,1280.6,2594.82,62,19,2,3,8,71.1,High Risk,1,Poor Onboarding Experience
CUST-11883,Quantum Direct Technologies,Technology,Starter,Month-to-Month,Credit Card,2025-06,13,167.65,2127.65,7,58,0,5,7,34.3,Low Risk,1,Executive Leadership Turnover
CUST-11884,Hyperion Direct Technologies,Technology,Enterprise,Month-to-Month,Credit Card,2025-09,4,1348.59,5217.17,70,63,1,3,9,14.2,Low Risk,0,N/A
CUST-11885,Aura Direct Technologies,Technology,Starter,Month-to-Month,Credit Card,2024-08,3,109.63,338.19,1,85,1,0,1,29.9,Low Risk,0,N/A
CUST-11886,Catalyst Direct Technologies,Manufacturing,Enterprise,2-Year,Bank Transfer,2025-11,5,1281.44,6500.97,64,23,0,8,8,17.5,Low Risk,0,N/A
CUST-11887,Pulse Direct Technologies,Manufacturing,Professional,1-Year,Credit Card,2025-02,14,329.82,4441.92,6,26,0,1,4,45.0,Medium Risk,0,N/A
CUST-11888,Vertex Direct Technologies,Technology,Starter,Month-to-Month,Bank Transfer,2026-04,3,129.6,400.36,3,73,3,30,9,59.9,Medium Risk,0,N/A
CUST-11889,Starlight Direct Technologies,Education,Starter,Month-to-Month,Credit Card,2024-07,22,98.77,2163.88,2,46,0,2,7,11.4,Low Risk,0,N/A
CUST-11890,Beacon Direct Technologies,Manufacturing,Starter,1-Year,Bank Transfer,2024-10,5,109.31,553.01,3,69,1,1,7,7.9,Low Risk,0,N/A
CUST-11891,Cobalt Direct Technologies,Education,Starter,1-Year,Bank Transfer,2025-04,16,163.45,2555.94,8,65,3,0,7,7.9,Low Risk,0,N/A
CUST-11892,Crest Direct Technologies,Healthcare,Professional,1-Year,Bank Transfer,2025-12,6,456.71,2668.33,21,65,3,3,4,28.9,Low Risk,0,N/A
CUST-11893,Elevation Direct Technologies,Healthcare,Starter,Month-to-Month,Credit Card,2024-01,19,155.22,2907.86,7,39,1,1,10,3.9,Low Risk,0,N/A
CUST-11894,Frontier Direct Technologies,Healthcare,Professional,2-Year,Credit Card,2025-08,1,480.08,464.95,25,74,0,2,9,2.4,Low Risk,0,N/A
CUST-11895,Horizon Direct Technologies,Financial Services,Starter,Month-to-Month,Bank Transfer,2025-08,8,165.31,1371.1,8,63,0,1,5,40.1,Medium Risk,0,N/A
CUST-11896,Integra Direct Technologies,Manufacturing,Starter,2-Year,Electronic Check,2024-10,4,121.35,488.61,1,71,0,14,7,6.3,Low Risk,0,N/A
CUST-11897,Kinetic Direct Technologies,Manufacturing,Starter,2-Year,Credit Card,2025-01,12,126.66,1496.62,3,26,1,1,8,8.3,Low Risk,0,N/A
CUST-11898,Luminary Direct Technologies,E-Commerce,Starter,Month-to-Month,Credit Card,2024-09,9,158.59,1471.73,6,91,2,0,10,3.6,Low Risk,0,N/A
CUST-11899,Meridian Direct Technologies,Financial Services,Professional,1-Year,Credit Card,2025-07,4,319.43,1233.13,6,17,0,3,4,61.1,Medium Risk,0,N/A
CUST-11900,Nova Direct Technologies,Manufacturing,Starter,Month-to-Month,Credit Card,2024-01,13,106.27,1347.14,1,97,1,0,5,19.0,Low Risk,0,N/A
CUST-11901,Omni Direct Technologies,Manufacturing,Starter,Month-to-Month,Bank Transfer,2024-02,1,119.69,123.57,2,78,1,0,4,29.9,Low Risk,1,Competitor Migration
CUST-11902,Pinnacle Direct Technologies,Education,Professional,1-Year,Credit Card,2024-08,16,332.08,5433.1,9,96,0,0,9,1.7,Low Risk,0,N/A
CUST-11903,Acro Direct Technologies,Technology,Enterprise,2-Year,Electronic Check,2024-12,14,1494.68,20437.17,90,78,0,3,8,2.8,Low Risk,0,N/A
CUST-11904,Boreal Direct Technologies,Education,Starter,Month-to-Month,Bank Transfer,2025-01,14,139.16,1950.44,6,85,5,2,7,28.9,Low Risk,0,N/A
CUST-11905,Cortex Direct Technologies,Education,Professional,1-Year,Credit Card,2026-04,2,374.73,769.37,13,60,2,14,8,23.1,Low Risk,0,N/A
CUST-11906,Equinox Direct Technologies,Healthcare,Professional,Month-to-Month,Bank Transfer,2024-01,28,420.05,11863.91,17,73,1,1,1,20.6,Low Risk,0,N/A
CUST-11907,Flux Direct Technologies,Healthcare,Starter,1-Year,Bank Transfer,2026-03,3,167.0,515.69,7,53,0,21,7,64.6,Medium Risk,1,Budget Reallocation / Price
CUST-11908,Galactic Direct Technologies,Technology,Starter,Month-to-Month,Electronic Check,2024-02,20,134.17,2587.04,5,37,1,1,4,20.6,Low Risk,0,N/A
CUST-11909,Helix Direct Technologies,Healthcare,Starter,1-Year,Credit Card,2025-03,8,192.05,1571.86,10,77,4,5,8,23.1,Low Risk,0,N/A
CUST-11910,Infini Direct Technologies,Financial Services,Professional,1-Year,Bank Transfer,2025-02,5,467.67,2373.73,26,57,1,1,6,7.9,Low Risk,0,N/A
CUST-11911,Krypton Direct Technologies,Education,Starter,Month-to-Month,Credit Card,2024-10,7,132.31,946.31,6,58,0,0,9,9.5,Low Risk,0,N/A
CUST-11912,Matrix Direct Technologies,Education,Professional,1-Year,Credit Card,2026-03,3,377.35,1146.25,12,39,0,3,9,12.5,Low Risk,1,Competitor Migration
CUST-11913,Neutron Direct Technologies,Manufacturing,Starter,Month-to-Month,Credit Card,2024-09,5,120.04,592.71,3,85,1,2,9,3.6,Low Risk,0,N/A
CUST-11914,Optima Direct Technologies,Education,Starter,Month-to-Month,Credit Card,2025-10,6,148.86,927.23,6,59,0,14,5,56.2,Medium Risk,0,N/A
CUST-11915,Prism Direct Technologies,Manufacturing,Enterprise,Month-to-Month,Bank Transfer,2025-10,5,1079.46,5483.03,40,59,3,1,8,18.2,Low Risk,0,N/A
CUST-11916,Radiant Direct Technologies,E-Commerce,Starter,Month-to-Month,Credit Card,2024-08,15,125.03,1925.03,3,47,1,45,4,83.9,High Risk,1,Budget Reallocation / Price
CUST-11917,Solaris Direct Technologies,Financial Services,Enterprise,Month-to-Month,Bank Transfer,2026-01,4,1272.64,5066.97,62,18,1,1,7,41.3,Medium Risk,0,N/A
CUST-11918,Titan Direct Technologies,Healthcare,Starter,Month-to-Month,Bank Transfer,2025-08,7,198.15,1436.96,10,45,0,5,10,16.8,Low Risk,0,N/A
CUST-11919,Zenith Direct Technologies,E-Commerce,Professional,Month-to-Month,Credit Card,2025-12,5,546.08,2779.24,35,90,1,8,4,31.0,Low Risk,0,N/A
CUST-11920,Strata Direct Technologies,E-Commerce,Starter,2-Year,Bank Transfer,2026-02,2,130.67,268.66,2,82,4,1,2,19.0,Low Risk,0,N/A
CUST-11921,Synapse Direct Technologies,Technology,Professional,Month-to-Month,Credit Card,2024-08,13,464.33,5909.55,25,53,1,5,4,51.2,Medium Risk,1,Executive Leadership Turnover
CUST-11922,Vortex Direct Technologies,Healthcare,Starter,Month-to-Month,Credit Card,2024-06,20,161.16,3256.39,8,93,0,3,6,9.5,Low Risk,1,Budget Reallocation / Price
CUST-11923,Vector Direct Technologies,Healthcare,Enterprise,Month-to-Month,Electronic Check,2024-12,8,1345.14,10834.52,71,25,3,2,9,21.4,Low Risk,0,N/A
CUST-11924,Zenith Direct Technologies,E-Commerce,Starter,Month-to-Month,Credit Card,2024-04,22,108.72,2308.46,2,74,1,1,9,3.9,Low Risk,0,N/A
CUST-11925,Aegis Direct Technologies,E-Commerce,Starter,1-Year,Bank Transfer,2025-08,2,123.82,249.5,3,21,2,1,9,16.1,Low Risk,1,Missing Core Feature
CUST-11926,Orion Direct Technologies,Healthcare,Starter,Month-to-Month,Credit Card,2025-02,16,125.04,1998.61,2,29,2,1,8,41.3,Medium Risk,0,N/A
CUST-11927,Apex NextGen Technologies,E-Commerce,Professional,1-Year,Electronic Check,2024-03,12,412.27,4819.63,16,40,0,0,2,20.6,Low Risk,0,N/A
CUST-11928,Vanguard NextGen Technologies,Healthcare,Professional,Month-to-Month,Credit Card,2025-06,10,416.98,4059.75,17,19,3,3,6,57.4,Medium Risk,1,Missing Core Feature
CUST-11929,Nexus NextGen Technologies,Financial Services,Professional,Month-to-Month,Credit Card,2024-02,9,434.64,3899.0,19,16,1,3,5,76.9,High Risk,1,Executive Leadership Turnover
CUST-11930,Quantum NextGen Technologies,Financial Services,Starter,1-Year,Bank Transfer,2025-02,17,116.28,1968.28,2,27,0,8,9,19.8,Low Risk,0,N/A
CUST-11931,Hyperion NextGen Technologies,Technology,Starter,Month-to-Month,Credit Card,2024-04,18,135.0,2365.67,6,54,0,0,5,40.1,Medium Risk,0,N/A
CUST-11932,Aura NextGen Technologies,Healthcare,Starter,1-Year,Bank Transfer,2026-01,6,182.91,1127.41,9,64,1,3,8,14.2,Low Risk,0,N/A
CUST-11933,Catalyst NextGen Technologies,Healthcare,Professional,Month-to-Month,Electronic Check,2025-04,8,490.86,3973.38,26,63,1,1,7,18.2,Low Risk,0,N/A
CUST-11934,Pulse NextGen Technologies,E-Commerce,Professional,Month-to-Month,Bank Transfer,2025-11,2,299.0,600.9,6,21,5,8,7,91.3,High Risk,1,Budget Reallocation / Price
CUST-11935,Vertex NextGen Technologies,Technology,Professional,1-Year,Bank Transfer,2024-07,15,486.16,7440.28,26,15,1,0,3,40.1,Medium Risk,0,N/A
CUST-11936,Starlight NextGen Technologies,Manufacturing,Starter,2-Year,Credit Card,2025-04,5,135.66,675.78,5,93,1,1,9,0.5,Low Risk,0,N/A
CUST-11937,Beacon NextGen Technologies,E-Commerce,Starter,1-Year,Bank Transfer,2026-01,6,164.12,973.25,8,79,1,3,9,2.7,Low Risk,0,N/A
CUST-11938,Cobalt NextGen Technologies,Technology,Starter,Month-to-Month,Credit Card,2025-06,4,166.77,665.9,7,18,1,1,7,41.3,Medium Risk,1,Low User Adoption
CUST-11939,Crest NextGen Technologies,Financial Services,Enterprise,Month-to-Month,Credit Card,2026-06,2,988.31,1925.37,31,63,5,1,9,40.1,Medium Risk,0,N/A
CUST-11940,Elevation NextGen Technologies,E-Commerce,Starter,2-Year,Bank Transfer,2026-02,4,114.53,453.52,4,68,2,2,4,6.6,Low Risk,0,N/A
CUST-11941,Frontier NextGen Technologies,Financial Services,Professional,2-Year,Credit Card,2024-07,14,335.53,4876.66,8,48,1,5,7,5.2,Low Risk,0,N/A
CUST-11942,Horizon NextGen Technologies,E-Commerce,Professional,Month-to-Month,Credit Card,2025-06,13,543.91,7308.71,33,44,0,0,5,40.1,Medium Risk,0,N/A
CUST-11943,Integra NextGen Technologies,Healthcare,Professional,Month-to-Month,Bank Transfer,2024-06,24,372.65,8705.82,12,33,2,3,10,19.8,Low Risk,1,Executive Leadership Turnover
CUST-11944,Kinetic NextGen Technologies,Technology,Starter,Month-to-Month,Electronic Check,2024-02,13,173.31,2213.51,10,33,1,0,7,41.3,Medium Risk,1,Competitor Migration
CUST-11945,Luminary NextGen Technologies,Technology,Professional,Month-to-Month,Credit Card,2026-01,4,292.06,1178.78,5,98,0,5,6,18.2,Low Risk,0,N/A
CUST-11946,Meridian NextGen Technologies,Education,Professional,Month-to-Month,Bank Transfer,2025-08,8,386.14,3086.73,13,94,1,1,10,3.6,Low Risk,0,N/A
CUST-11947,Nova NextGen Technologies,Technology,Starter,2-Year,Credit Card,2025-12,1,167.67,161.09,7,85,1,2,10,0.9,Low Risk,0,N/A
CUST-11948,Omni NextGen Technologies,Technology,Professional,2-Year,Electronic Check,2024-11,14,487.03,6797.15,25,46,0,1,9,1.3,Low Risk,0,N/A
CUST-11949,Pinnacle NextGen Technologies,Financial Services,Enterprise,1-Year,Credit Card,2024-04,14,1886.63,25506.4,134,91,0,1,7,4.3,Low Risk,0,N/A
CUST-11950,Acro NextGen Technologies,Manufacturing,Enterprise,1-Year,Credit Card,2025-07,10,1366.39,13820.22,74,21,1,21,4,86.4,High Risk,1,Competitor Migration
CUST-11951,Boreal NextGen Technologies,Technology,Professional,Month-to-Month,Credit Card,2025-11,3,434.19,1334.07,18,29,1,5,8,71.1,High Risk,1,Missing Core Feature
CUST-11952,Cortex NextGen Technologies,Healthcare,Starter,Month-to-Month,Credit Card,2026-01,1,195.63,197.22,10,54,2,5,5,65.7,High Risk,0,N/A
CUST-11953,Equinox NextGen Technologies,Education,Starter,Month-to-Month,Bank Transfer,2025-02,8,184.18,1514.77,9,91,4,1,9,13.6,Low Risk,0,N/A
CUST-11954,Flux NextGen Technologies,Education,Starter,Month-to-Month,Electronic Check,2024-11,4,111.09,438.06,3,71,3,0,8,18.2,Low Risk,0,N/A
CUST-11955,Galactic NextGen Technologies,Technology,Professional,2-Year,Bank Transfer,2025-04,14,544.35,7430.6,31,37,4,0,8,10.9,Low Risk,0,N/A
CUST-11956,Helix NextGen Technologies,Technology,Starter,1-Year,Bank Transfer,2024-09,4,170.83,677.29,9,41,2,2,6,7.9,Low Risk,0,N/A
CUST-11957,Infini NextGen Technologies,Technology,Professional,1-Year,Credit Card,2025-05,11,320.32,3569.07,5,58,2,2,8,7.9,Low Risk,0,N/A
CUST-11958,Krypton NextGen Technologies,Financial Services,Enterprise,Month-to-Month,Credit Card,2025-06,12,1896.75,23264.29,138,93,1,0,3,19.0,Low Risk,0,N/A
CUST-11959,Matrix NextGen Technologies,Healthcare,Starter,Month-to-Month,Bank Transfer,2024-07,7,112.15,762.19,2,94,1,14,7,15.4,Low Risk,0,N/A
CUST-11960,Neutron NextGen Technologies,E-Commerce,Professional,Month-to-Month,Electronic Check,2024-10,5,486.28,2468.04,27,98,0,0,9,4.3,Low Risk,0,N/A
CUST-11961,Optima NextGen Technologies,Manufacturing,Enterprise,Month-to-Month,Credit Card,2024-08,6,1410.38,8191.4,78,45,1,1,1,35.4,Medium Risk,0,N/A
CUST-11962,Prism NextGen Technologies,Financial Services,Starter,2-Year,Electronic Check,2024-09,5,116.38,558.96,3,18,0,0,9,4.1,Low Risk,0,N/A
CUST-11963,Radiant NextGen Technologies,Manufacturing,Starter,2-Year,Bank Transfer,2025-10,9,152.29,1382.97,7,69,2,21,7,21.4,Low Risk,0,N/A
CUST-11964,Solaris NextGen Technologies,Manufacturing,Starter,Month-to-Month,Credit Card,2025-11,2,140.32,291.64,5,39,1,1,9,13.6,Low Risk,1,Budget Reallocation / Price
CUST-11965,Titan NextGen Technologies,Education,Professional,1-Year,Credit Card,2024-03,22,315.3,6759.71,6,24,0,0,7,13.6,Low Risk,0,N/A
CUST-11966,Zenith NextGen Technologies,Manufacturing,Professional,2-Year,Bank Transfer,2025-01,13,332.73,4210.56,10,70,1,14,7,5.2,Low Risk,0,N/A
CUST-11967,Strata NextGen Technologies,Financial Services,Starter,1-Year,Bank Transfer,2024-03,21,170.43,3662.94,9,84,2,0,8,1.7,Low Risk,0,N/A
CUST-11968,Synapse NextGen Technologies,Financial Services,Starter,Month-to-Month,Credit Card,2025-05,12,116.29,1399.81,3,39,0,0,9,9.5,Low Risk,0,N/A
CUST-11969,Vortex NextGen Technologies,Healthcare,Enterprise,Month-to-Month,Electronic Check,2025-12,5,1448.8,7403.97,85,63,1,2,8,18.2,Low Risk,0,N/A
CUST-11970,Vector NextGen Technologies,Financial Services,Enterprise,1-Year,Bank Transfer,2025-08,3,1272.95,3920.54,64,85,0,0,6,7.6,Low Risk,0,N/A
CUST-11971,Zenith NextGen Technologies,Manufacturing,Enterprise,2-Year,Credit Card,2026-06,2,1271.59,2443.13,61,92,0,30,7,20.6,Low Risk,0,N/A
CUST-11972,Aegis NextGen Technologies,Manufacturing,Professional,2-Year,Bank Transfer,2024-07,11,548.18,6009.67,33,91,0,5,7,2.8,Low Risk,0,N/A
CUST-11973,Orion NextGen Technologies,Manufacturing,Professional,1-Year,Credit Card,2024-09,5,290.32,1479.42,5,85,1,1,10,1.4,Low Risk,0,N/A
CUST-11974,Apex Adaptive Technologies,Manufacturing,Professional,2-Year,Credit Card,2025-07,9,480.71,4395.71,26,93,1,1,7,1.2,Low Risk,0,N/A
CUST-11975,Vanguard Adaptive Technologies,Education,Starter,Month-to-Month,Bank Transfer,2025-03,3,160.45,498.0,7,25,0,3,9,53.7,Medium Risk,1,Executive Leadership Turnover
CUST-11976,Nexus Adaptive Technologies,E-Commerce,Starter,Month-to-Month,Credit Card,2024-11,1,156.82,159.16,7,98,0,1,7,17.5,Low Risk,0,N/A
CUST-11977,Quantum Adaptive Technologies,E-Commerce,Professional,2-Year,Credit Card,2024-07,10,374.63,3768.92,14,41,5,1,9,4.5,Low Risk,0,N/A
CUST-11978,Hyperion Adaptive Technologies,Financial Services,Starter,2-Year,Credit Card,2026-02,4,134.35,529.27,5,67,3,2,10,1.1,Low Risk,0,N/A
CUST-11979,Aura Adaptive Technologies,Healthcare,Enterprise,1-Year,Credit Card,2025-04,6,1490.04,8818.97,87,57,3,0,10,3.2,Low Risk,0,N/A
CUST-11980,Catalyst Adaptive Technologies,Education,Enterprise,2-Year,Credit Card,2024-06,25,1616.5,40125.64,102,63,3,1,10,0.5,Low Risk,0,N/A
CUST-11981,Pulse Adaptive Technologies,Healthcare,Professional,1-Year,Credit Card,2025-06,14,385.55,5492.74,14,21,2,0,7,21.4,Low Risk,0,N/A
CUST-11982,Vertex Adaptive Technologies,Technology,Starter,Month-to-Month,Credit Card,2025-01,11,127.26,1446.97,2,25,5,2,5,88.1,High Risk,1,Executive Leadership Turnover
CUST-11983,Starlight Adaptive Technologies,Financial Services,Starter,Month-to-Month,Credit Card,2024-02,29,164.59,4664.52,8,42,1,1,2,20.6,Low Risk,1,Poor Onboarding Experience
CUST-11984,Beacon Adaptive Technologies,Financial Services,Professional,Month-to-Month,Credit Card,2025-08,7,362.01,2507.87,11,46,0,1,8,21.4,Low Risk,1,Competitor Migration
CUST-11985,Cobalt Adaptive Technologies,Education,Professional,1-Year,Bank Transfer,2026-05,1,441.49,455.13,20,30,3,1,9,16.1,Low Risk,0,N/A
CUST-11986,Crest Adaptive Technologies,Healthcare,Professional,Month-to-Month,Credit Card,2025-06,6,531.76,3187.6,33,20,1,8,8,57.4,Medium Risk,0,N/A
CUST-11987,Elevation Adaptive Technologies,E-Commerce,Starter,2-Year,Credit Card,2025-10,5,182.32,917.98,8,98,0,0,7,1.5,Low Risk,0,N/A
CUST-11988,Frontier Adaptive Technologies,Healthcare,Professional,2-Year,Electronic Check,2026-01,2,435.55,837.83,19,75,1,1,7,5.0,Low Risk,1,Competitor Migration
CUST-11989,Horizon Adaptive Technologies,E-Commerce,Professional,1-Year,Credit Card,2024-10,3,385.32,1115.21,16,24,0,1,5,59.9,Medium Risk,0,N/A
CUST-11990,Integra Adaptive Technologies,Manufacturing,Starter,Month-to-Month,Electronic Check,2025-12,1,111.52,113.5,1,67,1,1,7,28.9,Low Risk,1,Budget Reallocation / Price
CUST-11991,Kinetic Adaptive Technologies,Financial Services,Starter,Month-to-Month,Bank Transfer,2024-06,7,154.41,1103.58,6,31,4,1,2,88.1,High Risk,1,Executive Leadership Turnover
CUST-11992,Luminary Adaptive Technologies,Technology,Starter,1-Year,Bank Transfer,2024-02,24,118.94,2836.61,1,46,3,2,8,3.9,Low Risk,0,N/A
CUST-11993,Meridian Adaptive Technologies,Technology,Professional,1-Year,Credit Card,2026-03,3,513.92,1572.46,29,25,0,0,9,19.0,Low Risk,0,N/A
CUST-11994,Nova Adaptive Technologies,E-Commerce,Professional,Month-to-Month,Credit Card,2025-04,15,371.06,5560.05,13,69,4,1,9,26.9,Low Risk,0,N/A
CUST-11995,Omni Adaptive Technologies,Technology,Starter,Month-to-Month,Credit Card,2026-04,4,174.16,676.2,8,85,3,3,1,31.0,Low Risk,0,N/A
CUST-11996,Pinnacle Adaptive Technologies,E-Commerce,Starter,Month-to-Month,Credit Card,2024-03,9,186.02,1632.12,10,36,2,2,1,35.4,Medium Risk,1,Executive Leadership Turnover
CUST-11997,Acro Adaptive Technologies,E-Commerce,Enterprise,1-Year,Credit Card,2025-08,9,934.04,8215.56,24,69,0,0,5,20.6,Low Risk,0,N/A
CUST-11998,Boreal Adaptive Technologies,Technology,Professional,Month-to-Month,Credit Card,2024-08,7,392.13,2709.68,17,85,1,0,7,8.7,Low Risk,0,N/A
CUST-11999,Cortex Adaptive Technologies,Financial Services,Professional,Month-to-Month,Bank Transfer,2025-08,5,529.09,2733.56,32,51,0,14,8,34.3,Low Risk,0,N/A
CUST-12000,Equinox Adaptive Technologies,Healthcare,Professional,1-Year,Electronic Check,2025-06,12,439.08,5098.46,20,67,1,8,9,6.0,Low Risk,0,N/A
CUST-12001,Flux Adaptive Technologies,Technology,Enterprise,1-Year,Bank Transfer,2024-12,17,1682.17,28675.84,113,62,0,8,10,7.2,Low Risk,0,N/A
CUST-12002,Galactic Adaptive Technologies,Technology,Starter,1-Year,Credit Card,2024-06,23,198.25,4603.48,10,30,1,2,6,11.4,Low Risk,0,N/A
CUST-12003,Helix Adaptive Technologies,Manufacturing,Professional,1-Year,Bank Transfer,2024-06,18,507.02,8842.06,27,63,0,5,9,7.2,Low Risk,0,N/A
CUST-12004,Infini Adaptive Technologies,E-Commerce,Starter,Month-to-Month,Electronic Check,2024-04,19,171.72,3319.18,10,43,0,3,8,19.8,Low Risk,0,N/A
CUST-12005,Krypton Adaptive Technologies,Technology,Professional,Month-to-Month,Bank Transfer,2025-01,7,373.62,2543.57,11,48,0,2,9,9.5,Low Risk,0,N/A
CUST-12006,Matrix Adaptive Technologies,Education,Professional,1-Year,Bank Transfer,2026-01,1,402.6,401.7,16,90,2,0,2,14.2,Low Risk,0,N/A
CUST-12007,Neutron Adaptive Technologies,Healthcare,Starter,Month-to-Month,Bank Transfer,2024-03,11,107.85,1142.6,2,97,1,0,2,19.0,Low Risk,1,Competitor Migration
CUST-12008,Optima Adaptive Technologies,Technology,Enterprise,Month-to-Month,Bank Transfer,2025-11,2,1526.86,3093.7,95,21,1,8,7,71.1,High Risk,1,Budget Reallocation / Price
CUST-12009,Prism Adaptive Technologies,Financial Services,Starter,1-Year,Bank Transfer,2026-02,3,165.95,485.25,7,56,6,1,9,20.6,Low Risk,0,N/A
CUST-12010,Radiant Adaptive Technologies,Manufacturing,Starter,2-Year,Credit Card,2024-11,5,172.86,885.3,7,22,1,2,10,3.4,Low Risk,0,N/A
CUST-12011,Solaris Adaptive Technologies,Technology,Professional,1-Year,Electronic Check,2025-01,3,346.62,1042.06,8,17,0,3,9,31.0,Low Risk,0,N/A
CUST-12012,Titan Adaptive Technologies,Healthcare,Starter,1-Year,Credit Card,2024-05,14,127.69,1767.04,5,79,4,0,3,27.9,Low Risk,0,N/A
CUST-12013,Zenith Adaptive Technologies,Education,Professional,1-Year,Credit Card,2025-01,5,486.38,2472.45,25,18,1,2,7,21.4,Low Risk,0,N/A
CUST-12014,Strata Adaptive Technologies,Education,Starter,Month-to-Month,Credit Card,2025-09,6,151.4,883.54,6,78,0,0,8,10.4,Low Risk,1,Competitor Migration
CUST-12015,Synapse Adaptive Technologies,Technology,Starter,Month-to-Month,Bank Transfer,2025-04,5,180.45,891.4,8,47,3,2,10,7.9,Low Risk,0,N/A
CUST-12016,Vortex Adaptive Technologies,Financial Services,Starter,2-Year,Electronic Check,2026-02,1,100.59,96.92,1,33,4,14,7,57.4,Medium Risk,0,N/A
CUST-12017,Vector Adaptive Technologies,Manufacturing,Starter,Month-to-Month,Credit Card,2024-10,16,115.18,1819.45,3,48,1,5,8,29.9,Low Risk,0,N/A
CUST-12018,Zenith Adaptive Technologies,Education,Professional,1-Year,Electronic Check,2025-07,9,387.47,3439.59,13,57,1,21,5,66.8,High Risk,1,Poor Onboarding Experience
CUST-12019,Aegis Adaptive Technologies,Financial Services,Professional,1-Year,Credit Card,2026-06,2,330.72,678.88,9,63,0,2,9,6.9,Low Risk,0,N/A
CUST-12020,Orion Adaptive Technologies,Technology,Starter,Month-to-Month,Electronic Check,2026-03,5,103.58,520.22,1,17,3,45,9,72.1,High Risk,0,N/A
CUST-12021,Apex Secure Technologies,Technology,Enterprise,Month-to-Month,Credit Card,2026-05,1,1963.57,2004.4,143,88,1,0,1,29.9,Low Risk,0,N/A
CUST-12022,Vanguard Secure Technologies,Education,Starter,2-Year,Bank Transfer,2024-08,18,177.54,3260.53,9,36,5,2,6,10.9,Low Risk,0,N/A
CUST-12023,Nexus Secure Technologies,Financial Services,Professional,2-Year,Bank Transfer,2025-03,5,467.59,2333.13,23,86,0,1,3,3.6,Low Risk,0,N/A
CUST-12024,Quantum Secure Technologies,Education,Starter,Month-to-Month,Credit Card,2025-01,16,177.1,2904.94,10,16,3,0,7,41.3,Medium Risk,0,N/A
CUST-12025,Hyperion Secure Technologies,Manufacturing,Professional,Month-to-Month,Credit Card,2024-05,19,428.71,8388.32,18,36,1,2,8,9.5,Low Risk,0,N/A
CUST-12026,Aura Secure Technologies,Healthcare,Professional,2-Year,Credit Card,2024-04,17,356.59,6068.94,10,42,0,1,2,7.9,Low Risk,0,N/A
CUST-12027,Catalyst Secure Technologies,E-Commerce,Professional,1-Year,Credit Card,2025-02,16,389.35,6089.46,14,79,0,14,6,7.9,Low Risk,0,N/A
CUST-12028,Pulse Secure Technologies,Financial Services,Professional,1-Year,Bank Transfer,2024-03,8,453.39,3680.42,23,60,1,0,7,7.9,Low Risk,0,N/A
CUST-12029,Vertex Secure Technologies,Education,Starter,1-Year,Credit Card,2025-06,12,138.33,1632.22,3,73,5,0,8,26.9,Low Risk,0,N/A
CUST-12030,Starlight Secure Technologies,Manufacturing,Starter,Month-to-Month,Bank Transfer,2025-12,6,121.0,732.57,3,30,2,2,7,41.3,Medium Risk,1,Budget Reallocation / Price
CUST-12031,Beacon Secure Technologies,Financial Services,Professional,1-Year,Credit Card,2026-05,1,332.86,319.76,7,93,1,1,7,6.3,Low Risk,0,N/A
CUST-12032,Cobalt Secure Technologies,Technology,Professional,Month-to-Month,Bank Transfer,2026-03,1,352.28,354.41,11,65,2,5,3,65.7,High Risk,0,N/A
CUST-12033,Crest Secure Technologies,Education,Professional,Month-to-Month,Credit Card,2026-01,5,363.77,1753.2,10,42,0,2,4,40.1,Medium Risk,1,Low User Adoption
CUST-12034,Elevation Secure Technologies,Education,Professional,1-Year,Electronic Check,2026-02,5,372.26,1797.57,13,19,0,3,5,61.1,Medium Risk,1,Missing Core Feature
CUST-12035,Frontier Secure Technologies,Financial Services,Enterprise,Month-to-Month,Electronic Check,2025-01,13,1867.17,23332.91,132,77,0,1,6,10.4,Low Risk,0,N/A
CUST-12036,Horizon Secure Technologies,Healthcare,Professional,1-Year,Credit Card,2026-04,3,540.75,1654.62,33,66,1,0,4,27.9,Low Risk,0,N/A
CUST-12037,Integra Secure Technologies,E-Commerce,Enterprise,Month-to-Month,Credit Card,2024-05,23,1556.84,36330.97,96,82,3,1,7,4.3,Low Risk,0,N/A
CUST-12038,Kinetic Secure Technologies,Manufacturing,Starter,Month-to-Month,Electronic Check,2024-12,11,94.97,1040.82,1,98,3,0,5,19.0,Low Risk,1,Poor Onboarding Experience
CUST-12039,Luminary Secure Technologies,Financial Services,Professional,Month-to-Month,Credit Card,2024-07,20,338.0,6490.97,7,62,1,2,6,9.5,Low Risk,0,N/A
CUST-12040,Meridian Secure Technologies,Manufacturing,Professional,Month-to-Month,Bank Transfer,2025-10,10,510.78,4931.49,31,87,4,2,2,50.0,Medium Risk,1,Budget Reallocation / Price
CUST-12041,Nova Secure Technologies,Manufacturing,Professional,1-Year,Credit Card,2024-06,11,367.46,4048.53,13,41,2,1,6,7.9,Low Risk,0,N/A
CUST-12042,Omni Secure Technologies,Education,Professional,Month-to-Month,Credit Card,2024-09,15,452.32,6774.71,21,71,1,1,6,18.2,Low Risk,0,N/A
CUST-12043,Pinnacle Secure Technologies,Financial Services,Starter,1-Year,Bank Transfer,2026-03,3,174.72,517.29,10,43,6,1,7,40.1,Medium Risk,0,N/A
CUST-12044,Acro Secure Technologies,E-Commerce,Enterprise,1-Year,Electronic Check,2024-09,20,1296.28,25122.02,64,21,1,14,8,19.8,Low Risk,0,N/A
CUST-12045,Boreal Secure Technologies,Healthcare,Starter,2-Year,Credit Card,2024-04,4,164.83,665.36,8,57,1,1,9,1.1,Low Risk,0,N/A
CUST-12046,Cortex Secure Technologies,Financial Services,Starter,1-Year,Credit Card,2025-04,5,126.15,618.37,2,37,1,1,10,3.2,Low Risk,0,N/A
CUST-12047,Equinox Secure Technologies,Healthcare,Starter,Month-to-Month,Bank Transfer,2025-09,6,159.32,958.7,8,74,0,2,4,40.1,Medium Risk,0,N/A
CUST-12048,Flux Secure Technologies,Financial Services,Starter,1-Year,Credit Card,2026-03,3,118.19,343.16,1,77,2,1,7,6.3,Low Risk,0,N/A
CUST-12049,Galactic Secure Technologies,E-Commerce,Professional,2-Year,Credit Card,2024-09,21,350.56,7500.79,9,96,0,0,4,1.7,Low Risk,0,N/A
CUST-12050,Helix Secure Technologies,Education,Starter,Month-to-Month,Bank Transfer,2026-02,5,99.52,501.18,1,71,1,0,8,18.2,Low Risk,0,N/A
CUST-12051,Infini Secure Technologies,Education,Enterprise,Month-to-Month,Bank Transfer,2024-11,19,1450.1,27271.67,82,58,6,1,5,52.5,Medium Risk,0,N/A
CUST-12052,Krypton Secure Technologies,E-Commerce,Starter,1-Year,Credit Card,2024-01,3,149.39,445.96,8,73,0,2,8,16.1,Low Risk,1,Missing Core Feature
CUST-12053,Matrix Secure Technologies,Technology,Enterprise,1-Year,Credit Card,2025-04,14,1903.55,27510.73,137,91,0,1,6,4.3,Low Risk,0,N/A
CUST-12054,Neutron Secure Technologies,Healthcare,Starter,1-Year,Credit Card,2026-01,5,151.74,754.36,6,69,1,2,6,7.9,Low Risk,0,N/A
CUST-12055,Optima Secure Technologies,Healthcare,Starter,1-Year,Bank Transfer,2024-02,15,156.11,2291.16,6,31,0,1,6,25.0,Low Risk,1,Competitor Migration
CUST-12056,Prism Secure Technologies,Financial Services,Enterprise,Month-to-Month,Bank Transfer,2025-08,8,1326.92,10534.84,69,54,0,2,10,9.5,Low Risk,0,N/A
CUST-12057,Radiant Secure Technologies,Education,Enterprise,1-Year,Credit Card,2025-03,3,1585.79,4906.3,100,49,1,0,8,13.6,Low Risk,0,N/A
CUST-12058,Solaris Secure Technologies,Technology,Professional,1-Year,Electronic Check,2026-01,6,551.47,3312.44,34,70,3,2,4,17.5,Low Risk,0,N/A
CUST-12059,Titan Secure Technologies,Financial Services,Starter,1-Year,Electronic Check,2024-09,3,148.3,430.79,7,33,3,5,7,48.8,Medium Risk,1,Low User Adoption
CUST-12060,Zenith Secure Technologies,Healthcare,Professional,1-Year,Bank Transfer,2025-09,3,550.86,1690.88,35,56,3,5,3,42.6,Medium Risk,1,Poor Onboarding Experience
CUST-12061,Strata Secure Technologies,Manufacturing,Professional,1-Year,Electronic Check,2025-01,11,352.5,3939.56,9,72,5,2,6,26.9,Low Risk,0,N/A
CUST-12062,Synapse Secure Technologies,Healthcare,Starter,2-Year,Bank Transfer,2024-04,26,141.31,3639.39,6,83,2,3,8,1.1,Low Risk,0,N/A
CUST-12063,Vortex Secure Technologies,E-Commerce,Starter,Month-to-Month,Bank Transfer,2026-03,5,113.05,565.84,1,27,2,0,9,21.4,Low Risk,0,N/A
CUST-12064,Vector Secure Technologies,Technology,Professional,Month-to-Month,Bank Transfer,2025-01,5,536.78,2628.7,33,36,0,0,8,21.4,Low Risk,0,N/A
CUST-12065,Zenith Secure Technologies,Financial Services,Enterprise,Month-to-Month,Credit Card,2026-06,2,1096.9,2157.13,44,16,0,1,9,37.8,Medium Risk,0,N/A
CUST-12066,Aegis Secure Technologies,E-Commerce,Starter,Month-to-Month,Credit Card,2025-02,4,165.87,637.08,10,84,0,1,4,22.3,Low Risk,0,N/A
CUST-12067,Orion Secure Technologies,E-Commerce,Professional,1-Year,Bank Transfer,2024-04,16,505.34,7793.93,27,33,0,1,9,11.4,Low Risk,0,N/A
CUST-12068,Apex Venture Technologies,Financial Services,Starter,Month-to-Month,Bank Transfer,2026-03,2,168.49,335.08,7,64,3,2,9,13.6,Low Risk,0,N/A
CUST-12069,Vanguard Venture Technologies,Financial Services,Starter,Month-to-Month,Credit Card,2025-10,4,168.42,677.41,10,92,2,1,9,3.6,Low Risk,0,N/A
CUST-12070,Nexus Venture Technologies,Manufacturing,Professional,Month-to-Month,Bank Transfer,2024-11,4,510.03,2019.52,29,91,1,0,8,8.7,Low Risk,0,N/A
CUST-12071,Quantum Venture Technologies,Manufacturing,Starter,Month-to-Month,Credit Card,2024-01,15,174.77,2650.41,7,50,0,21,10,50.0,Medium Risk,1,Competitor Migration
CUST-12072,Hyperion Venture Technologies,E-Commerce,Professional,2-Year,Credit Card,2024-01,5,523.61,2661.58,29,37,0,2,10,1.3,Low Risk,0,N/A
CUST-12073,Aura Venture Technologies,E-Commerce,Starter,Month-to-Month,Electronic Check,2025-08,4,141.0,554.89,5,40,2,1,5,35.4,Medium Risk,0,N/A
CUST-12074,Catalyst Venture Technologies,Education,Enterprise,Month-to-Month,Bank Transfer,2026-02,3,1067.65,3255.74,41,25,1,1,5,76.0,High Risk,1,Executive Leadership Turnover
CUST-12075,Pulse Venture Technologies,Technology,Starter,Month-to-Month,Electronic Check,2026-01,1,131.7,136.46,3,34,4,0,3,93.1,High Risk,1,Low User Adoption
CUST-12076,Vertex Venture Technologies,Manufacturing,Professional,2-Year,Bank Transfer,2026-01,5,462.24,2223.71,23,73,0,8,3,14.2,Low Risk,0,N/A
CUST-12077,Starlight Venture Technologies,Technology,Starter,Month-to-Month,Credit Card,2024-03,5,172.82,847.05,9,47,4,2,1,70.1,High Risk,1,Poor Onboarding Experience
CUST-12078,Beacon Venture Technologies,Healthcare,Professional,Month-to-Month,Bank Transfer,2025-01,18,478.43,8587.48,25,48,0,2,9,9.5,Low Risk,0,N/A
CUST-12079,Cobalt Venture Technologies,Education,Professional,Month-to-Month,Bank Transfer,2025-09,10,297.83,3040.32,6,73,2,2,5,35.4,Medium Risk,1,Poor Onboarding Experience
CUST-12080,Crest Venture Technologies,Technology,Starter,1-Year,Credit Card,2025-12,6,115.25,718.86,3,72,0,3,7,16.8,Low Risk,0,N/A
CUST-12081,Elevation Venture Technologies,Financial Services,Starter,Month-to-Month,Credit Card,2024-02,19,99.58,1898.29,1,53,2,30,8,50.0,Medium Risk,1,Missing Core Feature
CUST-12082,Frontier Venture Technologies,Financial Services,Starter,Month-to-Month,Bank Transfer,2025-08,10,161.08,1653.58,6,61,3,3,6,29.9,Low Risk,0,N/A
CUST-12083,Horizon Venture Technologies,Technology,Starter,1-Year,Credit Card,2026-05,2,181.87,364.08,8,61,0,3,7,26.9,Low Risk,0,N/A
CUST-12084,Integra Venture Technologies,E-Commerce,Starter,Month-to-Month,Credit Card,2024-09,22,163.91,3659.47,7,18,2,2,8,25.0,Low Risk,0,N/A
CUST-12085,Kinetic Venture Technologies,Manufacturing,Enterprise,Month-to-Month,Credit Card,2025-12,5,1790.4,8965.9,126,38,4,14,8,64.6,Medium Risk,1,Competitor Migration
CUST-12086,Luminary Venture Technologies,E-Commerce,Professional,1-Year,Credit Card,2025-03,15,417.68,6297.78,20,71,1,1,8,7.9,Low Risk,0,N/A
CUST-12087,Meridian Venture Technologies,E-Commerce,Starter,1-Year,Electronic Check,2026-02,4,131.9,548.21,4,23,2,0,10,9.5,Low Risk,0,N/A
CUST-12088,Nova Venture Technologies,Technology,Starter,Month-to-Month,Credit Card,2025-02,6,180.18,1042.32,10,51,0,0,8,21.4,Low Risk,0,N/A
CUST-12089,Omni Venture Technologies,Healthcare,Starter,Month-to-Month,Credit Card,2026-02,4,198.02,776.78,10,18,3,14,7,57.4,Medium Risk,0,N/A
CUST-12090,Pinnacle Venture Technologies,Healthcare,Professional,Month-to-Month,Bank Transfer,2024-11,15,302.96,4412.26,5,83,3,1,4,19.0,Low Risk,0,N/A
CUST-12091,Acro Venture Technologies,Financial Services,Starter,Month-to-Month,Electronic Check,2024-09,17,90.16,1484.49,1,86,0,1,9,4.3,Low Risk,0,N/A
CUST-12092,Boreal Venture Technologies,Manufacturing,Professional,1-Year,Bank Transfer,2024-12,12,520.98,6206.85,29,54,4,1,1,47.5,Medium Risk,1,Poor Onboarding Experience
CUST-12093,Cortex Venture Technologies,Financial Services,Enterprise,Month-to-Month,Credit Card,2025-02,17,1691.16,29260.56,113,96,5,1,1,50.0,Medium Risk,1,Competitor Migration
CUST-12094,Equinox Venture Technologies,Healthcare,Starter,2-Year,Bank Transfer,2026-05,1,145.57,150.49,4,94,5,8,8,15.4,Low Risk,0,N/A
CUST-12095,Flux Venture Technologies,Manufacturing,Professional,1-Year,Credit Card,2026-01,4,472.11,1824.43,26,35,4,1,5,47.5,Medium Risk,0,N/A
CUST-12096,Galactic Venture Technologies,Healthcare,Enterprise,Month-to-Month,Electronic Check,2025-04,13,1698.9,22159.73,112,54,0,1,5,40.1,Medium Risk,0,N/A
CUST-12097,Helix Venture Technologies,Manufacturing,Starter,Month-to-Month,Bank Transfer,2025-05,8,89.68,697.88,1,54,0,0,10,9.5,Low Risk,0,N/A
CUST-12098,Infini Venture Technologies,Education,Professional,2-Year,Credit Card,2024-12,9,291.88,2668.15,5,23,1,1,8,8.3,Low Risk,0,N/A
CUST-12099,Krypton Venture Technologies,Technology,Enterprise,Month-to-Month,Credit Card,2025-09,1,1481.2,1442.19,88,27,1,1,8,56.2,Medium Risk,1,Budget Reallocation / Price
CUST-12100,Matrix Venture Technologies,Technology,Starter,Month-to-Month,Credit Card,2024-10,18,141.94,2481.7,7,39,0,2,7,21.4,Low Risk,0,N/A
CUST-12101,Neutron Venture Technologies,Healthcare,Professional,1-Year,Bank Transfer,2024-02,26,353.93,8933.17,11,26,3,1,10,4.7,Low Risk,0,N/A
CUST-12102,Optima Venture Technologies,E-Commerce,Starter,1-Year,Credit Card,2025-03,1,168.98,175.49,9,27,1,3,8,48.8,Medium Risk,0,N/A
CUST-12103,Prism Venture Technologies,E-Commerce,Professional,Month-to-Month,Credit Card,2024-02,4,310.61,1262.82,5,86,0,3,6,18.2,Low Risk,0,N/A
CUST-12104,Radiant Venture Technologies,Manufacturing,Professional,1-Year,Electronic Check,2026-01,4,318.1,1319.7,5,89,0,0,9,1.7,Low Risk,0,N/A
CUST-12105,Solaris Venture Technologies,Education,Enterprise,Month-to-Month,Electronic Check,2026-02,5,1614.37,7964.82,102,97,1,0,4,19.0,Low Risk,1,Poor Onboarding Experience
CUST-12106,Titan Venture Technologies,E-Commerce,Starter,2-Year,Electronic Check,2024-10,18,132.32,2401.06,2,74,3,2,4,6.6,Low Risk,0,N/A
CUST-12107,Zenith Venture Technologies,Manufacturing,Enterprise,Month-to-Month,Credit Card,2026-02,4,1423.26,5683.94,80,72,0,8,7,34.3,Low Risk,0,N/A
CUST-12108,Strata Venture Technologies,Financial Services,Starter,2-Year,Electronic Check,2025-08,8,129.91,1006.88,5,81,1,2,9,0.5,Low Risk,0,N/A
CUST-12109,Synapse Venture Technologies,E-Commerce,Professional,2-Year,Electronic Check,2025-09,1,529.26,547.39,32,35,1,2,9,2.0,Low Risk,0,N/A
CUST-12110,Vortex Venture Technologies,Education,Starter,Month-to-Month,Electronic Check,2024-02,21,127.39,2644.02,5,18,2,2,1,45.0,Medium Risk,1,Executive Leadership Turnover
CUST-12111,Vector Venture Technologies,Healthcare,Professional,Month-to-Month,Credit Card,2026-01,6,333.08,2043.55,9,32,0,0,4,67.9,High Risk,1,Poor Onboarding Experience
CUST-12112,Zenith Venture Technologies,Healthcare,Starter,Month-to-Month,Electronic Check,2024-02,30,122.62,3564.9,2,27,2,0,5,45.0,Medium Risk,0,N/A
CUST-12113,Aegis Venture Technologies,E-Commerce,Starter,2-Year,Bank Transfer,2026-04,3,119.86,360.2,3,68,1,3,9,3.7,Low Risk,0,N/A
CUST-12114,Orion Venture Technologies,Healthcare,Enterprise,Month-to-Month,Credit Card,2025-12,3,1381.11,4254.06,77,72,3,0,8,28.9,Low Risk,0,N/A
CUST-12115,Apex Smart Technologies,Education,Professional,Month-to-Month,Credit Card,2026-02,4,465.1,1810.71,24,25,6,0,8,75.0,High Risk,0,N/A
CUST-12116,Vanguard Smart Technologies,Healthcare,Professional,Month-to-Month,Bank Transfer,2024-02,24,433.5,10517.32,19,40,0,2,8,11.4,Low Risk,0,N/A
CUST-12117,Nexus Smart Technologies,E-Commerce,Starter,2-Year,Credit Card,2024-10,5,162.73,798.02,8,72,1,0,8,2.8,Low Risk,0,N/A
CUST-12118,Quantum Smart Technologies,Technology,Professional,Month-to-Month,Credit Card,2025-04,5,371.66,1924.62,14,22,2,1,7,41.3,Medium Risk,0,N/A
CUST-12119,Hyperion Smart Technologies,Healthcare,Professional,1-Year,Credit Card,2024-01,9,398.96,3674.28,14,55,3,3,8,14.2,Low Risk,0,N/A
CUST-12120,Aura Smart Technologies,Education,Starter,1-Year,Bank Transfer,2024-07,8,173.41,1362.56,9,80,0,0,1,10.0,Low Risk,0,N/A
CUST-12121,Catalyst Smart Technologies,Healthcare,Professional,Month-to-Month,Electronic Check,2025-02,10,533.77,5133.43,31,27,3,0,8,41.3,Medium Risk,0,N/A
CUST-12122,Pulse Smart Technologies,Manufacturing,Professional,Month-to-Month,Bank Transfer,2024-08,12,365.01,4319.38,11,20,0,0,2,67.9,High Risk,1,Competitor Migration
CUST-12123,Vertex Smart Technologies,Technology,Professional,Month-to-Month,Credit Card,2025-04,2,318.8,619.87,7,90,5,0,10,22.3,Low Risk,1,Competitor Migration
CUST-12124,Starlight Smart Technologies,Education,Enterprise,Month-to-Month,Bank Transfer,2025-07,10,1568.12,16058.53,96,35,1,1,3,35.4,Medium Risk,1,Low User Adoption
CUST-12125,Beacon Smart Technologies,Technology,Enterprise,1-Year,Electronic Check,2025-12,3,1071.02,3324.0,39,17,0,3,8,53.7,Medium Risk,1,Budget Reallocation / Price
CUST-12126,Cobalt Smart Technologies,Technology,Professional,Month-to-Month,Credit Card,2026-01,3,534.97,1570.32,32,60,1,0,10,13.6,Low Risk,0,N/A
CUST-12127,Crest Smart Technologies,Manufacturing,Professional,Month-to-Month,Bank Transfer,2026-02,4,357.32,1471.88,9,30,2,0,9,21.4,Low Risk,0,N/A
CUST-12128,Elevation Smart Technologies,Education,Starter,Month-to-Month,Electronic Check,2024-01,15,148.31,2235.75,7,70,4,1,6,48.8,Medium Risk,1,Low User Adoption
CUST-12129,Frontier Smart Technologies,E-Commerce,Professional,Month-to-Month,Credit Card,2026-05,1,405.87,391.0,16,54,0,0,10,16.1,Low Risk,1,Low User Adoption
CUST-12130,Horizon Smart Technologies,Manufacturing,Starter,Month-to-Month,Credit Card,2025-12,1,91.75,92.17,1,21,2,2,7,56.2,Medium Risk,1,Low User Adoption
CUST-12131,Integra Smart Technologies,Manufacturing,Professional,2-Year,Credit Card,2024-04,13,307.34,4006.82,6,46,1,0,10,1.1,Low Risk,0,N/A
CUST-12132,Kinetic Smart Technologies,Financial Services,Starter,2-Year,Bank Transfer,2024-12,2,164.14,319.36,6,90,1,45,8,17.5,Low Risk,0,N/A
CUST-12133,Luminary Smart Technologies,E-Commerce,Starter,2-Year,Credit Card,2024-06,1,89.42,89.04,1,96,6,0,8,8.7,Low Risk,0,N/A
CUST-12134,Meridian Smart Technologies,Education,Starter,Month-to-Month,Credit Card,2024-08,24,126.81,3153.56,4,18,5,0,9,35.4,Medium Risk,0,N/A
CUST-12135,Nova Smart Technologies,Manufacturing,Professional,1-Year,Bank Transfer,2024-09,12,464.01,5559.57,23,51,1,0,7,7.9,Low Risk,1,Poor Onboarding Experience
CUST-12136,Omni Smart Technologies,Manufacturing,Starter,Month-to-Month,Credit Card,2024-12,3,153.26,454.42,7,86,0,1,3,34.3,Low Risk,0,N/A
CUST-12137,Pinnacle Smart Technologies,Technology,Starter,1-Year,Bank Transfer,2024-10,8,193.35,1486.94,10,26,1,8,8,34.3,Low Risk,1,Competitor Migration
CUST-12138,Acro Smart Technologies,Technology,Starter,Month-to-Month,Bank Transfer,2026-02,2,186.22,363.5,9,45,2,3,7,43.8,Medium Risk,1,Executive Leadership Turnover
CUST-12139,Boreal Smart Technologies,E-Commerce,Professional,1-Year,Bank Transfer,2025-02,4,450.34,1750.0,22,62,0,1,4,20.6,Low Risk,0,N/A
CUST-12140,Cortex Smart Technologies,Education,Starter,Month-to-Month,Bank Transfer,2025-10,1,164.94,167.13,6,58,0,45,7,82.5,High Risk,1,Missing Core Feature
CUST-12141,Equinox Smart Technologies,Manufacturing,Enterprise,Month-to-Month,Credit Card,2024-08,17,1359.38,22558.9,73,80,1,1,3,19.0,Low Risk,0,N/A
CUST-12142,Flux Smart Technologies,Financial Services,Starter,Month-to-Month,Bank Transfer,2024-03,10,141.54,1360.8,4,43,0,2,8,21.4,Low Risk,0,N/A
CUST-12143,Galactic Smart Technologies,Education,Enterprise,2-Year,Credit Card,2025-09,7,1496.22,10470.63,91,55,6,1,7,10.9,Low Risk,0,N/A
CUST-12144,Helix Smart Technologies,Healthcare,Starter,Month-to-Month,Bank Transfer,2024-05,15,178.2,2614.08,9,56,1,0,4,35.4,Medium Risk,1,Competitor Migration
CUST-12145,Infini Smart Technologies,Financial Services,Starter,Month-to-Month,Electronic Check,2024-04,6,166.02,964.43,7,61,0,1,8,21.4,Low Risk,1,Budget Reallocation / Price
CUST-12146,Krypton Smart Technologies,Manufacturing,Enterprise,Month-to-Month,Electronic Check,2024-11,3,1273.03,3732.78,62,67,1,0,8,28.9,Low Risk,1,Competitor Migration
CUST-12147,Matrix Smart Technologies,Healthcare,Professional,Month-to-Month,Credit Card,2024-02,19,443.79,8358.42,22,86,1,0,3,10.0,Low Risk,0,N/A
CUST-12148,Neutron Smart Technologies,Financial Services,Enterprise,Month-to-Month,Bank Transfer,2026-02,3,1511.6,4378.98,92,86,0,1,9,7.6,Low Risk,0,N/A
CUST-12149,Optima Smart Technologies,E-Commerce,Starter,Month-to-Month,Electronic Check,2026-03,1,108.01,110.71,2,83,0,0,8,17.5,Low Risk,0,N/A
CUST-12150,Prism Smart Technologies,Financial Services,Professional,1-Year,Credit Card,2025-01,3,477.18,1439.31,24,18,0,14,9,31.0,Low Risk,0,N/A
CUST-12151,Radiant Smart Technologies,Education,Starter,1-Year,Credit Card,2025-12,3,126.01,375.28,2,63,5,2,4,62.2,Medium Risk,1,Poor Onboarding Experience
CUST-12152,Solaris Smart Technologies,Manufacturing,Professional,2-Year,Bank Transfer,2024-03,9,350.13,3277.07,11,26,0,0,3,21.4,Low Risk,0,N/A
CUST-12153,Titan Smart Technologies,Manufacturing,Professional,2-Year,Electronic Check,2025-11,4,365.84,1441.08,14,35,0,0,9,1.3,Low Risk,0,N/A
CUST-12154,Zenith Smart Technologies,E-Commerce,Starter,1-Year,Bank Transfer,2024-02,26,145.99,3708.49,6,64,1,0,9,1.6,Low Risk,0,N/A
CUST-12155,Strata Smart Technologies,Technology,Starter,Month-to-Month,Electronic Check,2024-09,11,151.33,1660.95,5,75,0,3,7,34.3,Low Risk,0,N/A
CUST-12156,Synapse Smart Technologies,Financial Services,Professional,Month-to-Month,Bank Transfer,2026-06,2,433.4,863.32,19,48,0,2,8,33.2,Low Risk,0,N/A
CUST-12157,Vortex Smart Technologies,Manufacturing,Enterprise,1-Year,Credit Card,2025-08,5,1445.8,6949.63,83,26,0,2,10,11.4,Low Risk,1,Poor Onboarding Experience
CUST-12158,Vector Smart Technologies,Healthcare,Professional,Month-to-Month,Bank Transfer,2025-09,9,517.28,4499.55,30,20,0,8,7,62.2,Medium Risk,1,Missing Core Feature
CUST-12159,Zenith Smart Technologies,Manufacturing,Professional,Month-to-Month,Bank Transfer,2024-11,8,470.63,3900.76,25,65,0,14,1,56.2,Medium Risk,1,Budget Reallocation / Price
CUST-12160,Aegis Smart Technologies,E-Commerce,Professional,Month-to-Month,Credit Card,2025-07,9,396.19,3493.38,14,90,0,0,2,22.3,Low Risk,1,Executive Leadership Turnover
CUST-12161,Orion Smart Technologies,Technology,Starter,Month-to-Month,Credit Card,2026-01,1,121.25,119.44,1,71,1,14,9,23.1,Low Risk,0,N/A
CUST-12162,Apex Data Analytics,Financial Services,Professional,2-Year,Bank Transfer,2025-05,2,508.57,1010.88,30,29,4,0,3,63.4,Medium Risk,0,N/A
CUST-12163,Vanguard Data Analytics,Technology,Enterprise,Month-to-Month,Bank Transfer,2024-10,10,1514.06,14873.3,91,26,4,5,6,85.2,High Risk,1,Poor Onboarding Experience
CUST-12164,Nexus Data Analytics,Healthcare,Starter,1-Year,Credit Card,2025-11,6,167.61,1020.12,9,62,4,0,10,12.5,Low Risk,0,N/A
CUST-12165,Quantum Data Analytics,Healthcare,Professional,Month-to-Month,Electronic Check,2024-02,10,391.03,4060.44,16,94,2,2,5,19.0,Low Risk,0,N/A
CUST-12166,Hyperion Data Analytics,Healthcare,Professional,1-Year,Credit Card,2026-03,4,479.91,1960.08,27,45,0,1,10,3.9,Low Risk,0,N/A
CUST-12167,Aura Data Analytics,Education,Enterprise,1-Year,Bank Transfer,2026-06,1,1493.23,1512.49,89,86,3,5,7,11.4,Low Risk,0,N/A
CUST-12168,Catalyst Data Analytics,Manufacturing,Starter,Month-to-Month,Credit Card,2024-03,9,171.56,1592.78,8,25,6,14,6,85.2,High Risk,1,Missing Core Feature
CUST-12169,Pulse Data Analytics,E-Commerce,Enterprise,Month-to-Month,Bank Transfer,2024-12,18,1745.91,30484.33,119,97,0,5,9,7.9,Low Risk,0,N/A
CUST-12170,Vertex Data Analytics,Education,Starter,Month-to-Month,Electronic Check,2025-06,10,117.87,1208.84,3,39,4,1,6,48.8,Medium Risk,1,Competitor Migration
CUST-12171,Starlight Data Analytics,Manufacturing,Professional,2-Year,Credit Card,2025-09,6,408.55,2402.38,19,61,1,5,5,11.9,Low Risk,0,N/A
CUST-12172,Beacon Data Analytics,Healthcare,Professional,1-Year,Electronic Check,2025-01,5,544.38,2618.22,31,61,0,2,9,3.9,Low Risk,0,N/A
CUST-12173,Cobalt Data Analytics,Healthcare,Starter,1-Year,Credit Card,2026-02,1,89.25,88.96,1,22,0,1,3,59.9,Medium Risk,1,Low User Adoption
CUST-12174,Crest Data Analytics,Manufacturing,Starter,1-Year,Credit Card,2024-03,5,156.88,761.8,5,26,3,0,8,21.4,Low Risk,0,N/A
CUST-12175,Elevation Data Analytics,Healthcare,Professional,Month-to-Month,Credit Card,2024-02,25,388.81,9388.65,14,86,3,1,5,10.0,Low Risk,0,N/A
CUST-12176,Frontier Data Analytics,Financial Services,Professional,1-Year,Electronic Check,2025-03,8,429.37,3496.69,21,95,6,5,10,10.4,Low Risk,0,N/A
CUST-12177,Horizon Data Analytics,Technology,Professional,1-Year,Credit Card,2024-05,5,357.57,1833.9,9,17,1,3,7,34.3,Low Risk,0,N/A
CUST-12178,Integra Data Analytics,Technology,Professional,1-Year,Credit Card,2026-03,1,328.33,331.15,7,34,0,0,3,59.9,Medium Risk,0,N/A
CUST-12179,Kinetic Data Analytics,E-Commerce,Professional,1-Year,Bank Transfer,2026-04,4,405.96,1645.46,15,70,0,5,4,33.2,Low Risk,0,N/A
CUST-12180,Luminary Data Analytics,Education,Professional,2-Year,Bank Transfer,2026-05,3,371.55,1079.13,12,34,3,2,7,14.2,Low Risk,0,N/A
CUST-12181,Meridian Data Analytics,E-Commerce,Enterprise,Month-to-Month,Electronic Check,2025-07,6,1423.64,8375.97,81,36,4,1,9,26.9,Low Risk,0,N/A
CUST-12182,Nova Data Analytics,Financial Services,Professional,Month-to-Month,Electronic Check,2025-09,7,383.6,2644.19,13,84,1,0,10,3.6,Low Risk,0,N/A
CUST-12183,Omni Data Analytics,Healthcare,Starter,1-Year,Credit Card,2024-11,18,149.01,2719.69,7,78,1,5,6,6.6,Low Risk,0,N/A
CUST-12184,Pinnacle Data Analytics,Education,Starter,Month-to-Month,Credit Card,2025-04,2,164.45,322.75,7,36,4,2,8,63.4,Medium Risk,1,Executive Leadership Turnover
CUST-12185,Acro Data Analytics,E-Commerce,Enterprise,Month-to-Month,Electronic Check,2025-01,13,1906.39,24139.12,139,17,0,0,7,46.3,Medium Risk,1,Missing Core Feature
CUST-12186,Boreal Data Analytics,Financial Services,Starter,2-Year,Credit Card,2024-08,24,186.13,4637.49,10,73,5,3,5,21.4,Low Risk,0,N/A
CUST-12187,Cortex Data Analytics,Manufacturing,Starter,2-Year,Electronic Check,2024-09,15,133.86,1990.47,6,49,2,0,7,2.8,Low Risk,0,N/A
CUST-12188,Equinox Data Analytics,E-Commerce,Starter,2-Year,Credit Card,2025-09,8,171.9,1413.72,9,70,0,0,10,1.3,Low Risk,0,N/A
CUST-12189,Flux Data Analytics,Healthcare,Starter,Month-to-Month,Electronic Check,2024-02,24,108.01,2620.75,1,80,2,2,4,10.0,Low Risk,0,N/A
CUST-12190,Galactic Data Analytics,Healthcare,Professional,1-Year,Bank Transfer,2024-04,2,382.15,747.76,12,75,2,1,5,27.9,Low Risk,1,Poor Onboarding Experience
CUST-12191,Helix Data Analytics,E-Commerce,Enterprise,Month-to-Month,Bank Transfer,2024-05,1,1537.07,1506.74,94,23,1,5,8,71.1,High Risk,1,Poor Onboarding Experience
CUST-12192,Infini Data Analytics,Education,Starter,1-Year,Credit Card,2024-07,21,123.15,2551.4,3,65,0,0,8,4.7,Low Risk,0,N/A
CUST-12193,Krypton Data Analytics,Education,Professional,2-Year,Bank Transfer,2024-04,20,322.49,6644.38,5,53,2,3,8,2.5,Low Risk,0,N/A
CUST-12194,Matrix Data Analytics,Healthcare,Professional,Month-to-Month,Credit Card,2024-05,8,296.34,2402.9,5,56,0,3,7,34.3,Low Risk,1,Competitor Migration
CUST-12195,Neutron Data Analytics,Education,Starter,Month-to-Month,Electronic Check,2025-07,2,129.91,251.75,5,70,2,0,10,13.6,Low Risk,1,Low User Adoption
CUST-12196,Optima Data Analytics,E-Commerce,Professional,1-Year,Credit Card,2025-08,7,352.84,2371.37,12,86,1,2,1,8.3,Low Risk,0,N/A
CUST-12197,Prism Data Analytics,Financial Services,Starter,Month-to-Month,Bank Transfer,2025-01,9,125.25,1148.39,5,89,1,0,8,8.7,Low Risk,0,N/A
CUST-12198,Radiant Data Analytics,Manufacturing,Starter,Month-to-Month,Credit Card,2024-05,19,157.01,2892.27,6,67,3,0,1,20.6,Low Risk,1,Missing Core Feature
CUST-12199,Solaris Data Analytics,Technology,Starter,2-Year,Credit Card,2025-07,12,111.9,1306.54,1,68,0,3,5,14.2,Low Risk,0,N/A
CUST-12200,Titan Data Analytics,Financial Services,Starter,Month-to-Month,Credit Card,2025-06,1,138.87,140.38,4,56,1,1,10,13.6,Low Risk,0,N/A
CUST-12201,Zenith Data Analytics,Healthcare,Starter,2-Year,Electronic Check,2024-10,16,148.91,2356.66,5,66,0,1,9,1.3,Low Risk,0,N/A
CUST-12202,Strata Data Analytics,Technology,Starter,1-Year,Bank Transfer,2025-10,7,158.67,1069.85,6,38,1,3,8,14.2,Low Risk,0,N/A
CUST-12203,Synapse Data Analytics,Technology,Enterprise,Month-to-Month,Bank Transfer,2024-09,12,1502.6,17479.78,90,83,3,1,8,8.7,Low Risk,0,N/A
CUST-12204,Vortex Data Analytics,Manufacturing,Professional,1-Year,Electronic Check,2024-05,6,532.61,3244.78,30,92,6,0,10,5.7,Low Risk,0,N/A
CUST-12205,Vector Data Analytics,Financial Services,Professional,Month-to-Month,Bank Transfer,2026-02,3,403.37,1244.24,16,87,1,1,7,14.8,Low Risk,0,N/A
CUST-12206,Zenith Data Analytics,Technology,Professional,1-Year,Credit Card,2024-01,23,517.22,11658.25,30,54,2,1,10,1.6,Low Risk,0,N/A
CUST-12207,Aegis Data Analytics,Education,Starter,1-Year,Electronic Check,2024-12,17,140.02,2351.52,7,88,1,14,9,2.7,Low Risk,0,N/A
CUST-12208,Orion Data Analytics,Healthcare,Starter,1-Year,Credit Card,2025-01,2,121.55,234.74,4,15,4,0,7,67.9,High Risk,0,N/A
CUST-12209,Apex Cloud Analytics,Education,Professional,1-Year,Credit Card,2024-01,22,473.08,10599.7,23,78,0,8,8,3.9,Low Risk,0,N/A
CUST-12210,Vanguard Cloud Analytics,Manufacturing,Professional,2-Year,Electronic Check,2024-05,15,475.77,7371.98,25,28,1,8,8,14.8,Low Risk,0,N/A
CUST-12211,Nexus Cloud Analytics,Healthcare,Starter,2-Year,Credit Card,2026-05,1,174.69,174.86,8,80,1,2,10,0.9,Low Risk,0,N/A
CUST-12212,Quantum Cloud Analytics,Manufacturing,Professional,Month-to-Month,Bank Transfer,2025-07,8,460.55,3727.15,22,65,2,0,9,7.9,Low Risk,0,N/A
CUST-12213,Hyperion Cloud Analytics,E-Commerce,Starter,1-Year,Credit Card,2026-02,3,175.46,539.01,10,50,0,2,8,16.1,Low Risk,0,N/A
CUST-12214,Aura Cloud Analytics,Financial Services,Starter,1-Year,Electronic Check,2025-12,4,104.82,412.49,1,32,1,3,6,34.3,Low Risk,0,N/A
CUST-12215,Catalyst Cloud Analytics,E-Commerce,Enterprise,Month-to-Month,Electronic Check,2024-09,8,1142.63,9016.28,47,58,1,8,5,51.2,Medium Risk,0,N/A
CUST-12216,Pulse Cloud Analytics,Education,Professional,Month-to-Month,Electronic Check,2025-11,7,538.37,3820.43,32,61,1,1,7,18.2,Low Risk,0,N/A
CUST-12217,Vertex Cloud Analytics,Financial Services,Professional,Month-to-Month,Credit Card,2026-03,2,520.83,1083.0,30,54,2,1,10,13.6,Low Risk,0,N/A
CUST-12218,Starlight Cloud Analytics,Education,Professional,Month-to-Month,Electronic Check,2024-04,22,525.53,11554.2,30,96,3,1,1,10.0,Low Risk,0,N/A
CUST-12219,Beacon Cloud Analytics,Manufacturing,Starter,Month-to-Month,Credit Card,2025-05,6,170.99,1012.81,10,51,0,8,7,34.3,Low Risk,0,N/A
CUST-12220,Cobalt Cloud Analytics,Manufacturing,Starter,Month-to-Month,Credit Card,2024-05,27,114.48,3143.12,1,65,0,0,5,24.0,Low Risk,0,N/A
CUST-12221,Crest Cloud Analytics,Technology,Starter,1-Year,Bank Transfer,2024-05,5,153.96,759.31,8,46,0,1,6,9.5,Low Risk,0,N/A
CUST-12222,Elevation Cloud Analytics,Technology,Professional,Month-to-Month,Credit Card,2024-02,30,488.49,15210.85,27,34,0,1,7,28.9,Low Risk,1,Poor Onboarding Experience
CUST-12223,Frontier Cloud Analytics,Financial Services,Enterprise,1-Year,Credit Card,2024-04,25,1690.73,43812.06,112,35,0,2,10,1.9,Low Risk,0,N/A
CUST-12224,Horizon Cloud Analytics,Healthcare,Professional,Month-to-Month,Credit Card,2024-01,15,510.95,7689.4,28,66,0,0,9,9.5,Low Risk,0,N/A
CUST-12225,Integra Cloud Analytics,Healthcare,Professional,Month-to-Month,Bank Transfer,2025-06,12,459.92,5554.64,25,60,0,0,5,40.1,Medium Risk,1,Budget Reallocation / Price
CUST-12226,Kinetic Cloud Analytics,Technology,Starter,Month-to-Month,Bank Transfer,2025-04,16,147.43,2386.46,7,83,1,2,10,3.6,Low Risk,0,N/A
CUST-12227,Luminary Cloud Analytics,E-Commerce,Professional,1-Year,Bank Transfer,2026-03,4,360.18,1426.55,11,19,0,0,8,25.0,Low Risk,1,Low User Adoption
CUST-12228,Meridian Cloud Analytics,Education,Enterprise,Month-to-Month,Electronic Check,2024-01,6,1228.18,7088.09,56,38,0,2,7,21.4,Low Risk,0,N/A
CUST-12229,Nova Cloud Analytics,Technology,Professional,1-Year,Electronic Check,2024-01,30,451.8,13931.72,24,23,5,2,4,57.4,Medium Risk,1,Low User Adoption
CUST-12230,Omni Cloud Analytics,Financial Services,Starter,1-Year,Electronic Check,2026-06,1,105.0,107.14,1,63,0,0,8,16.1,Low Risk,0,N/A
CUST-12231,Pinnacle Cloud Analytics,Healthcare,Professional,Month-to-Month,Credit Card,2025-07,7,488.93,3417.14,25,98,1,0,9,3.6,Low Risk,0,N/A
CUST-12232,Acro Cloud Analytics,Healthcare,Starter,Month-to-Month,Credit Card,2026-05,1,141.47,144.63,7,80,0,1,8,17.5,Low Risk,0,N/A
CUST-12233,Boreal Cloud Analytics,Financial Services,Starter,1-Year,Credit Card,2025-03,6,168.35,1011.6,9,85,4,0,5,27.9,Low Risk,1,Executive Leadership Turnover
CUST-12234,Cortex Cloud Analytics,Education,Professional,2-Year,Bank Transfer,2025-07,9,322.6,2921.89,5,21,4,0,8,27.9,Low Risk,0,N/A
CUST-12235,Equinox Cloud Analytics,Healthcare,Professional,Month-to-Month,Credit Card,2026-03,1,374.19,366.92,13,97,1,5,6,25.0,Low Risk,1,Executive Leadership Turnover
CUST-12236,Flux Cloud Analytics,Financial Services,Starter,1-Year,Credit Card,2025-04,16,156.11,2537.54,8,85,4,0,7,13.6,Low Risk,0,N/A
CUST-12237,Galactic Cloud Analytics,Financial Services,Professional,1-Year,Bank Transfer,2025-02,3,432.88,1262.61,20,33,4,1,8,67.9,High Risk,0,N/A
CUST-12238,Helix Cloud Analytics,Financial Services,Starter,1-Year,Credit Card,2024-05,13,159.15,2042.73,9,24,2,3,5,56.2,Medium Risk,1,Missing Core Feature
CUST-12239,Infini Cloud Analytics,E-Commerce,Starter,Month-to-Month,Credit Card,2025-11,7,189.95,1344.68,9,84,1,3,3,31.0,Low Risk,0,N/A
CUST-12240,Krypton Cloud Analytics,E-Commerce,Starter,1-Year,Credit Card,2024-03,5,182.43,885.41,8,74,1,0,4,17.5,Low Risk,1,Budget Reallocation / Price
CUST-12241,Matrix Cloud Analytics,Education,Starter,Month-to-Month,Electronic Check,2026-02,1,155.03,155.73,6,25,1,0,8,56.2,Medium Risk,0,N/A
CUST-12242,Neutron Cloud Analytics,Manufacturing,Professional,Month-to-Month,Credit Card,2026-01,6,560.09,3400.56,34,66,1,8,7,29.9,Low Risk,1,Poor Onboarding Experience
CUST-12243,Optima Cloud Analytics,Education,Enterprise,Month-to-Month,Bank Transfer,2025-02,12,1937.95,23092.21,140,71,1,1,4,35.4,Medium Risk,0,N/A
CUST-12244,Prism Cloud Analytics,Education,Starter,2-Year,Credit Card,2024-01,2,100.71,205.07,2,75,0,0,8,6.0,Low Risk,0,N/A
CUST-12245,Radiant Cloud Analytics,Technology,Starter,Month-to-Month,Credit Card,2025-10,4,118.18,487.89,3,94,0,0,10,4.3,Low Risk,0,N/A
CUST-12246,Solaris Cloud Analytics,E-Commerce,Starter,Month-to-Month,Credit Card,2025-10,6,193.17,1204.25,10,96,0,2,6,10.4,Low Risk,0,N/A
CUST-12247,Titan Cloud Analytics,Education,Starter,Month-to-Month,Credit Card,2025-08,12,118.13,1373.67,3,48,2,0,6,18.2,Low Risk,0,N/A
CUST-12248,Zenith Cloud Analytics,Education,Starter,1-Year,Credit Card,2024-12,3,124.38,384.14,5,39,0,14,10,12.5,Low Risk,0,N/A
CUST-12249,Strata Cloud Analytics,E-Commerce,Professional,1-Year,Credit Card,2025-03,13,416.95,5566.69,17,83,0,2,7,4.3,Low Risk,0,N/A
CUST-12250,Synapse Cloud Analytics,Financial Services,Starter,Month-to-Month,Credit Card,2024-02,26,125.79,3211.68,2,61,1,2,7,9.5,Low Risk,0,N/A
CUST-12251,Vortex Cloud Analytics,Manufacturing,Professional,2-Year,Credit Card,2025-05,7,427.04,2948.79,21,36,0,0,6,3.4,Low Risk,0,N/A
CUST-12252,Vector Cloud Analytics,Manufacturing,Professional,Month-to-Month,Credit Card,2024-08,11,448.79,5012.31,22,33,5,3,3,93.4,High Risk,1,Missing Core Feature
CUST-12253,Zenith Cloud Analytics,Technology,Enterprise,2-Year,Electronic Check,2024-09,14,1724.52,24329.58,115,69,3,2,8,2.8,Low Risk,0,N/A
CUST-12254,Aegis Cloud Analytics,Healthcare,Starter,Month-to-Month,Credit Card,2024-07,2,160.44,321.7,6,73,2,0,6,28.9,Low Risk,0,N/A
CUST-12255,Orion Cloud Analytics,Technology,Enterprise,Month-to-Month,Bank Transfer,2025-08,8,1226.48,10065.09,57,32,0,5,6,62.2,Medium Risk,0,N/A
CUST-12256,Apex Digital Analytics,Manufacturing,Enterprise,Month-to-Month,Bank Transfer,2025-08,3,1966.75,6008.27,143,23,3,5,7,71.1,High Risk,1,Low User Adoption
CUST-12257,Vanguard Digital Analytics,Financial Services,Professional,Month-to-Month,Bank Transfer,2025-03,4,391.17,1612.19,17,76,2,8,8,15.4,Low Risk,0,N/A
CUST-12258,Nexus Digital Analytics,Technology,Starter,Month-to-Month,Credit Card,2026-02,3,113.53,350.52,2,59,3,2,9,13.6,Low Risk,0,N/A
CUST-12259,Quantum Digital Analytics,E-Commerce,Professional,1-Year,Credit Card,2025-06,9,443.15,4110.71,21,74,4,1,6,26.9,Low Risk,0,N/A
CUST-12260,Hyperion Digital Analytics,Financial Services,Enterprise,Month-to-Month,Credit Card,2024-05,24,1408.72,32465.73,80,89,6,30,7,64.6,Medium Risk,0,N/A
CUST-12261,Aura Digital Analytics,Financial Services,Enterprise,Month-to-Month,Credit Card,2024-03,23,1838.87,40977.41,131,89,0,1,5,11.9,Low Risk,0,N/A
CUST-12262,Catalyst Digital Analytics,Financial Services,Enterprise,Month-to-Month,Bank Transfer,2025-12,7,1537.07,11020.57,93,59,1,8,2,51.2,Medium Risk,1,Low User Adoption
CUST-12263,Pulse Digital Analytics,Healthcare,Professional,2-Year,Bank Transfer,2026-02,4,508.26,2109.12,27,18,2,1,5,18.2,Low Risk,1,Budget Reallocation / Price
CUST-12264,Vertex Digital Analytics,Technology,Starter,Month-to-Month,Electronic Check,2024-08,8,130.73,1080.44,3,21,0,1,8,46.3,Medium Risk,0,N/A
CUST-12265,Starlight Digital Analytics,Education,Professional,Month-to-Month,Credit Card,2024-10,10,418.86,4064.64,20,73,3,1,5,35.4,Medium Risk,1,Missing Core Feature
CUST-12266,Beacon Digital Analytics,Technology,Starter,1-Year,Credit Card,2025-04,2,106.2,218.55,1,65,1,1,9,5.7,Low Risk,0,N/A
CUST-12267,Cobalt Digital Analytics,Financial Services,Professional,Month-to-Month,Credit Card,2024-10,3,399.11,1166.3,17,81,4,0,9,22.3,Low Risk,0,N/A
CUST-12268,Crest Digital Analytics,Healthcare,Starter,Month-to-Month,Credit Card,2025-02,2,138.02,278.37,3,55,3,2,7,28.9,Low Risk,0,N/A
CUST-12269,Elevation Digital Analytics,Financial Services,Starter,2-Year,Electronic Check,2024-10,15,188.17,2861.96,9,19,0,0,3,21.4,Low Risk,0,N/A
CUST-12270,Frontier Digital Analytics,Manufacturing,Professional,Month-to-Month,Credit Card,2026-04,2,550.16,1102.34,32,41,2,8,5,65.7,High Risk,1,Poor Onboarding Experience
CUST-12271,Horizon Digital Analytics,Financial Services,Starter,1-Year,Credit Card,2024-05,14,181.03,2582.83,8,84,2,3,5,14.8,Low Risk,1,Poor Onboarding Experience
CUST-12272,Integra Digital Analytics,Technology,Professional,2-Year,Credit Card,2025-06,4,323.22,1310.03,9,49,1,0,8,2.8,Low Risk,0,N/A
CUST-12273,Kinetic Digital Analytics,Healthcare,Enterprise,Month-to-Month,Electronic Check,2026-01,6,1489.32,9043.42,88,62,1,1,7,18.2,Low Risk,0,N/A
CUST-12274,Luminary Digital Analytics,E-Commerce,Professional,Month-to-Month,Bank Transfer,2024-11,17,502.85,8357.39,27,60,2,1,2,35.4,Medium Risk,1,Poor Onboarding Experience
CUST-12275,Meridian Digital Analytics,Education,Professional,Month-to-Month,Electronic Check,2025-03,1,328.96,319.81,9,54,2,3,2,65.7,High Risk,0,N/A
CUST-12276,Nova Digital Analytics,Financial Services,Starter,1-Year,Credit Card,2024-08,19,158.24,2911.31,7,72,3,30,8,27.9,Low Risk,0,N/A
CUST-12277,Omni Digital Analytics,E-Commerce,Enterprise,1-Year,Credit Card,2026-04,3,1046.09,3260.41,37,66,3,1,7,13.6,Low Risk,0,N/A
CUST-12278,Pinnacle Digital Analytics,Financial Services,Starter,2-Year,Credit Card,2026-06,2,99.4,204.34,1,70,1,0,5,11.4,Low Risk,0,N/A
CUST-12279,Acro Digital Analytics,Education,Starter,Month-to-Month,Credit Card,2025-11,8,178.08,1397.49,9,18,0,5,9,38.9,Medium Risk,1,Low User Adoption
CUST-12280,Boreal Digital Analytics,Financial Services,Professional,Month-to-Month,Bank Transfer,2024-09,2,465.71,900.51,23,77,1,2,8,14.8,Low Risk,0,N/A
CUST-12281,Cortex Digital Analytics,Education,Starter,Month-to-Month,Bank Transfer,2025-12,5,134.66,669.22,4,78,0,3,4,35.4,Medium Risk,1,Budget Reallocation / Price
CUST-12282,Equinox Digital Analytics,Manufacturing,Starter,Month-to-Month,Credit Card,2024-01,31,184.13,5570.0,9,29,1,0,7,25.0,Low Risk,0,N/A
CUST-12283,Flux Digital Analytics,E-Commerce,Professional,Month-to-Month,Bank Transfer,2026-01,4,345.26,1366.47,9,24,6,8,7,85.2,High Risk,1,Low User Adoption
CUST-12284,Galactic Digital Analytics,Education,Enterprise,Month-to-Month,Credit Card,2025-08,10,1538.87,15068.6,95,62,5,0,6,48.8,Medium Risk,0,N/A
CUST-12285,Helix Digital Analytics,Education,Starter,Month-to-Month,Bank Transfer,2025-05,6,190.35,1159.43,10,51,3,2,8,18.2,Low Risk,0,N/A
CUST-12286,Infini Digital Analytics,Healthcare,Professional,Month-to-Month,Electronic Check,2025-03,17,498.89,8354.48,26,97,5,0,8,28.9,Low Risk,0,N/A
CUST-12287,Krypton Digital Analytics,Technology,Professional,Month-to-Month,Electronic Check,2025-04,10,482.47,4888.31,27,52,0,0,5,40.1,Medium Risk,0,N/A
CUST-12288,Matrix Digital Analytics,E-Commerce,Professional,Month-to-Month,Bank Transfer,2025-05,12,514.8,6268.14,29,85,0,14,5,35.4,Medium Risk,0,N/A
CUST-12289,Neutron Digital Analytics,Healthcare,Starter,1-Year,Bank Transfer,2024-10,1,125.0,125.76,2,37,1,45,7,59.9,Medium Risk,1,Missing Core Feature
CUST-12290,Optima Digital Analytics,Technology,Starter,2-Year,Credit Card,2026-03,2,126.3,248.2,2,60,1,1,8,5.0,Low Risk,0,N/A
CUST-12291,Prism Digital Analytics,E-Commerce,Professional,1-Year,Credit Card,2026-05,1,360.1,373.2,13,56,0,0,8,16.1,Low Risk,0,N/A
CUST-12292,Radiant Digital Analytics,Technology,Starter,1-Year,Bank Transfer,2026-02,5,148.94,740.67,5,61,1,0,8,7.9,Low Risk,0,N/A
CUST-12293,Solaris Digital Analytics,Healthcare,Enterprise,Month-to-Month,Credit Card,2024-10,5,1834.64,9454.16,129,29,2,0,9,21.4,Low Risk,0,N/A
CUST-12294,Titan Digital Analytics,Education,Starter,Month-to-Month,Bank Transfer,2026-04,3,132.29,401.46,2,86,0,2,10,7.6,Low Risk,1,Low User Adoption
CUST-12295,Zenith Digital Analytics,Education,Starter,Month-to-Month,Credit Card,2024-07,4,163.71,632.32,7,88,0,2,8,10.4,Low Risk,0,N/A
CUST-12296,Strata Digital Analytics,Healthcare,Starter,1-Year,Credit Card,2024-04,15,173.75,2513.22,7,34,0,1,9,11.4,Low Risk,0,N/A
CUST-12297,Synapse Digital Analytics,Financial Services,Enterprise,Month-to-Month,Electronic Check,2024-07,23,1065.39,25019.0,37,85,4,0,3,32.1,Low Risk,0,N/A
CUST-12298,Vortex Digital Analytics,Financial Services,Starter,1-Year,Credit Card,2024-01,25,92.92,2408.14,1,46,0,3,8,8.7,Low Risk,0,N/A
CUST-12299,Vector Digital Analytics,Technology,Starter,Month-to-Month,Bank Transfer,2025-11,8,173.62,1384.43,9,73,0,3,6,34.3,Low Risk,0,N/A
CUST-12300,Zenith Digital Analytics,Healthcare,Starter,Month-to-Month,Credit Card,2026-03,2,166.46,342.32,7,78,5,1,3,64.6,Medium Risk,0,N/A
CUST-12301,Aegis Digital Analytics,Education,Enterprise,2-Year,Credit Card,2026-04,1,1019.04,983.2,34,39,2,2,7,5.0,Low Risk,0,N/A
CUST-12302,Orion Digital Analytics,E-Commerce,Enterprise,1-Year,Bank Transfer,2026-06,2,931.98,1826.36,25,65,2,0,8,13.6,Low Risk,0,N/A
CUST-12303,Apex Bio Analytics,Education,Professional,1-Year,Bank Transfer,2026-03,1,306.26,304.32,5,18,1,5,2,70.1,High Risk,1,Low User Adoption
CUST-12304,Vanguard Bio Analytics,Healthcare,Starter,Month-to-Month,Credit Card,2024-11,18,130.54,2291.95,5,77,0,8,8,18.2,Low Risk,0,N/A
CUST-12305,Nexus Bio Analytics,Education,Starter,1-Year,Electronic Check,2025-04,6,160.23,933.8,8,33,1,8,9,16.8,Low Risk,0,N/A
CUST-12306,Quantum Bio Analytics,Financial Services,Professional,Month-to-Month,Electronic Check,2024-04,7,399.99,2903.83,15,94,2,8,10,6.6,Low Risk,0,N/A
CUST-12307,Hyperion Bio Analytics,Financial Services,Professional,Month-to-Month,Credit Card,2025-06,4,358.74,1399.66,10,85,2,0,9,3.6,Low Risk,0,N/A
CUST-12308,Aura Bio Analytics,Healthcare,Professional,Month-to-Month,Bank Transfer,2024-12,17,306.53,5202.51,6,54,1,8,6,29.9,Low Risk,0,N/A
CUST-12309,Catalyst Bio Analytics,Education,Starter,1-Year,Bank Transfer,2025-01,8,148.08,1175.13,7,28,1,1,4,40.1,Medium Risk,0,N/A
CUST-12310,Pulse Bio Analytics,Technology,Starter,Month-to-Month,Bank Transfer,2026-01,3,167.57,511.21,9,47,2,1,4,50.0,Medium Risk,1,Budget Reallocation / Price
CUST-12311,Vertex Bio Analytics,Education,Starter,Month-to-Month,Bank Transfer,2024-10,13,100.04,1290.08,2,18,3,5,3,76.9,High Risk,1,Competitor Migration
CUST-12312,Starlight Bio Analytics,Education,Starter,1-Year,Bank Transfer,2024-12,9,143.46,1265.88,6,37,2,1,5,17.5,Low Risk,0,N/A
CUST-12313,Beacon Bio Analytics,Healthcare,Professional,1-Year,Bank Transfer,2026-05,3,340.6,1009.88,7,49,1,1,10,5.7,Low Risk,0,N/A
CUST-12314,Cobalt Bio Analytics,E-Commerce,Professional,2-Year,Electronic Check,2024-03,20,289.31,5656.84,5,67,1,0,7,1.3,Low Risk,0,N/A
CUST-12315,Crest Bio Analytics,Manufacturing,Starter,Month-to-Month,Bank Transfer,2024-04,21,182.01,3832.94,10,71,2,5,7,16.8,Low Risk,0,N/A
CUST-12316,Elevation Bio Analytics,Education,Professional,Month-to-Month,Credit Card,2025-03,1,330.48,328.01,6,89,0,0,8,17.5,Low Risk,0,N/A
CUST-12317,Frontier Bio Analytics,Financial Services,Starter,Month-to-Month,Credit Card,2024-09,1,99.94,103.63,2,45,0,1,5,55.0,Medium Risk,1,Executive Leadership Turnover
CUST-12318,Horizon Bio Analytics,E-Commerce,Starter,Month-to-Month,Credit Card,2025-11,6,146.05,884.23,7,30,0,0,10,25.0,Low Risk,0,N/A
CUST-12319,Integra Bio Analytics,E-Commerce,Professional,1-Year,Electronic Check,2026-01,6,384.28,2301.0,15,75,3,2,6,7.9,Low Risk,0,N/A
CUST-12320,Kinetic Bio Analytics,Healthcare,Professional,Month-to-Month,Electronic Check,2026-05,3,544.42,1670.26,35,23,1,1,6,56.2,Medium Risk,1,Executive Leadership Turnover
CUST-12321,Luminary Bio Analytics,Education,Professional,Month-to-Month,Bank Transfer,2025-02,7,448.44,3165.71,23,85,0,0,6,10.4,Low Risk,0,N/A
CUST-12322,Meridian Bio Analytics,Education,Starter,Month-to-Month,Credit Card,2024-04,5,90.86,462.94,1,94,0,2,7,10.4,Low Risk,0,N/A
CUST-12323,Nova Bio Analytics,Healthcare,Starter,1-Year,Electronic Check,2024-10,18,153.59,2851.1,5,51,0,8,6,16.8,Low Risk,0,N/A
CUST-12324,Omni Bio Analytics,Healthcare,Starter,1-Year,Electronic Check,2026-05,3,158.59,483.87,6,40,1,1,8,13.6,Low Risk,0,N/A
CUST-12325,Pinnacle Bio Analytics,E-Commerce,Professional,Month-to-Month,Bank Transfer,2026-06,1,476.77,475.72,23,68,3,1,8,28.9,Low Risk,0,N/A
CUST-12326,Acro Bio Analytics,Technology,Starter,1-Year,Electronic Check,2026-03,5,161.55,780.16,9,74,5,2,7,26.9,Low Risk,0,N/A
CUST-12327,Boreal Bio Analytics,Education,Enterprise,Month-to-Month,Electronic Check,2024-04,3,1968.47,6126.43,144,53,4,0,7,63.4,Medium Risk,0,N/A
CUST-12328,Cortex Bio Analytics,Manufacturing,Enterprise,1-Year,Credit Card,2024-10,6,1409.61,8573.03,81,53,3,1,10,3.2,Low Risk,0,N/A
CUST-12329,Equinox Bio Analytics,Manufacturing,Enterprise,Month-to-Month,Credit Card,2025-12,6,1653.95,9890.75,106,76,5,2,9,13.6,Low Risk,0,N/A
CUST-12330,Flux Bio Analytics,Technology,Professional,1-Year,Bank Transfer,2024-06,11,464.56,4918.34,22,27,0,3,8,38.9,Medium Risk,0,N/A
CUST-12331,Galactic Bio Analytics,Healthcare,Professional,2-Year,Bank Transfer,2025-02,13,407.91,5448.59,17,67,2,0,7,2.8,Low Risk,0,N/A
CUST-12332,Helix Bio Analytics,Manufacturing,Enterprise,Month-to-Month,Credit Card,2026-03,5,1687.08,8768.11,112,32,5,3,1,93.4,High Risk,1,Executive Leadership Turnover
CUST-12333,Infini Bio Analytics,E-Commerce,Starter,Month-to-Month,Bank Transfer,2024-08,16,195.0,3224.59,10,81,2,1,7,8.7,Low Risk,0,N/A
CUST-12334,Krypton Bio Analytics,Education,Professional,1-Year,Bank Transfer,2025-04,2,521.27,1013.73,29,88,5,8,5,57.4,Medium Risk,1,Low User Adoption
CUST-12335,Matrix Bio Analytics,Education,Professional,Month-to-Month,Electronic Check,2026-06,1,441.79,454.64,20,93,1,0,7,14.8,Low Risk,0,N/A
CUST-12336,Neutron Bio Analytics,Financial Services,Starter,Month-to-Month,Credit Card,2024-09,3,153.16,459.42,8,91,1,1,7,14.8,Low Risk,0,N/A
CUST-12337,Optima Bio Analytics,Manufacturing,Starter,Month-to-Month,Bank Transfer,2024-05,2,95.78,184.79,1,38,1,0,8,28.9,Low Risk,0,N/A
CUST-12338,Prism Bio Analytics,Healthcare,Enterprise,2-Year,Bank Transfer,2026-06,2,1753.72,3647.48,119,71,0,0,9,2.4,Low Risk,0,N/A
CUST-12339,Radiant Bio Analytics,E-Commerce,Professional,1-Year,Credit Card,2024-08,11,519.03,5663.52,31,26,1,1,8,21.4,Low Risk,0,N/A
CUST-12340,Solaris Bio Analytics,E-Commerce,Starter,1-Year,Credit Card,2025-09,10,117.99,1215.74,3,90,6,0,9,5.7,Low Risk,0,N/A
CUST-12341,Titan Bio Analytics,E-Commerce,Professional,2-Year,Bank Transfer,2025-04,14,507.29,7214.07,29,44,0,0,4,7.9,Low Risk,0,N/A
CUST-12342,Zenith Bio Analytics,Healthcare,Professional,Month-to-Month,Electronic Check,2026-03,2,511.19,984.38,29,78,2,0,8,14.8,Low Risk,0,N/A
CUST-12343,Strata Bio Analytics,Healthcare,Professional,1-Year,Electronic Check,2024-01,18,536.84,9434.62,31,89,0,2,5,10.0,Low Risk,0,N/A
CUST-12344,Synapse Bio Analytics,E-Commerce,Starter,2-Year,Bank Transfer,2024-04,21,121.19,2524.35,4,95,1,5,5,2.7,Low Risk,0,N/A
CUST-12345,Vortex Bio Analytics,Technology,Starter,1-Year,Bank Transfer,2025-03,8,179.68,1466.5,8,71,0,1,8,9.5,Low Risk,0,N/A
CUST-12346,Vector Bio Analytics,Education,Professional,1-Year,Credit Card,2024-01,29,449.73,12836.05,20,98,1,0,9,0.7,Low Risk,0,N/A
CUST-12347,Zenith Bio Analytics,Education,Starter,1-Year,Credit Card,2025-03,6,148.63,888.23,6,70,0,1,8,9.5,Low Risk,0,N/A
CUST-12348,Aegis Bio Analytics,Education,Enterprise,Month-to-Month,Bank Transfer,2025-12,2,1833.78,3654.89,129,82,6,0,9,22.3,Low Risk,1,Low User Adoption
CUST-12349,Orion Bio Analytics,Manufacturing,Professional,Month-to-Month,Bank Transfer,2024-07,3,559.19,1688.53,34,62,0,0,8,33.2,Low Risk,0,N/A
CUST-12350,Apex Cyber Analytics,Education,Professional,1-Year,Credit Card,2025-12,1,410.43,415.33,16,31,0,1,7,37.8,Medium Risk,0,N/A
CUST-12351,Vanguard Cyber Analytics,E-Commerce,Professional,1-Year,Bank Transfer,2024-10,16,494.29,7928.82,29,68,1,5,9,6.0,Low Risk,0,N/A
CUST-12352,Nexus Cyber Analytics,Healthcare,Starter,1-Year,Electronic Check,2024-01,8,178.04,1384.75,10,82,0,1,9,1.7,Low Risk,0,N/A
CUST-12353,Quantum Cyber Analytics,Financial Services,Starter,1-Year,Bank Transfer,2025-07,11,148.47,1605.61,7,68,0,2,8,9.5,Low Risk,0,N/A
CUST-12354,Hyperion Cyber Analytics,Healthcare,Professional,1-Year,Credit Card,2025-02,12,393.71,4814.6,16,40,0,0,7,9.5,Low Risk,1,Competitor Migration
CUST-12355,Aura Cyber Analytics,Technology,Starter,2-Year,Electronic Check,2025-01,13,131.77,1753.4,3,43,2,21,6,21.4,Low Risk,0,N/A
CUST-12356,Catalyst Cyber Analytics,Healthcare,Professional,2-Year,Bank Transfer,2026-06,2,516.51,992.12,31,49,1,2,2,11.4,Low Risk,0,N/A
CUST-12357,Pulse Cyber Analytics,Technology,Professional,Month-to-Month,Credit Card,2025-01,1,318.61,325.58,6,71,0,5,4,70.1,High Risk,1,Poor Onboarding Experience
CUST-12358,Vertex Cyber Analytics,Manufacturing,Enterprise,Month-to-Month,Credit Card,2025-09,5,1337.26,6777.71,70,26,1,1,2,63.4,Medium Risk,0,N/A
CUST-12359,Starlight Cyber Analytics,Manufacturing,Starter,Month-to-Month,Electronic Check,2025-11,6,129.65,797.48,2,96,4,0,6,28.9,Low Risk,0,N/A
CUST-12360,Beacon Cyber Analytics,Education,Starter,1-Year,Bank Transfer,2025-04,7,173.65,1243.4,7,44,1,3,9,6.0,Low Risk,0,N/A
CUST-12361,Cobalt Cyber Analytics,Education,Starter,Month-to-Month,Bank Transfer,2025-02,12,190.02,2271.0,9,26,1,1,9,21.4,Low Risk,0,N/A
CUST-12362,Crest Cyber Analytics,Technology,Professional,Month-to-Month,Electronic Check,2024-09,8,561.88,4392.31,34,48,1,2,7,18.2,Low Risk,0,N/A
CUST-12363,Elevation Cyber Analytics,Technology,Starter,Month-to-Month,Credit Card,2025-07,11,133.52,1485.14,6,90,3,1,7,8.7,Low Risk,0,N/A
CUST-12364,Frontier Cyber Analytics,Financial Services,Enterprise,Month-to-Month,Bank Transfer,2025-01,11,1562.11,17626.6,96,37,6,0,3,70.1,High Risk,1,Missing Core Feature
CUST-12365,Horizon Cyber Analytics,Manufacturing,Professional,Month-to-Month,Bank Transfer,2024-10,14,307.24,4149.47,5,94,0,1,9,4.3,Low Risk,0,N/A
CUST-12366,Integra Cyber Analytics,E-Commerce,Professional,Month-to-Month,Electronic Check,2024-04,22,417.67,9355.63,19,25,1,0,3,45.0,Medium Risk,1,Competitor Migration
CUST-12367,Kinetic Cyber Analytics,Education,Professional,1-Year,Credit Card,2025-05,12,408.27,4821.91,15,23,1,8,2,56.2,Medium Risk,0,N/A
CUST-12368,Luminary Cyber Analytics,Financial Services,Professional,Month-to-Month,Electronic Check,2025-02,13,356.02,4726.9,12,15,0,0,6,46.3,Medium Risk,0,N/A
CUST-12369,Meridian Cyber Analytics,Technology,Starter,Month-to-Month,Credit Card,2024-01,4,158.99,615.34,6,18,0,5,9,38.9,Medium Risk,0,N/A
CUST-12370,Nova Cyber Analytics,Manufacturing,Starter,Month-to-Month,Electronic Check,2026-02,1,151.06,149.87,6,91,0,2,8,17.5,Low Risk,0,N/A
CUST-12371,Omni Cyber Analytics,Education,Starter,1-Year,Credit Card,2025-12,7,143.26,1002.95,6,90,0,8,7,7.9,Low Risk,0,N/A
CUST-12372,Pinnacle Cyber Analytics,Education,Professional,Month-to-Month,Bank Transfer,2024-05,20,416.77,8606.92,20,41,2,3,10,7.2,Low Risk,0,N/A
CUST-12373,Acro Cyber Analytics,Financial Services,Starter,Month-to-Month,Electronic Check,2024-08,7,118.51,799.18,2,32,0,0,8,46.3,Medium Risk,1,Competitor Migration
CUST-12374,Boreal Cyber Analytics,Financial Services,Starter,1-Year,Credit Card,2025-10,2,122.03,243.06,1,75,1,1,6,13.6,Low Risk,0,N/A
CUST-12375,Cortex Cyber Analytics,Manufacturing,Starter,1-Year,Electronic Check,2024-06,14,143.72,2026.87,7,31,2,2,9,9.5,Low Risk,0,N/A
CUST-12376,Equinox Cyber Analytics,Financial Services,Enterprise,1-Year,Bank Transfer,2024-04,18,1826.63,33319.2,129,70,0,2,8,9.5,Low Risk,0,N/A
CUST-12377,Flux Cyber Analytics,Healthcare,Enterprise,1-Year,Credit Card,2024-08,7,1412.62,9884.64,78,22,0,1,9,11.4,Low Risk,0,N/A
CUST-12378,Galactic Cyber Analytics,Education,Enterprise,Month-to-Month,Bank Transfer,2024-10,22,1031.52,23594.72,35,58,1,2,8,9.5,Low Risk,0,N/A
CUST-12379,Helix Cyber Analytics,Technology,Enterprise,1-Year,Credit Card,2025-06,1,1752.66,1800.69,119,51,1,1,3,27.9,Low Risk,1,Missing Core Feature
CUST-12380,Infini Cyber Analytics,E-Commerce,Starter,Month-to-Month,Bank Transfer,2025-11,1,111.67,113.47,2,47,0,3,7,48.8,Medium Risk,1,Low User Adoption
CUST-12381,Krypton Cyber Analytics,Education,Professional,Month-to-Month,Credit Card,2026-03,2,539.08,1037.61,34,49,1,1,6,28.9,Low Risk,0,N/A
CUST-12382,Matrix Cyber Analytics,E-Commerce,Starter,2-Year,Bank Transfer,2026-03,2,160.5,324.04,6,73,0,1,8,6.0,Low Risk,0,N/A
CUST-12383,Neutron Cyber Analytics,Manufacturing,Enterprise,Month-to-Month,Bank Transfer,2025-08,5,1665.5,8297.06,109,25,0,2,8,46.3,Medium Risk,1,Budget Reallocation / Price
CUST-12384,Optima Cyber Analytics,Education,Professional,1-Year,Credit Card,2025-09,9,405.77,3741.45,18,51,1,3,8,14.2,Low Risk,0,N/A
CUST-12385,Prism Cyber Analytics,Healthcare,Starter,2-Year,Credit Card,2025-05,11,172.84,1904.09,7,66,0,30,8,25.0,Low Risk,0,N/A
CUST-12386,Radiant Cyber Analytics,Manufacturing,Enterprise,2-Year,Credit Card,2025-08,8,1211.81,9725.61,54,64,0,3,7,6.3,Low Risk,0,N/A
CUST-12387,Solaris Cyber Analytics,E-Commerce,Starter,Month-to-Month,Bank Transfer,2025-01,18,125.3,2187.73,4,91,4,45,8,79.4,High Risk,1,Missing Core Feature
CUST-12388,Titan Cyber Analytics,Financial Services,Starter,1-Year,Bank Transfer,2024-06,3,174.61,516.38,8,61,3,1,4,27.9,Low Risk,1,Competitor Migration
CUST-12389,Zenith Cyber Analytics,Financial Services,Starter,Month-to-Month,Credit Card,2026-03,1,126.41,125.3,4,15,1,3,7,71.1,High Risk,1,Low User Adoption
CUST-12390,Strata Cyber Analytics,Technology,Professional,1-Year,Bank Transfer,2024-05,1,327.17,319.01,8,95,1,3,5,24.0,Low Risk,1,Missing Core Feature
CUST-12391,Synapse Cyber Analytics,Technology,Professional,Month-to-Month,Credit Card,2026-03,5,414.65,2108.26,16,44,0,0,4,40.1,Medium Risk,0,N/A
CUST-12392,Vortex Cyber Analytics,Technology,Professional,2-Year,Bank Transfer,2024-09,8,532.14,4182.55,33,28,2,0,8,8.3,Low Risk,0,N/A
CUST-12393,Vector Cyber Analytics,Technology,Enterprise,Month-to-Month,Electronic Check,2026-04,2,1960.92,3981.19,144,96,1,5,8,25.0,Low Risk,0,N/A
CUST-12394,Zenith Cyber Analytics,Financial Services,Starter,Month-to-Month,Electronic Check,2024-05,8,109.38,892.25,3,26,0,2,8,46.3,Medium Risk,0,N/A
CUST-12395,Aegis Cyber Analytics,Technology,Professional,Month-to-Month,Credit Card,2025-01,5,459.54,2319.12,25,54,0,1,10,9.5,Low Risk,0,N/A
CUST-12396,Orion Cyber Analytics,E-Commerce,Enterprise,Month-to-Month,Electronic Check,2026-01,3,1624.16,4733.6,105,31,1,3,6,71.1,High Risk,1,Low User Adoption
CUST-12397,Apex Logic Analytics,Education,Professional,Month-to-Month,Bank Transfer,2025-12,2,445.34,924.17,20,31,1,0,3,76.0,High Risk,0,N/A
CUST-12398,Vanguard Logic Analytics,Education,Professional,Month-to-Month,Electronic Check,2024-09,11,350.87,3754.23,10,61,0,3,5,56.2,Medium Risk,0,N/A
CUST-12399,Nexus Logic Analytics,Financial Services,Professional,2-Year,Credit Card,2025-06,3,431.73,1295.25,20,84,1,1,6,2.2,Low Risk,0,N/A
CUST-12400,Quantum Logic Analytics,Technology,Professional,Month-to-Month,Bank Transfer,2025-10,4,324.95,1321.57,9,64,1,2,3,35.4,Medium Risk,0,N/A
CUST-12401,Hyperion Logic Analytics,E-Commerce,Starter,Month-to-Month,Electronic Check,2024-03,9,105.83,920.59,1,48,0,2,4,40.1,Medium Risk,0,N/A
CUST-12402,Aura Logic Analytics,Financial Services,Starter,1-Year,Electronic Check,2024-12,15,193.1,2977.65,10,54,0,0,2,20.6,Low Risk,0,N/A
CUST-12403,Catalyst Logic Analytics,Technology,Enterprise,1-Year,Electronic Check,2026-02,5,1678.94,8562.6,112,72,0,1,8,9.5,Low Risk,1,Missing Core Feature
CUST-12404,Pulse Logic Analytics,Education,Starter,Month-to-Month,Credit Card,2024-12,18,130.92,2360.99,5,60,3,3,8,29.9,Low Risk,0,N/A
CUST-12405,Vertex Logic Analytics,Technology,Enterprise,Month-to-Month,Credit Card,2026-06,1,1935.41,1925.67,141,29,1,2,7,56.2,Medium Risk,1,Poor Onboarding Experience
CUST-12406,Starlight Logic Analytics,Healthcare,Professional,1-Year,Bank Transfer,2026-06,1,448.11,439.65,20,42,0,0,5,32.1,Low Risk,0,N/A
CUST-12407,Beacon Logic Analytics,Technology,Enterprise,Month-to-Month,Credit Card,2024-10,17,1841.48,32203.0,132,42,2,2,6,18.2,Low Risk,0,N/A
CUST-12408,Cobalt Logic Analytics,Financial Services,Starter,Month-to-Month,Electronic Check,2026-01,3,96.74,281.84,1,66,0,2,7,33.2,Low Risk,0,N/A
CUST-12409,Crest Logic Analytics,Manufacturing,Enterprise,Month-to-Month,Credit Card,2025-06,3,1174.29,3625.8,50,30,1,8,9,48.8,Medium Risk,0,N/A
CUST-12410,Elevation Logic Analytics,Manufacturing,Starter,1-Year,Bank Transfer,2024-09,7,184.65,1278.09,9,91,0,5,9,3.2,Low Risk,0,N/A
CUST-12411,Frontier Logic Analytics,Manufacturing,Enterprise,1-Year,Bank Transfer,2025-01,13,1843.95,23360.95,130,65,0,0,6,9.5,Low Risk,0,N/A
CUST-12412,Horizon Logic Analytics,Financial Services,Professional,Month-to-Month,Electronic Check,2024-09,19,364.2,7084.95,13,86,0,21,8,34.3,Low Risk,0,N/A
CUST-12413,Integra Logic Analytics,Financial Services,Starter,Month-to-Month,Credit Card,2024-08,15,129.35,1972.9,5,86,2,1,8,8.7,Low Risk,0,N/A
CUST-12414,Kinetic Logic Analytics,Healthcare,Professional,Month-to-Month,Bank Transfer,2025-02,11,378.91,4209.83,13,89,0,1,10,4.3,Low Risk,0,N/A
CUST-12415,Luminary Logic Analytics,Financial Services,Professional,1-Year,Credit Card,2026-01,2,362.84,730.1,13,28,0,5,5,74.1,High Risk,1,Budget Reallocation / Price
CUST-12416,Meridian Logic Analytics,Healthcare,Professional,Month-to-Month,Credit Card,2025-07,4,422.97,1636.29,19,61,2,1,5,35.4,Medium Risk,0,N/A
CUST-12417,Nova Logic Analytics,Financial Services,Enterprise,Month-to-Month,Electronic Check,2025-06,1,1062.47,1092.64,38,85,2,3,4,45.0,Medium Risk,0,N/A
CUST-12418,Omni Logic Analytics,Healthcare,Starter,1-Year,Electronic Check,2024-04,12,165.95,1995.49,10,18,0,0,5,45.0,Medium Risk,1,Budget Reallocation / Price
CUST-12419,Pinnacle Logic Analytics,Technology,Starter,Month-to-Month,Bank Transfer,2025-08,3,132.23,397.47,3,24,0,2,1,79.4,High Risk,1,Executive Leadership Turnover
CUST-12420,Acro Logic Analytics,E-Commerce,Starter,2-Year,Bank Transfer,2025-03,1,167.21,161.72,7,54,3,30,8,33.2,Low Risk,0,N/A
CUST-12421,Boreal Logic Analytics,E-Commerce,Starter,1-Year,Credit Card,2025-03,8,102.35,838.51,1,64,1,21,8,45.0,Medium Risk,1,Missing Core Feature
CUST-12422,Cortex Logic Analytics,Healthcare,Professional,1-Year,Bank Transfer,2025-05,13,410.19,5274.06,18,64,1,1,4,17.5,Low Risk,0,N/A
CUST-12423,Equinox Logic Analytics,E-Commerce,Starter,1-Year,Credit Card,2024-06,25,144.17,3638.44,6,77,1,0,8,1.7,Low Risk,0,N/A
CUST-12424,Flux Logic Analytics,E-Commerce,Professional,Month-to-Month,Electronic Check,2025-02,1,361.89,372.53,11,90,1,1,7,14.8,Low Risk,0,N/A
CUST-12425,Galactic Logic Analytics,Education,Professional,2-Year,Credit Card,2025-10,10,495.2,5095.41,29,75,0,1,7,3.4,Low Risk,0,N/A
CUST-12426,Helix Logic Analytics,Manufacturing,Starter,2-Year,Electronic Check,2025-02,9,147.71,1318.29,4,49,3,0,7,2.8,Low Risk,0,N/A
CUST-12427,Infini Logic Analytics,E-Commerce,Professional,2-Year,Credit Card,2026-02,3,555.07,1707.74,33,57,1,2,7,5.0,Low Risk,0,N/A
CUST-12428,Krypton Logic Analytics,Education,Starter,Month-to-Month,Electronic Check,2026-02,2,174.56,355.18,8,50,3,8,9,23.1,Low Risk,0,N/A
CUST-12429,Matrix Logic Analytics,Healthcare,Starter,Month-to-Month,Credit Card,2024-01,18,139.95,2464.08,6,49,2,3,8,29.9,Low Risk,0,N/A
CUST-12430,Neutron Logic Analytics,Manufacturing,Starter,1-Year,Bank Transfer,2025-06,14,97.3,1329.37,1,19,2,1,1,40.1,Medium Risk,1,Competitor Migration
CUST-12431,Optima Logic Analytics,Manufacturing,Starter,Month-to-Month,Credit Card,2024-08,14,160.31,2204.25,7,91,1,21,7,47.5,Medium Risk,0,N/A
CUST-12432,Prism Logic Analytics,Technology,Professional,2-Year,Electronic Check,2024-03,12,415.32,4887.18,19,15,2,1,4,18.2,Low Risk,0,N/A
CUST-12433,Radiant Logic Analytics,Technology,Starter,2-Year,Credit Card,2025-05,4,117.08,484.23,1,83,1,2,5,2.9,Low Risk,0,N/A
CUST-12434,Solaris Logic Analytics,E-Commerce,Starter,2-Year,Credit Card,2026-05,2,149.33,308.3,7,70,2,0,9,2.0,Low Risk,0,N/A
CUST-12435,Titan Logic Analytics,Healthcare,Enterprise,Month-to-Month,Bank Transfer,2024-02,23,1926.76,44770.28,141,88,0,5,2,20.6,Low Risk,1,Competitor Migration
CUST-12436,Zenith Logic Analytics,E-Commerce,Starter,2-Year,Bank Transfer,2025-01,10,160.86,1570.27,9,81,0,8,7,2.8,Low Risk,0,N/A
CUST-12437,Strata Logic Analytics,Healthcare,Enterprise,Month-to-Month,Bank Transfer,2024-11,15,946.45,14599.95,25,98,1,3,7,15.4,Low Risk,0,N/A
CUST-12438,Synapse Logic Analytics,Technology,Enterprise,1-Year,Credit Card,2025-02,2,1660.4,3276.73,108,38,2,0,7,13.6,Low Risk,0,N/A
CUST-12439,Vortex Logic Analytics,E-Commerce,Starter,2-Year,Credit Card,2024-04,6,119.78,702.49,2,91,0,8,7,2.8,Low Risk,0,N/A
CUST-12440,Vector Logic Analytics,Technology,Starter,Month-to-Month,Credit Card,2025-05,5,164.66,851.96,8,28,2,21,9,72.1,High Risk,1,Poor Onboarding Experience
CUST-12441,Zenith Logic Analytics,E-Commerce,Starter,Month-to-Month,Credit Card,2026-01,1,184.25,188.95,9,95,3,1,8,14.8,Low Risk,1,Missing Core Feature
CUST-12442,Aegis Logic Analytics,Financial Services,Starter,Month-to-Month,Credit Card,2025-10,5,122.8,600.64,1,71,1,0,10,7.9,Low Risk,0,N/A
CUST-12443,Orion Logic Analytics,Manufacturing,Enterprise,Month-to-Month,Electronic Check,2025-10,5,1661.69,8014.5,109,15,3,5,8,57.4,Medium Risk,1,Low User Adoption
CUST-12444,Apex Meta Analytics,Technology,Starter,1-Year,Bank Transfer,2025-10,7,167.89,1158.84,8,47,0,14,7,16.8,Low Risk,0,N/A
CUST-12445,Vanguard Meta Analytics,Manufacturing,Professional,2-Year,Electronic Check,2025-06,9,390.19,3644.23,13,88,4,45,8,33.2,Low Risk,1,Competitor Migration
CUST-12446,Nexus Meta Analytics,Technology,Professional,Month-to-Month,Credit Card,2024-11,5,540.01,2772.07,33,69,1,3,4,51.2,Medium Risk,1,Competitor Migration
CUST-12447,Quantum Meta Analytics,Education,Starter,1-Year,Credit Card,2025-01,7,127.25,880.65,3,43,0,2,9,3.9,Low Risk,0,N/A
CUST-12448,Hyperion Meta Analytics,E-Commerce,Starter,Month-to-Month,Credit Card,2025-07,2,123.25,240.75,1,60,0,3,2,70.1,High Risk,1,Poor Onboarding Experience
CUST-12449,Aura Meta Analytics,Healthcare,Starter,1-Year,Credit Card,2024-03,18,136.32,2459.98,3,56,0,0,5,20.6,Low Risk,0,N/A
CUST-12450,Catalyst Meta Analytics,Education,Starter,Month-to-Month,Electronic Check,2024-10,17,172.66,3031.39,7,30,2,0,5,63.4,Medium Risk,0,N/A
CUST-12451,Pulse Meta Analytics,Financial Services,Starter,Month-to-Month,Credit Card,2025-03,16,147.81,2298.81,5,91,1,0,9,3.6,Low Risk,0,N/A
CUST-12452,Vertex Meta Analytics,Education,Starter,1-Year,Credit Card,2024-03,18,139.78,2443.19,6,35,1,5,5,28.9,Low Risk,0,N/A
CUST-12453,Starlight Meta Analytics,Financial Services,Enterprise,Month-to-Month,Bank Transfer,2026-04,3,1684.38,5118.38,110,61,1,2,9,13.6,Low Risk,0,N/A
CUST-12454,Beacon Meta Analytics,Technology,Starter,Month-to-Month,Electronic Check,2024-04,19,152.21,2836.88,6,69,2,5,8,16.8,Low Risk,0,N/A
CUST-12455,Cobalt Meta Analytics,Manufacturing,Professional,Month-to-Month,Electronic Check,2026-01,3,338.13,1000.22,8,80,1,2,3,29.9,Low Risk,0,N/A
CUST-12456,Crest Meta Analytics,Technology,Professional,Month-to-Month,Credit Card,2024-02,8,345.9,2733.26,9,57,0,14,7,34.3,Low Risk,0,N/A
CUST-12457,Elevation Meta Analytics,Financial Services,Professional,Month-to-Month,Electronic Check,2025-05,9,528.58,4736.91,30,24,3,1,8,41.3,Medium Risk,0,N/A
CUST-12458,Frontier Meta Analytics,Financial Services,Starter,2-Year,Bank Transfer,2025-07,3,170.47,497.02,8,62,0,3,4,23.1,Low Risk,0,N/A
CUST-12459,Horizon Meta Analytics,Financial Services,Professional,Month-to-Month,Credit Card,2024-02,1,529.9,550.39,30,78,0,0,6,17.5,Low Risk,0,N/A
CUST-12460,Integra Meta Analytics,Manufacturing,Enterprise,Month-to-Month,Credit Card,2026-05,1,1806.16,1829.13,126,70,1,0,8,28.9,Low Risk,0,N/A
CUST-12461,Kinetic Meta Analytics,E-Commerce,Starter,Month-to-Month,Electronic Check,2026-06,1,144.24,139.9,6,72,1,0,8,28.9,Low Risk,1,Budget Reallocation / Price
CUST-12462,Luminary Meta Analytics,Healthcare,Enterprise,1-Year,Credit Card,2024-07,3,1237.68,3711.98,59,51,3,14,8,23.1,Low Risk,1,Missing Core Feature
CUST-12463,Meridian Meta Analytics,Education,Enterprise,2-Year,Bank Transfer,2024-08,10,1019.86,10145.68,34,60,1,21,9,9.5,Low Risk,0,N/A
CUST-12464,Nova Meta Analytics,Healthcare,Enterprise,2-Year,Credit Card,2024-07,12,1841.72,22207.59,128,76,2,5,7,2.3,Low Risk,0,N/A
CUST-12465,Omni Meta Analytics,Manufacturing,Starter,1-Year,Credit Card,2024-01,17,99.55,1674.82,1,68,2,0,5,17.5,Low Risk,0,N/A
CUST-12466,Pinnacle Meta Analytics,Financial Services,Professional,Month-to-Month,Credit Card,2025-07,8,444.74,3609.62,22,89,0,1,7,10.4,Low Risk,1,Low User Adoption
CUST-12467,Acro Meta Analytics,Healthcare,Enterprise,1-Year,Electronic Check,2025-05,9,1799.76,16031.72,127,84,1,2,10,1.4,Low Risk,0,N/A
CUST-12468,Boreal Meta Analytics,Manufacturing,Starter,Month-to-Month,Bank Transfer,2024-02,6,100.75,615.8,2,66,0,0,8,21.4,Low Risk,0,N/A
CUST-12469,Cortex Meta Analytics,Education,Starter,Month-to-Month,Bank Transfer,2026-06,1,180.67,187.81,10,45,1,2,7,28.9,Low Risk,0,N/A
CUST-12470,Equinox Meta Analytics,Technology,Professional,Month-to-Month,Electronic Check,2025-03,17,457.89,8021.99,24,27,2,1,7,41.3,Medium Risk,1,Executive Leadership Turnover
CUST-12471,Flux Meta Analytics,Healthcare,Professional,Month-to-Month,Bank Transfer,2024-10,6,441.64,2608.92,22,66,1,1,4,35.4,Medium Risk,0,N/A
CUST-12472,Galactic Meta Analytics,Technology,Starter,1-Year,Bank Transfer,2025-04,14,163.79,2326.65,9,67,0,2,8,9.5,Low Risk,0,N/A
CUST-12473,Helix Meta Analytics,Manufacturing,Professional,Month-to-Month,Credit Card,2024-10,13,539.92,7196.09,31,82,1,0,10,3.6,Low Risk,0,N/A
CUST-12474,Infini Meta Analytics,Healthcare,Enterprise,1-Year,Bank Transfer,2025-02,13,1620.23,21276.32,105,54,2,0,6,7.9,Low Risk,0,N/A
CUST-12475,Krypton Meta Analytics,Manufacturing,Professional,1-Year,Credit Card,2026-01,5,537.94,2775.21,32,64,1,2,9,3.2,Low Risk,0,N/A
CUST-12476,Matrix Meta Analytics,Education,Enterprise,1-Year,Credit Card,2024-08,22,1309.39,28785.02,66,98,1,8,4,7.6,Low Risk,0,N/A
CUST-12477,Neutron Meta Analytics,Healthcare,Enterprise,Month-to-Month,Credit Card,2026-01,3,1389.87,4309.68,77,21,6,2,2,93.1,High Risk,1,Poor Onboarding Experience
CUST-12478,Optima Meta Analytics,Education,Enterprise,Month-to-Month,Electronic Check,2026-02,3,1611.85,4942.15,103,56,1,2,9,13.6,Low Risk,0,N/A
CUST-12479,Prism Meta Analytics,Education,Starter,Month-to-Month,Credit Card,2025-10,1,160.4,162.16,6,21,3,1,9,33.2,Low Risk,1,Poor Onboarding Experience
CUST-12480,Radiant Meta Analytics,E-Commerce,Professional,2-Year,Bank Transfer,2025-02,8,379.37,2999.79,13,36,1,1,3,6.6,Low Risk,0,N/A
CUST-12481,Solaris Meta Analytics,Financial Services,Professional,Month-to-Month,Bank Transfer,2025-10,9,332.98,2889.1,10,70,1,1,3,35.4,Medium Risk,0,N/A
CUST-12482,Titan Meta Analytics,Financial Services,Starter,2-Year,Bank Transfer,2025-10,1,168.74,173.49,10,58,1,2,5,11.4,Low Risk,0,N/A
CUST-12483,Zenith Meta Analytics,Financial Services,Starter,2-Year,Electronic Check,2026-03,2,119.41,248.28,2,87,1,8,9,1.6,Low Risk,0,N/A
CUST-12484,Strata Meta Analytics,Healthcare,Enterprise,Month-to-Month,Bank Transfer,2024-04,1,1018.28,1037.56,32,66,0,30,9,64.6,Medium Risk,1,Missing Core Feature
CUST-12485,Synapse Meta Analytics,E-Commerce,Starter,1-Year,Credit Card,2024-12,15,136.79,2029.17,6,98,2,8,8,6.6,Low Risk,0,N/A
CUST-12486,Vortex Meta Analytics,Manufacturing,Starter,1-Year,Credit Card,2025-08,7,122.56,858.18,3,27,5,5,5,84.6,High Risk,0,N/A
CUST-12487,Vector Meta Analytics,Healthcare,Starter,Month-to-Month,Electronic Check,2025-12,3,110.96,322.46,1,30,0,1,1,79.4,High Risk,1,Competitor Migration
CUST-12488,Zenith Meta Analytics,Manufacturing,Professional,2-Year,Electronic Check,2024-04,10,377.37,3806.78,14,72,0,5,2,14.2,Low Risk,0,N/A
CUST-12489,Aegis Meta Analytics,E-Commerce,Starter,Month-to-Month,Credit Card,2026-04,1,103.79,102.46,2,37,0,1,9,16.1,Low Risk,0,N/A
CUST-12490,Orion Meta Analytics,Technology,Professional,Month-to-Month,Bank Transfer,2025-02,15,331.77,5075.04,9,32,3,2,7,41.3,Medium Risk,0,N/A
CUST-12491,Apex Omni Analytics,Healthcare,Professional,Month-to-Month,Electronic Check,2026-05,3,377.95,1175.3,15,70,1,0,8,28.9,Low Risk,0,N/A
CUST-12492,Vanguard Omni Analytics,Technology,Enterprise,Month-to-Month,Credit Card,2026-04,2,1091.92,2136.61,41,38,5,1,9,40.1,Medium Risk,0,N/A
CUST-12493,Nexus Omni Analytics,Education,Enterprise,Month-to-Month,Credit Card,2025-12,5,945.04,4875.04,24,55,5,5,7,64.6,Medium Risk,1,Missing Core Feature
CUST-12494,Quantum Omni Analytics,Manufacturing,Starter,1-Year,Bank Transfer,2024-05,9,136.12,1237.63,3,37,1,0,8,7.9,Low Risk,0,N/A
CUST-12495,Hyperion Omni Analytics,Education,Starter,Month-to-Month,Bank Transfer,2024-03,28,117.57,3365.45,2,98,4,1,6,16.1,Low Risk,0,N/A
CUST-12496,Aura Omni Analytics,Technology,Starter,Month-to-Month,Credit Card,2024-08,8,121.16,959.07,4,68,0,0,6,21.4,Low Risk,0,N/A
CUST-12497,Catalyst Omni Analytics,Financial Services,Starter,1-Year,Electronic Check,2024-04,13,89.1,1120.85,1,48,0,8,2,33.2,Low Risk,0,N/A
CUST-12498,Pulse Omni Analytics,E-Commerce,Starter,Month-to-Month,Bank Transfer,2025-11,3,138.43,425.91,5,85,3,5,5,45.0,Medium Risk,1,Executive Leadership Turnover
CUST-12499,Vertex Omni Analytics,Education,Professional,1-Year,Credit Card,2025-05,2,430.47,860.5,19,73,1,1,2,27.9,Low Risk,0,N/A
CUST-12500,Starlight Omni Analytics,Education,Starter,1-Year,Bank Transfer,2024-02,22,173.86,3857.53,10,59,2,8,8,7.2,Low Risk,0,N/A
CUST-12501,Beacon Omni Analytics,Manufacturing,Starter,Month-to-Month,Electronic Check,2024-10,21,114.58,2318.24,2,78,0,2,9,2.1,Low Risk,0,N/A
CUST-12502,Cobalt Omni Analytics,Financial Services,Professional,2-Year,Electronic Check,2026-03,2,523.53,1076.59,30,57,1,14,7,9.1,Low Risk,1,Poor Onboarding Experience
CUST-12503,Crest Omni Analytics,E-Commerce,Enterprise,Month-to-Month,Electronic Check,2025-04,11,917.68,10351.91,21,69,0,14,5,56.2,Medium Risk,1,Executive Leadership Turnover
CUST-12504,Elevation Omni Analytics,E-Commerce,Starter,1-Year,Credit Card,2026-02,1,140.24,134.93,3,30,1,1,9,16.1,Low Risk,0,N/A
CUST-12505,Frontier Omni Analytics,Manufacturing,Enterprise,Month-to-Month,Credit Card,2025-07,5,1380.26,7174.41,76,88,0,2,8,10.4,Low Risk,1,Competitor Migration
CUST-12506,Horizon Omni Analytics,E-Commerce,Professional,Month-to-Month,Electronic Check,2026-02,5,473.38,2399.28,26,74,1,1,7,18.2,Low Risk,1,Budget Reallocation / Price
CUST-12507,Integra Omni Analytics,E-Commerce,Starter,2-Year,Bank Transfer,2025-07,6,157.73,941.38,7,69,1,3,8,5.2,Low Risk,0,N/A
CUST-12508,Kinetic Omni Analytics,E-Commerce,Professional,1-Year,Credit Card,2026-02,5,470.13,2439.21,25,29,6,5,4,84.6,High Risk,1,Missing Core Feature
CUST-12509,Luminary Omni Analytics,Financial Services,Professional,1-Year,Electronic Check,2025-10,8,550.96,4248.55,32,51,2,3,8,14.2,Low Risk,0,N/A
CUST-12510,Meridian Omni Analytics,Financial Services,Starter,2-Year,Credit Card,2025-02,16,174.65,2845.13,8,39,1,0,4,6.6,Low Risk,0,N/A
CUST-12511,Nova Omni Analytics,Financial Services,Professional,Month-to-Month,Credit Card,2024-12,20,578.31,11600.48,35,94,2,14,8,7.9,Low Risk,0,N/A
CUST-12512,Omni Omni Analytics,Financial Services,Starter,1-Year,Bank Transfer,2024-05,25,186.16,4562.47,10,19,3,2,2,24.0,Low Risk,0,N/A
CUST-12513,Pinnacle Omni Analytics,Education,Professional,Month-to-Month,Credit Card,2025-07,7,336.35,2274.64,9,89,1,0,5,19.0,Low Risk,1,Executive Leadership Turnover
CUST-12514,Acro Omni Analytics,Manufacturing,Professional,1-Year,Credit Card,2025-05,13,341.39,4505.37,11,76,1,0,9,1.4,Low Risk,0,N/A
CUST-12515,Boreal Omni Analytics,Technology,Starter,2-Year,Bank Transfer,2025-05,2,150.14,293.0,5,29,0,0,8,16.8,Low Risk,0,N/A
CUST-12516,Cortex Omni Analytics,Education,Starter,2-Year,Electronic Check,2024-05,19,156.58,3078.0,8,43,0,2,7,1.6,Low Risk,0,N/A
CUST-12517,Equinox Omni Analytics,Healthcare,Professional,1-Year,Credit Card,2026-03,1,381.0,389.56,13,55,0,1,8,16.1,Low Risk,0,N/A
CUST-12518,Flux Omni Analytics,Manufacturing,Starter,2-Year,Credit Card,2024-07,10,130.13,1256.4,5,97,0,1,7,1.5,Low Risk,0,N/A
CUST-12519,Galactic Omni Analytics,Financial Services,Professional,Month-to-Month,Electronic Check,2024-06,2,327.5,665.58,6,94,0,0,9,7.6,Low Risk,0,N/A
CUST-12520,Helix Omni Analytics,Financial Services,Professional,Month-to-Month,Credit Card,2024-07,7,417.21,3031.79,16,88,0,1,9,4.3,Low Risk,0,N/A
CUST-12521,Infini Omni Analytics,Manufacturing,Professional,1-Year,Bank Transfer,2026-01,5,374.58,1808.09,15,97,4,0,3,27.9,Low Risk,0,N/A
CUST-12522,Krypton Omni Analytics,Financial Services,Starter,1-Year,Bank Transfer,2024-07,12,175.78,2159.93,8,50,3,0,10,3.2,Low Risk,1,Low User Adoption
CUST-12523,Matrix Omni Analytics,Manufacturing,Professional,1-Year,Electronic Check,2025-09,2,480.52,951.02,25,42,5,3,9,33.2,Low Risk,0,N/A
CUST-12524,Neutron Omni Analytics,Financial Services,Starter,2-Year,Bank Transfer,2024-03,11,150.88,1678.67,5,78,0,0,7,1.5,Low Risk,0,N/A
CUST-12525,Optima Omni Analytics,E-Commerce,Starter,Month-to-Month,Electronic Check,2026-06,2,119.45,245.22,3,51,1,0,9,13.6,Low Risk,0,N/A
CUST-12526,Prism Omni Analytics,Financial Services,Professional,1-Year,Bank Transfer,2025-10,4,515.13,2018.67,30,87,0,1,9,1.7,Low Risk,0,N/A
CUST-12527,Radiant Omni Analytics,Financial Services,Starter,Month-to-Month,Electronic Check,2025-08,6,153.41,942.26,7,48,1,0,8,18.2,Low Risk,0,N/A
CUST-12528,Solaris Omni Analytics,Healthcare,Enterprise,1-Year,Credit Card,2024-04,13,1052.3,13942.79,39,39,0,0,8,9.5,Low Risk,0,N/A
CUST-12529,Titan Omni Analytics,Technology,Enterprise,Month-to-Month,Bank Transfer,2024-03,13,1256.19,15789.47,62,80,0,2,7,10.4,Low Risk,0,N/A
CUST-12530,Zenith Omni Analytics,Education,Enterprise,Month-to-Month,Credit Card,2025-02,13,1620.94,21236.22,105,61,2,0,7,18.2,Low Risk,0,N/A
CUST-12531,Strata Omni Analytics,Technology,Starter,2-Year,Credit Card,2025-03,4,164.38,640.57,7,62,2,1,8,2.8,Low Risk,0,N/A
CUST-12532,Synapse Omni Analytics,Financial Services,Professional,1-Year,Bank Transfer,2025-10,2,334.5,648.28,10,98,0,2,9,3.1,Low Risk,0,N/A
CUST-12533,Vortex Omni Analytics,Technology,Starter,Month-to-Month,Credit Card,2025-11,7,105.07,724.98,2,88,1,2,6,8.7,Low Risk,0,N/A
CUST-12534,Vector Omni Analytics,Technology,Enterprise,Month-to-Month,Credit Card,2026-05,1,1266.23,1278.21,61,34,0,8,8,75.0,High Risk,1,Poor Onboarding Experience
CUST-12535,Zenith Omni Analytics,Manufacturing,Professional,Month-to-Month,Bank Transfer,2024-03,23,438.69,10220.69,21,84,0,0,9,2.1,Low Risk,0,N/A
CUST-12536,Aegis Omni Analytics,E-Commerce,Enterprise,2-Year,Electronic Check,2024-10,9,1627.73,14238.84,103,96,1,45,10,4.3,Low Risk,0,N/A
CUST-12537,Orion Omni Analytics,Technology,Professional,Month-to-Month,Bank Transfer,2024-11,5,320.24,1650.8,5,42,0,1,9,9.5,Low Risk,0,N/A
CUST-12538,Apex Global Analytics,Healthcare,Starter,1-Year,Bank Transfer,2024-05,5,165.77,861.94,9,47,1,14,7,14.2,Low Risk,1,Competitor Migration
CUST-12539,Vanguard Global Analytics,Healthcare,Starter,2-Year,Electronic Check,2026-05,2,116.96,233.44,3,35,0,1,9,2.4,Low Risk,0,N/A
CUST-12540,Nexus Global Analytics,Technology,Starter,1-Year,Credit Card,2025-09,10,127.67,1318.57,3,83,1,3,9,2.7,Low Risk,0,N/A
CUST-12541,Quantum Global Analytics,Financial Services,Starter,2-Year,Credit Card,2026-04,2,181.53,350.04,9,24,0,2,4,33.2,Low Risk,1,Executive Leadership Turnover
CUST-12542,Hyperion Global Analytics,Healthcare,Enterprise,Month-to-Month,Bank Transfer,2025-11,8,996.39,7768.87,29,33,0,1,10,25.0,Low Risk,0,N/A
CUST-12543,Aura Global Analytics,Financial Services,Starter,1-Year,Electronic Check,2025-07,11,112.79,1285.7,2,41,1,1,9,3.2,Low Risk,0,N/A
CUST-12544,Catalyst Global Analytics,Education,Professional,1-Year,Bank Transfer,2025-10,2,461.28,933.49,23,85,0,8,8,13.6,Low Risk,0,N/A
CUST-12545,Pulse Global Analytics,Education,Professional,Month-to-Month,Credit Card,2024-01,16,522.2,8326.2,29,20,0,2,5,67.9,High Risk,0,N/A
CUST-12546,Vertex Global Analytics,Education,Starter,Month-to-Month,Bank Transfer,2026-03,1,178.5,175.91,9,69,2,2,8,28.9,Low Risk,0,N/A
CUST-12547,Starlight Global Analytics,Financial Services,Professional,Month-to-Month,Credit Card,2026-04,1,486.5,502.16,28,78,1,0,8,14.8,Low Risk,0,N/A
CUST-12548,Beacon Global Analytics,Manufacturing,Starter,1-Year,Credit Card,2026-02,3,186.83,541.24,10,73,1,1,10,5.7,Low Risk,0,N/A
CUST-12549,Cobalt Global Analytics,Manufacturing,Enterprise,Month-to-Month,Credit Card,2026-03,3,1626.42,4911.54,103,85,0,1,8,17.5,Low Risk,1,Budget Reallocation / Price
CUST-12550,Crest Global Analytics,Financial Services,Starter,1-Year,Credit Card,2024-12,10,139.28,1415.53,4,27,1,0,8,21.4,Low Risk,1,Executive Leadership Turnover
CUST-12551,Elevation Global Analytics,Technology,Starter,Month-to-Month,Credit Card,2026-04,4,157.43,621.42,7,44,1,1,8,18.2,Low Risk,0,N/A
CUST-12552,Frontier Global Analytics,Technology,Starter,2-Year,Electronic Check,2024-05,8,156.81,1285.58,8,48,0,5,7,6.3,Low Risk,0,N/A
CUST-12553,Horizon Global Analytics,Technology,Enterprise,1-Year,Bank Transfer,2025-09,9,1344.92,12129.77,70,29,0,0,2,45.0,Medium Risk,0,N/A
CUST-12554,Integra Global Analytics,Manufacturing,Professional,Month-to-Month,Electronic Check,2025-10,8,468.25,3728.39,23,55,3,14,4,51.2,Medium Risk,0,N/A
CUST-12555,Kinetic Global Analytics,Financial Services,Enterprise,2-Year,Electronic Check,2024-07,3,1815.55,5274.6,128,26,0,5,5,48.8,Medium Risk,0,N/A
CUST-12556,Luminary Global Analytics,Technology,Enterprise,2-Year,Bank Transfer,2025-02,11,1991.1,22651.64,148,89,3,2,1,2.9,Low Risk,0,N/A
CUST-12557,Meridian Global Analytics,Technology,Professional,Month-to-Month,Credit Card,2024-12,3,297.52,874.91,5,19,4,0,7,84.6,High Risk,1,Executive Leadership Turnover
CUST-12558,Nova Global Analytics,Manufacturing,Starter,Month-to-Month,Credit Card,2025-02,16,93.72,1473.31,1,83,1,3,5,31.0,Low Risk,0,N/A
CUST-12559,Omni Global Analytics,Manufacturing,Professional,Month-to-Month,Credit Card,2024-01,9,550.52,4878.1,32,39,1,2,5,35.4,Medium Risk,0,N/A
CUST-12560,Pinnacle Global Analytics,Healthcare,Starter,2-Year,Electronic Check,2024-10,13,152.64,1963.11,7,15,0,2,3,21.4,Low Risk,1,Budget Reallocation / Price
CUST-12561,Acro Global Analytics,Education,Professional,1-Year,Credit Card,2024-05,22,370.16,8466.35,14,31,2,2,6,11.4,Low Risk,0,N/A
CUST-12562,Boreal Global Analytics,E-Commerce,Starter,1-Year,Bank Transfer,2025-05,13,114.62,1496.46,2,91,3,2,8,3.6,Low Risk,0,N/A
CUST-12563,Cortex Global Analytics,E-Commerce,Professional,2-Year,Electronic Check,2024-07,17,442.24,7267.89,20,76,1,0,9,0.5,Low Risk,0,N/A
CUST-12564,Equinox Global Analytics,Manufacturing,Starter,1-Year,Bank Transfer,2025-05,8,171.01,1394.27,8,43,0,1,8,9.5,Low Risk,0,N/A
CUST-12565,Flux Global Analytics,E-Commerce,Enterprise,1-Year,Electronic Check,2024-08,9,1090.08,9872.52,41,29,1,8,2,56.2,Medium Risk,0,N/A
CUST-12566,Galactic Global Analytics,E-Commerce,Professional,Month-to-Month,Credit Card,2024-04,12,508.21,5906.32,28,77,3,1,8,8.7,Low Risk,0,N/A
CUST-12567,Helix Global Analytics,Manufacturing,Professional,1-Year,Bank Transfer,2026-05,2,371.66,753.68,12,54,1,3,8,23.1,Low Risk,0,N/A
CUST-12568,Infini Global Analytics,Financial Services,Starter,Month-to-Month,Credit Card,2025-03,1,147.98,144.4,7,32,5,3,10,80.2,High Risk,1,Budget Reallocation / Price
CUST-12569,Krypton Global Analytics,Manufacturing,Professional,2-Year,Credit Card,2025-09,6,333.43,2056.5,10,58,2,2,6,2.8,Low Risk,0,N/A
CUST-12570,Matrix Global Analytics,E-Commerce,Professional,1-Year,Credit Card,2025-03,17,553.57,9573.16,34,82,1,5,10,2.7,Low Risk,0,N/A
CUST-12571,Neutron Global Analytics,Education,Starter,Month-to-Month,Bank Transfer,2026-01,2,124.18,258.04,2,16,4,0,8,84.6,High Risk,1,Missing Core Feature
CUST-12572,Optima Global Analytics,Healthcare,Starter,Month-to-Month,Credit Card,2025-11,1,121.58,122.09,2,50,0,8,10,26.9,Low Risk,0,N/A
CUST-12573,Prism Global Analytics,E-Commerce,Professional,2-Year,Bank Transfer,2025-02,5,439.65,2209.32,21,52,0,14,7,6.3,Low Risk,0,N/A
CUST-12574,Radiant Global Analytics,E-Commerce,Professional,2-Year,Credit Card,2025-03,1,342.68,347.06,8,44,0,1,9,2.4,Low Risk,0,N/A
CUST-12575,Solaris Global Analytics,Healthcare,Professional,Month-to-Month,Electronic Check,2025-10,7,305.23,2153.83,5,82,1,2,7,8.7,Low Risk,0,N/A
CUST-12576,Titan Global Analytics,Education,Starter,Month-to-Month,Credit Card,2024-08,17,136.87,2407.48,4,27,3,1,8,41.3,Medium Risk,0,N/A
CUST-12577,Zenith Global Analytics,Manufacturing,Starter,Month-to-Month,Credit Card,2024-10,17,169.45,2942.37,7,30,0,14,5,80.2,High Risk,1,Poor Onboarding Experience
CUST-12578,Strata Global Analytics,Financial Services,Starter,Month-to-Month,Credit Card,2025-01,12,117.43,1453.98,4,27,1,0,7,41.3,Medium Risk,0,N/A
CUST-12579,Synapse Global Analytics,E-Commerce,Starter,2-Year,Credit Card,2024-07,24,123.99,3088.24,4,34,1,1,8,4.1,Low Risk,0,N/A
CUST-12580,Vortex Global Analytics,Education,Starter,Month-to-Month,Credit Card,2024-05,7,144.83,1041.06,7,30,0,1,3,67.9,High Risk,1,Low User Adoption
CUST-12581,Vector Global Analytics,Technology,Professional,Month-to-Month,Bank Transfer,2025-01,7,302.27,2083.61,5,21,2,1,4,63.4,Medium Risk,1,Executive Leadership Turnover
CUST-12582,Zenith Global Analytics,Healthcare,Professional,Month-to-Month,Electronic Check,2024-08,24,426.95,10184.84,18,61,3,2,8,9.5,Low Risk,0,N/A
CUST-12583,Aegis Global Analytics,Technology,Enterprise,Month-to-Month,Credit Card,2025-07,12,1152.22,13864.18,47,93,0,3,7,18.2,Low Risk,0,N/A
CUST-12584,Orion Global Analytics,Financial Services,Starter,2-Year,Bank Transfer,2024-05,13,175.21,2235.77,8,82,0,2,7,1.5,Low Risk,0,N/A
CUST-12585,Apex Enterprise Analytics,Manufacturing,Professional,2-Year,Bank Transfer,2024-07,5,541.49,2611.27,32,39,0,1,5,7.9,Low Risk,0,N/A
CUST-12586,Vanguard Enterprise Analytics,Healthcare,Enterprise,Month-to-Month,Credit Card,2024-11,1,1642.16,1653.45,105,78,0,5,8,28.9,Low Risk,0,N/A
CUST-12587,Nexus Enterprise Analytics,Education,Enterprise,1-Year,Electronic Check,2026-06,1,1360.62,1333.75,74,60,0,3,7,26.9,Low Risk,0,N/A
CUST-12588,Quantum Enterprise Analytics,Financial Services,Professional,Month-to-Month,Bank Transfer,2024-10,2,384.8,762.84,13,21,1,1,7,56.2,Medium Risk,1,Competitor Migration
CUST-12589,Hyperion Enterprise Analytics,Manufacturing,Professional,Month-to-Month,Electronic Check,2026-02,2,569.96,1126.39,35,78,1,0,9,6.3,Low Risk,0,N/A
CUST-12590,Aura Enterprise Analytics,Education,Enterprise,Month-to-Month,Bank Transfer,2026-05,2,1714.22,3491.84,117,18,1,5,5,85.8,High Risk,0,N/A
CUST-12591,Catalyst Enterprise Analytics,Manufacturing,Professional,Month-to-Month,Electronic Check,2025-08,4,332.45,1318.86,7,33,3,3,7,57.4,Medium Risk,1,Competitor Migration
CUST-12592,Pulse Enterprise Analytics,Healthcare,Starter,Month-to-Month,Bank Transfer,2025-01,2,122.23,253.82,2,42,0,0,9,16.1,Low Risk,0,N/A
CUST-12593,Vertex Enterprise Analytics,Manufacturing,Starter,Month-to-Month,Electronic Check,2024-05,15,183.3,2812.49,10,86,1,0,10,3.6,Low Risk,0,N/A
CUST-12594,Starlight Enterprise Analytics,E-Commerce,Professional,1-Year,Bank Transfer,2026-02,3,376.95,1126.91,13,92,2,8,8,11.4,Low Risk,0,N/A
CUST-12595,Beacon Enterprise Analytics,Manufacturing,Enterprise,Month-to-Month,Bank Transfer,2025-11,5,1278.7,6614.34,64,33,1,0,5,63.4,Medium Risk,0,N/A
CUST-12596,Cobalt Enterprise Analytics,Financial Services,Enterprise,2-Year,Credit Card,2025-10,3,1244.96,3594.57,61,75,1,1,9,2.0,Low Risk,0,N/A
CUST-12597,Crest Enterprise Analytics,Education,Starter,2-Year,Bank Transfer,2024-12,4,98.74,409.65,1,25,0,1,7,10.0,Low Risk,0,N/A
CUST-12598,Elevation Enterprise Analytics,Financial Services,Starter,1-Year,Credit Card,2025-08,3,130.76,387.78,3,19,1,2,8,33.2,Low Risk,0,N/A
CUST-12599,Frontier Enterprise Analytics,Manufacturing,Enterprise,2-Year,Credit Card,2025-04,9,1193.48,10957.87,54,38,0,0,8,3.4,Low Risk,0,N/A
CUST-12600,Horizon Enterprise Analytics,Education,Enterprise,1-Year,Credit Card,2025-05,4,1881.77,7433.57,136,92,1,3,5,14.8,Low Risk,0,N/A
CUST-12601,Integra Enterprise Analytics,Technology,Starter,Month-to-Month,Bank Transfer,2024-09,7,140.05,1009.93,7,95,1,14,8,15.4,Low Risk,0,N/A
CUST-12602,Kinetic Enterprise Analytics,Education,Professional,Month-to-Month,Electronic Check,2024-03,12,533.93,6441.91,30,60,1,0,1,35.4,Medium Risk,1,Low User Adoption
CUST-12603,Luminary Enterprise Analytics,Healthcare,Starter,1-Year,Credit Card,2024-12,2,156.27,322.66,8,75,1,5,7,23.1,Low Risk,0,N/A
CUST-12604,Meridian Enterprise Analytics,Technology,Enterprise,2-Year,Bank Transfer,2024-03,24,1952.11,47564.0,141,54,1,0,10,0.5,Low Risk,0,N/A
CUST-12605,Nova Enterprise Analytics,Education,Enterprise,1-Year,Credit Card,2025-05,3,1717.73,5018.31,115,67,1,0,8,13.6,Low Risk,0,N/A
CUST-12606,Omni Enterprise Analytics,Manufacturing,Professional,Month-to-Month,Credit Card,2025-05,10,419.49,4218.47,20,50,0,0,10,9.5,Low Risk,0,N/A
CUST-12607,Pinnacle Enterprise Analytics,Technology,Starter,Month-to-Month,Credit Card,2026-01,5,117.14,599.27,4,81,2,14,3,31.0,Low Risk,0,N/A
CUST-12608,Acro Enterprise Analytics,Technology,Starter,2-Year,Credit Card,2024-02,26,114.98,2950.31,4,70,3,8,6,2.5,Low Risk,0,N/A
CUST-12609,Boreal Enterprise Analytics,Healthcare,Enterprise,Month-to-Month,Bank Transfer,2025-03,17,1496.76,25413.56,91,95,1,1,6,8.7,Low Risk,0,N/A
CUST-12610,Cortex Enterprise Analytics,Financial Services,Professional,Month-to-Month,Bank Transfer,2026-01,1,407.23,420.3,15,53,0,0,9,16.1,Low Risk,0,N/A
CUST-12611,Equinox Enterprise Analytics,E-Commerce,Professional,Month-to-Month,Bank Transfer,2025-02,11,389.2,4381.63,14,28,1,0,9,21.4,Low Risk,1,Budget Reallocation / Price
CUST-12612,Flux Enterprise Analytics,Healthcare,Professional,Month-to-Month,Bank Transfer,2025-11,5,383.79,1984.82,13,66,0,1,7,21.4,Low Risk,0,N/A
CUST-12613,Galactic Enterprise Analytics,Manufacturing,Enterprise,1-Year,Electronic Check,2025-11,7,1513.23,10738.38,93,72,0,0,8,9.5,Low Risk,0,N/A
CUST-12614,Helix Enterprise Analytics,Education,Professional,2-Year,Credit Card,2026-03,3,450.75,1304.07,21,83,0,0,3,6.3,Low Risk,0,N/A
CUST-12615,Infini Enterprise Analytics,Education,Enterprise,Month-to-Month,Credit Card,2024-03,17,1848.52,30964.86,131,72,1,2,7,18.2,Low Risk,0,N/A
CUST-12616,Krypton Enterprise Analytics,E-Commerce,Professional,Month-to-Month,Bank Transfer,2026-03,1,339.85,330.26,7,70,2,1,8,28.9,Low Risk,0,N/A
CUST-12617,Matrix Enterprise Analytics,Financial Services,Enterprise,Month-to-Month,Bank Transfer,2024-02,16,1860.13,29636.02,132,95,1,1,2,19.0,Low Risk,0,N/A
CUST-12618,Neutron Enterprise Analytics,E-Commerce,Professional,2-Year,Electronic Check,2024-05,25,366.0,9493.33,10,21,3,3,10,3.1,Low Risk,0,N/A
CUST-12619,Optima Enterprise Analytics,Education,Starter,1-Year,Bank Transfer,2024-12,13,148.24,1935.22,4,76,6,30,4,78.6,High Risk,1,Missing Core Feature
CUST-12620,Prism Enterprise Analytics,Financial Services,Professional,Month-to-Month,Credit Card,2024-12,8,455.19,3497.87,21,33,2,0,9,21.4,Low Risk,0,N/A
CUST-12621,Radiant Enterprise Analytics,Manufacturing,Professional,2-Year,Electronic Check,2026-02,5,518.53,2530.88,32,42,1,2,8,2.8,Low Risk,0,N/A
CUST-12622,Solaris Enterprise Analytics,Financial Services,Starter,Month-to-Month,Credit Card,2024-05,19,143.26,2761.06,4,80,0,3,7,9.5,Low Risk,0,N/A
CUST-12623,Titan Enterprise Analytics,E-Commerce,Enterprise,Month-to-Month,Credit Card,2024-02,14,1869.57,26775.31,132,20,0,0,7,46.3,Medium Risk,0,N/A
CUST-12624,Zenith Enterprise Analytics,Healthcare,Enterprise,1-Year,Credit Card,2024-03,24,991.75,23683.34,28,77,6,8,6,12.5,Low Risk,0,N/A
CUST-12625,Strata Enterprise Analytics,Education,Professional,Month-to-Month,Credit Card,2025-11,8,539.67,4313.83,31,70,0,0,6,21.4,Low Risk,0,N/A
CUST-12626,Synapse Enterprise Analytics,Financial Services,Enterprise,Month-to-Month,Credit Card,2025-02,4,1603.42,6297.75,103,82,0,3,8,18.2,Low Risk,0,N/A
CUST-12627,Vortex Enterprise Analytics,E-Commerce,Professional,Month-to-Month,Bank Transfer,2025-12,5,535.19,2691.35,33,79,1,0,5,19.0,Low Risk,0,N/A
CUST-12628,Vector Enterprise Analytics,Technology,Professional,Month-to-Month,Electronic Check,2026-03,5,330.17,1693.4,9,35,0,2,1,40.1,Medium Risk,0,N/A
CUST-12629,Zenith Enterprise Analytics,Healthcare,Enterprise,Month-to-Month,Credit Card,2025-05,5,1209.66,6206.83,55,59,1,8,7,29.9,Low Risk,0,N/A
CUST-12630,Aegis Enterprise Analytics,Financial Services,Starter,Month-to-Month,Bank Transfer,2024-11,14,171.25,2458.64,8,85,1,0,3,19.0,Low Risk,1,Executive Leadership Turnover
CUST-12631,Orion Enterprise Analytics,Financial Services,Starter,1-Year,Credit Card,2025-03,13,157.2,2040.44,7,62,3,3,7,14.2,Low Risk,0,N/A
CUST-12632,Apex Strategic Analytics,E-Commerce,Starter,Month-to-Month,Credit Card,2024-11,5,135.9,679.01,6,90,1,1,6,8.7,Low Risk,0,N/A
CUST-12633,Vanguard Strategic Analytics,Technology,Starter,Month-to-Month,Bank Transfer,2025-06,9,184.31,1593.09,10,77,6,1,6,28.9,Low Risk,1,Competitor Migration
CUST-12634,Nexus Strategic Analytics,Technology,Professional,Month-to-Month,Electronic Check,2024-06,20,446.16,9055.67,22,83,1,2,8,4.3,Low Risk,0,N/A
CUST-12635,Quantum Strategic Analytics,Technology,Starter,Month-to-Month,Electronic Check,2024-07,19,153.39,2818.58,8,19,0,5,3,65.7,High Risk,1,Competitor Migration
CUST-12636,Hyperion Strategic Analytics,Education,Starter,Month-to-Month,Electronic Check,2026-05,1,194.23,191.96,10,28,4,5,7,91.3,High Risk,1,Poor Onboarding Experience
CUST-12637,Aura Strategic Analytics,Manufacturing,Professional,Month-to-Month,Bank Transfer,2024-10,12,392.31,4691.7,15,34,1,0,3,63.4,Medium Risk,1,Low User Adoption
CUST-12638,Catalyst Strategic Analytics,Financial Services,Starter,Month-to-Month,Credit Card,2025-07,9,164.39,1459.17,9,40,2,1,10,7.9,Low Risk,0,N/A
CUST-12639,Pulse Strategic Analytics,E-Commerce,Enterprise,Month-to-Month,Electronic Check,2026-02,5,1858.07,8969.49,130,88,1,8,7,15.4,Low Risk,0,N/A
CUST-12640,Vertex Strategic Analytics,Education,Professional,1-Year,Electronic Check,2025-11,2,334.45,681.47,9,91,1,2,3,14.2,Low Risk,0,N/A
CUST-12641,Starlight Strategic Analytics,Healthcare,Starter,Month-to-Month,Credit Card,2025-11,3,172.7,503.07,7,90,0,5,8,28.9,Low Risk,0,N/A
CUST-12642,Beacon Strategic Analytics,Manufacturing,Enterprise,1-Year,Bank Transfer,2025-04,2,1152.48,2369.35,49,26,3,0,8,33.2,Low Risk,0,N/A
CUST-12643,Cobalt Strategic Analytics,Technology,Professional,2-Year,Bank Transfer,2025-12,6,321.29,1866.18,6,31,3,0,10,3.4,Low Risk,0,N/A
CUST-12644,Crest Strategic Analytics,Healthcare,Starter,1-Year,Credit Card,2026-05,2,153.79,312.22,6,63,0,1,10,6.9,Low Risk,0,N/A
CUST-12645,Elevation Strategic Analytics,Healthcare,Starter,Month-to-Month,Credit Card,2024-08,20,151.78,2946.1,7,42,6,1,7,31.0,Low Risk,1,Executive Leadership Turnover
CUST-12646,Frontier Strategic Analytics,Healthcare,Starter,Month-to-Month,Bank Transfer,2025-09,8,160.2,1237.06,9,55,0,5,8,34.3,Low Risk,0,N/A
CUST-12647,Horizon Strategic Analytics,Financial Services,Enterprise,Month-to-Month,Bank Transfer,2026-01,3,1021.44,2993.81,35,21,1,1,8,56.2,Medium Risk,0,N/A
CUST-12648,Integra Strategic Analytics,Healthcare,Enterprise,1-Year,Electronic Check,2025-08,8,1029.42,7962.63,33,18,0,0,6,25.0,Low Risk,0,N/A
CUST-12649,Kinetic Strategic Analytics,Manufacturing,Starter,1-Year,Bank Transfer,2024-11,8,151.87,1208.76,8,31,2,1,8,21.4,Low Risk,0,N/A
CUST-12650,Luminary Strategic Analytics,Financial Services,Starter,Month-to-Month,Credit Card,2024-08,11,142.27,1524.87,7,56,0,8,6,34.3,Low Risk,0,N/A
CUST-12651,Meridian Strategic Analytics,E-Commerce,Professional,1-Year,Credit Card,2026-02,5,326.39,1692.23,8,31,1,0,8,21.4,Low Risk,0,N/A
CUST-12652,Nova Strategic Analytics,Financial Services,Starter,Month-to-Month,Electronic Check,2025-09,4,104.77,434.92,2,87,0,0,8,10.4,Low Risk,0,N/A
CUST-12653,Omni Strategic Analytics,Education,Enterprise,Month-to-Month,Credit Card,2024-07,7,1991.83,13631.66,149,87,0,0,9,4.3,Low Risk,0,N/A
CUST-12654,Pinnacle Strategic Analytics,Technology,Professional,Month-to-Month,Credit Card,2025-07,12,319.68,3708.58,8,61,0,2,3,40.1,Medium Risk,1,Competitor Migration
CUST-12655,Acro Strategic Analytics,Education,Starter,Month-to-Month,Electronic Check,2025-01,11,140.41,1531.4,3,91,0,0,6,10.4,Low Risk,0,N/A
CUST-12656,Boreal Strategic Analytics,Healthcare,Starter,1-Year,Credit Card,2025-07,13,131.78,1771.15,5,68,1,0,4,17.5,Low Risk,0,N/A
CUST-12657,Cortex Strategic Analytics,Technology,Professional,Month-to-Month,Electronic Check,2025-03,13,430.02,5593.51,19,79,0,0,7,10.4,Low Risk,0,N/A
CUST-12658,Equinox Strategic Analytics,E-Commerce,Enterprise,Month-to-Month,Credit Card,2024-07,7,1600.9,11564.46,101,84,2,0,1,19.0,Low Risk,0,N/A
CUST-12659,Flux Strategic Analytics,Education,Professional,Month-to-Month,Credit Card,2025-02,16,493.14,7877.26,25,72,3,0,7,18.2,Low Risk,0,N/A
CUST-12660,Galactic Strategic Analytics,Manufacturing,Professional,Month-to-Month,Bank Transfer,2026-02,4,560.19,2267.38,35,96,0,0,6,10.4,Low Risk,0,N/A
CUST-12661,Helix Strategic Analytics,Education,Professional,2-Year,Credit Card,2024-11,10,536.99,5289.82,32,67,2,1,7,2.8,Low Risk,0,N/A
CUST-12662,Infini Strategic Analytics,Technology,Enterprise,1-Year,Electronic Check,2025-01,13,1683.29,22388.82,113,60,2,2,9,3.2,Low Risk,0,N/A
CUST-12663,Krypton Strategic Analytics,Technology,Starter,Month-to-Month,Bank Transfer,2024-06,19,139.19,2572.62,4,65,2,1,8,9.5,Low Risk,1,Low User Adoption
CUST-12664,Matrix Strategic Analytics,Healthcare,Starter,Month-to-Month,Credit Card,2024-12,7,134.85,927.69,5,73,1,0,7,18.2,Low Risk,1,Missing Core Feature
CUST-12665,Neutron Strategic Analytics,E-Commerce,Starter,1-Year,Bank Transfer,2024-03,8,95.47,755.31,1,77,0,2,4,10.0,Low Risk,1,Competitor Migration
CUST-12666,Optima Strategic Analytics,Healthcare,Starter,Month-to-Month,Credit Card,2024-02,3,135.71,412.89,4,54,1,8,8,43.8,Medium Risk,1,Poor Onboarding Experience
CUST-12667,Prism Strategic Analytics,Education,Professional,Month-to-Month,Credit Card,2025-06,4,380.93,1524.42,15,52,2,1,8,18.2,Low Risk,1,Poor Onboarding Experience
CUST-12668,Radiant Strategic Analytics,Financial Services,Starter,Month-to-Month,Bank Transfer,2025-06,4,174.32,681.12,7,70,4,5,8,64.6,Medium Risk,1,Budget Reallocation / Price
CUST-12669,Solaris Strategic Analytics,E-Commerce,Professional,Month-to-Month,Credit Card,2025-05,6,550.88,3382.69,33,57,1,1,8,18.2,Low Risk,1,Poor Onboarding Experience
CUST-12670,Titan Strategic Analytics,E-Commerce,Starter,2-Year,Bank Transfer,2025-03,6,113.38,703.24,3,77,0,14,8,2.8,Low Risk,0,N/A
CUST-12671,Zenith Strategic Analytics,Education,Professional,Month-to-Month,Credit Card,2025-03,6,348.08,2074.48,10,39,2,2,5,35.4,Medium Risk,1,Poor Onboarding Experience
CUST-12672,Strata Strategic Analytics,Technology,Starter,Month-to-Month,Credit Card,2025-01,3,130.31,387.37,2,84,0,1,7,17.5,Low Risk,1,Low User Adoption
CUST-12673,Synapse Strategic Analytics,Education,Professional,Month-to-Month,Electronic Check,2024-06,9,494.26,4512.46,27,47,1,30,9,45.0,Medium Risk,0,N/A
CUST-12674,Vortex Strategic Analytics,Education,Professional,Month-to-Month,Credit Card,2025-11,6,463.11,2884.25,24,68,3,0,6,18.2,Low Risk,1,Low User Adoption
CUST-12675,Vector Strategic Analytics,Healthcare,Professional,Month-to-Month,Credit Card,2024-04,13,378.91,4983.13,12,89,2,0,7,8.7,Low Risk,1,Competitor Migration
CUST-12676,Zenith Strategic Analytics,Healthcare,Professional,1-Year,Credit Card,2025-08,9,437.59,3789.54,20,15,0,2,4,45.0,Medium Risk,0,N/A
CUST-12677,Aegis Strategic Analytics,E-Commerce,Starter,Month-to-Month,Bank Transfer,2024-05,8,183.75,1486.13,9,89,0,0,3,22.3,Low Risk,1,Poor Onboarding Experience
CUST-12678,Orion Strategic Analytics,Education,Starter,Month-to-Month,Credit Card,2024-03,6,107.69,645.31,2,77,0,0,8,10.4,Low Risk,0,N/A
CUST-12679,Apex Capital Analytics,Technology,Enterprise,1-Year,Electronic Check,2024-08,4,1301.78,5004.56,66,73,1,1,9,3.2,Low Risk,0,N/A
CUST-12680,Vanguard Capital Analytics,Education,Starter,1-Year,Credit Card,2024-03,15,120.47,1759.95,2,63,3,5,9,6.0,Low Risk,0,N/A
CUST-12681,Nexus Capital Analytics,Financial Services,Enterprise,Month-to-Month,Electronic Check,2026-06,2,1416.5,2859.93,81,29,1,0,6,56.2,Medium Risk,1,Poor Onboarding Experience
CUST-12682,Quantum Capital Analytics,Technology,Professional,1-Year,Credit Card,2024-01,5,461.05,2222.86,25,76,0,21,9,14.2,Low Risk,0,N/A
CUST-12683,Hyperion Capital Analytics,Manufacturing,Starter,2-Year,Electronic Check,2024-07,10,157.34,1524.72,9,95,2,2,4,2.9,Low Risk,0,N/A
CUST-12684,Aura Capital Analytics,Education,Professional,1-Year,Credit Card,2024-06,9,302.11,2764.97,5,24,1,0,8,21.4,Low Risk,0,N/A
CUST-12685,Catalyst Capital Analytics,E-Commerce,Starter,Month-to-Month,Bank Transfer,2024-08,4,128.94,504.01,3,27,1,2,8,41.3,Medium Risk,1,Executive Leadership Turnover
CUST-12686,Pulse Capital Analytics,E-Commerce,Professional,1-Year,Credit Card,2025-05,2,292.55,586.83,5,29,3,30,7,82.5,High Risk,0,N/A
CUST-12687,Vertex Capital Analytics,Education,Starter,Month-to-Month,Bank Transfer,2025-05,7,165.75,1117.63,10,47,2,1,5,35.4,Medium Risk,1,Competitor Migration
CUST-12688,Starlight Capital Analytics,Manufacturing,Starter,2-Year,Bank Transfer,2025-09,1,172.5,169.48,8,51,4,0,9,7.9,Low Risk,1,Low User Adoption
CUST-12689,Beacon Capital Analytics,Technology,Starter,Month-to-Month,Bank Transfer,2025-05,5,132.46,639.11,6,79,0,1,7,10.4,Low Risk,0,N/A
CUST-12690,Cobalt Capital Analytics,E-Commerce,Professional,Month-to-Month,Credit Card,2025-06,11,415.32,4689.41,18,44,6,2,7,48.8,Medium Risk,0,N/A
CUST-12691,Crest Capital Analytics,Financial Services,Enterprise,1-Year,Bank Transfer,2025-04,6,1401.77,8562.07,79,71,0,2,10,3.9,Low Risk,0,N/A
CUST-12692,Elevation Capital Analytics,Manufacturing,Starter,1-Year,Electronic Check,2024-05,1,93.12,92.58,1,61,0,3,2,47.5,Medium Risk,1,Missing Core Feature
CUST-12693,Frontier Capital Analytics,Healthcare,Enterprise,1-Year,Bank Transfer,2024-01,6,951.05,5803.65,27,53,0,1,2,20.6,Low Risk,0,N/A
CUST-12694,Horizon Capital Analytics,Financial Services,Enterprise,1-Year,Credit Card,2025-10,7,1945.57,14068.26,141,49,1,14,9,6.0,Low Risk,0,N/A
CUST-12695,Integra Capital Analytics,Manufacturing,Professional,Month-to-Month,Electronic Check,2026-02,3,362.08,1102.29,11,22,1,2,1,76.0,High Risk,1,Low User Adoption
CUST-12696,Kinetic Capital Analytics,Healthcare,Professional,1-Year,Electronic Check,2024-04,25,485.74,12048.41,26,50,3,1,7,3.9,Low Risk,0,N/A
CUST-12697,Luminary Capital Analytics,E-Commerce,Professional,Month-to-Month,Bank Transfer,2025-01,1,326.46,321.4,7,27,1,2,9,33.2,Low Risk,0,N/A
CUST-12698,Meridian Capital Analytics,Technology,Enterprise,Month-to-Month,Credit Card,2024-05,5,1964.95,9671.75,143,41,1,0,10,7.9,Low Risk,0,N/A
CUST-12699,Nova Capital Analytics,Manufacturing,Enterprise,Month-to-Month,Electronic Check,2025-12,2,1857.12,3723.78,132,22,1,1,8,56.2,Medium Risk,0,N/A
CUST-12700,Omni Capital Analytics,Manufacturing,Professional,Month-to-Month,Credit Card,2024-06,15,443.93,6573.42,20,36,1,5,5,51.2,Medium Risk,0,N/A
CUST-12701,Pinnacle Capital Analytics,E-Commerce,Enterprise,2-Year,Bank Transfer,2026-03,5,928.72,4755.01,24,46,1,1,7,2.8,Low Risk,0,N/A
CUST-12702,Acro Capital Analytics,Financial Services,Professional,Month-to-Month,Credit Card,2024-08,19,384.18,7083.87,14,86,0,3,7,9.5,Low Risk,0,N/A
CUST-12703,Boreal Capital Analytics,Healthcare,Professional,Month-to-Month,Credit Card,2024-06,26,459.16,11684.76,22,34,1,1,10,11.4,Low Risk,0,N/A
CUST-12704,Cortex Capital Analytics,Financial Services,Enterprise,Month-to-Month,Bank Transfer,2025-02,7,1752.58,11867.5,119,46,0,0,6,21.4,Low Risk,0,N/A
CUST-12705,Equinox Capital Analytics,E-Commerce,Professional,2-Year,Bank Transfer,2026-04,4,387.88,1599.54,13,42,1,3,7,5.2,Low Risk,0,N/A
CUST-12706,Flux Capital Analytics,Healthcare,Starter,Month-to-Month,Credit Card,2025-11,2,98.92,191.26,1,98,4,0,9,22.3,Low Risk,0,N/A
CUST-12707,Galactic Capital Analytics,Technology,Professional,Month-to-Month,Electronic Check,2024-11,16,388.13,6318.68,13,97,0,3,3,35.4,Medium Risk,0,N/A
CUST-12708,Helix Capital Analytics,Healthcare,Enterprise,Month-to-Month,Electronic Check,2024-03,6,1548.25,9394.79,96,94,0,21,7,52.5,Medium Risk,0,N/A
CUST-12709,Infini Capital Analytics,Healthcare,Enterprise,1-Year,Electronic Check,2025-03,6,1740.59,10542.4,119,47,1,0,5,17.5,Low Risk,0,N/A
CUST-12710,Krypton Capital Analytics,E-Commerce,Starter,Month-to-Month,Electronic Check,2024-02,15,193.92,2977.9,10,55,3,0,10,7.9,Low Risk,0,N/A
CUST-12711,Matrix Capital Analytics,Healthcare,Enterprise,Month-to-Month,Credit Card,2024-08,2,1956.92,3818.83,142,58,5,5,8,76.9,High Risk,1,Executive Leadership Turnover
CUST-12712,Neutron Capital Analytics,Technology,Starter,Month-to-Month,Electronic Check,2026-05,1,160.21,157.76,9,76,1,2,10,6.3,Low Risk,0,N/A
CUST-12713,Optima Capital Analytics,Education,Starter,1-Year,Bank Transfer,2025-02,13,129.73,1651.73,2,29,2,1,9,9.5,Low Risk,0,N/A
CUST-12714,Prism Capital Analytics,E-Commerce,Enterprise,Month-to-Month,Electronic Check,2024-03,17,1140.83,19277.34,46,77,1,3,2,31.0,Low Risk,0,N/A
CUST-12715,Radiant Capital Analytics,Financial Services,Professional,Month-to-Month,Electronic Check,2024-11,1,402.85,411.28,16,32,2,0,7,56.2,Medium Risk,1,Budget Reallocation / Price
CUST-12716,Solaris Capital Analytics,Healthcare,Enterprise,2-Year,Credit Card,2025-02,17,1940.28,34010.1,143,44,1,0,4,6.6,Low Risk,0,N/A
CUST-12717,Titan Capital Analytics,Financial Services,Professional,Month-to-Month,Bank Transfer,2025-03,13,469.68,6289.06,24,63,1,5,8,29.9,Low Risk,0,N/A
CUST-12718,Zenith Capital Analytics,Healthcare,Starter,Month-to-Month,Bank Transfer,2024-09,5,111.66,546.99,1,47,1,2,5,35.4,Medium Risk,0,N/A
CUST-12719,Strata Capital Analytics,Manufacturing,Enterprise,Month-to-Month,Credit Card,2025-05,12,1058.64,12524.48,37,56,2,3,8,29.9,Low Risk,0,N/A
CUST-12720,Synapse Capital Analytics,E-Commerce,Professional,2-Year,Credit Card,2025-08,9,371.34,3333.83,11,36,1,0,6,2.8,Low Risk,0,N/A
CUST-12721,Vortex Capital Analytics,Manufacturing,Professional,Month-to-Month,Credit Card,2025-04,10,547.61,5551.74,32,95,0,1,5,22.3,Low Risk,0,N/A
CUST-12722,Vector Capital Analytics,Technology,Starter,Month-to-Month,Bank Transfer,2024-08,11,151.61,1685.41,5,70,2,5,7,29.9,Low Risk,0,N/A
CUST-12723,Zenith Capital Analytics,Manufacturing,Professional,Month-to-Month,Credit Card,2024-07,12,405.89,4803.13,17,54,2,8,7,29.9,Low Risk,0,N/A
CUST-12724,Aegis Capital Analytics,Technology,Professional,Month-to-Month,Bank Transfer,2024-06,22,307.99,6979.84,7,32,1,5,6,38.9,Medium Risk,1,Missing Core Feature
CUST-12725,Orion Capital Analytics,Healthcare,Enterprise,Month-to-Month,Bank Transfer,2026-02,5,1657.38,8380.32,108,96,0,1,5,22.3,Low Risk,1,Budget Reallocation / Price
CUST-12726,Apex Insight Analytics,E-Commerce,Professional,1-Year,Bank Transfer,2025-03,14,518.55,7468.61,29,61,2,1,9,3.2,Low Risk,0,N/A
CUST-12727,Vanguard Insight Analytics,Manufacturing,Enterprise,1-Year,Bank Transfer,2024-06,6,1679.46,10313.05,110,57,4,3,9,21.4,Low Risk,0,N/A
CUST-12728,Nexus Insight Analytics,Education,Starter,1-Year,Electronic Check,2026-04,4,176.69,721.51,8,90,2,8,8,6.6,Low Risk,0,N/A
CUST-12729,Quantum Insight Analytics,E-Commerce,Starter,1-Year,Credit Card,2025-10,10,113.32,1118.64,3,87,1,0,9,1.4,Low Risk,0,N/A
CUST-12730,Hyperion Insight Analytics,Technology,Professional,1-Year,Bank Transfer,2025-11,2,317.11,625.1,6,31,0,1,8,37.8,Medium Risk,0,N/A
CUST-12731,Aura Insight Analytics,Education,Professional,Month-to-Month,Electronic Check,2026-04,4,330.75,1303.13,7,63,2,1,8,18.2,Low Risk,0,N/A
CUST-12732,Catalyst Insight Analytics,Education,Professional,Month-to-Month,Credit Card,2024-01,13,332.26,4328.22,10,46,0,8,3,56.2,Medium Risk,1,Poor Onboarding Experience
CUST-12733,Pulse Insight Analytics,Healthcare,Professional,Month-to-Month,Bank Transfer,2025-08,4,431.28,1665.22,21,42,2,0,3,35.4,Medium Risk,0,N/A
CUST-12734,Vertex Insight Analytics,Technology,Enterprise,Month-to-Month,Electronic Check,2025-12,7,1723.69,11874.09,118,44,0,5,6,34.3,Low Risk,1,Executive Leadership Turnover
CUST-12735,Starlight Insight Analytics,E-Commerce,Professional,1-Year,Credit Card,2025-09,10,533.55,5414.1,32,40,0,1,8,9.5,Low Risk,1,Competitor Migration
CUST-12736,Beacon Insight Analytics,Technology,Starter,Month-to-Month,Electronic Check,2026-06,2,147.04,290.36,4,78,4,3,7,58.7,Medium Risk,0,N/A
CUST-12737,Cobalt Insight Analytics,E-Commerce,Starter,Month-to-Month,Electronic Check,2024-07,9,143.7,1278.63,6,79,0,1,9,4.3,Low Risk,0,N/A
CUST-12738,Crest Insight Analytics,Education,Professional,Month-to-Month,Credit Card,2025-07,6,346.06,2015.78,8,62,0,5,7,34.3,Low Risk,0,N/A
CUST-12739,Elevation Insight Analytics,Education,Starter,1-Year,Electronic Check,2024-10,21,104.7,2154.8,2,81,0,3,1,9.1,Low Risk,1,Poor Onboarding Experience
CUST-12740,Frontier Insight Analytics,E-Commerce,Starter,Month-to-Month,Credit Card,2024-11,4,140.5,582.64,7,53,0,1,7,21.4,Low Risk,1,Poor Onboarding Experience
CUST-12741,Horizon Insight Analytics,Manufacturing,Enterprise,Month-to-Month,Electronic Check,2026-05,3,1464.63,4333.15,85,73,0,0,6,33.2,Low Risk,0,N/A
CUST-12742,Integra Insight Analytics,E-Commerce,Enterprise,Month-to-Month,Bank Transfer,2026-02,3,1642.87,4946.83,108,79,1,1,9,6.3,Low Risk,0,N/A
CUST-12743,Kinetic Insight Analytics,Manufacturing,Starter,Month-to-Month,Credit Card,2026-03,5,178.09,878.61,9,53,3,1,3,35.4,Medium Risk,0,N/A
CUST-12744,Luminary Insight Analytics,Manufacturing,Starter,1-Year,Credit Card,2024-10,10,175.17,1685.86,10,70,0,1,5,20.6,Low Risk,0,N/A
CUST-12745,Meridian Insight Analytics,Technology,Enterprise,Month-to-Month,Electronic Check,2026-04,4,1265.11,5061.29,63,78,1,1,7,8.7,Low Risk,1,Missing Core Feature
CUST-12746,Nova Insight Analytics,E-Commerce,Professional,1-Year,Bank Transfer,2025-10,5,474.56,2321.26,24,63,1,0,10,3.2,Low Risk,0,N/A
CUST-12747,Omni Insight Analytics,E-Commerce,Starter,1-Year,Electronic Check,2025-11,1,163.13,157.03,6,22,2,1,3,55.0,Medium Risk,1,Executive Leadership Turnover
CUST-12748,Pinnacle Insight Analytics,Education,Professional,Month-to-Month,Credit Card,2024-04,14,381.54,5182.38,13,27,0,0,8,46.3,Medium Risk,0,N/A
CUST-12749,Acro Insight Analytics,Education,Professional,Month-to-Month,Bank Transfer,2024-06,16,421.98,6953.68,17,59,0,0,7,21.4,Low Risk,0,N/A
CUST-12750,Boreal Insight Analytics,Healthcare,Professional,1-Year,Credit Card,2026-06,1,506.99,507.32,29,60,2,1,9,5.7,Low Risk,0,N/A
CUST-12751,Cortex Insight Analytics,Financial Services,Starter,Month-to-Month,Electronic Check,2025-10,7,152.34,1107.36,8,25,3,1,10,21.4,Low Risk,0,N/A
CUST-12752,Equinox Insight Analytics,Manufacturing,Starter,Month-to-Month,Bank Transfer,2025-07,6,128.08,773.83,4,55,0,1,9,9.5,Low Risk,1,Competitor Migration
CUST-12753,Flux Insight Analytics,E-Commerce,Enterprise,2-Year,Electronic Check,2025-05,3,1293.11,3769.26,67,62,1,1,8,5.0,Low Risk,0,N/A
CUST-12754,Galactic Insight Analytics,Education,Professional,1-Year,Bank Transfer,2026-03,4,457.79,1832.25,23,89,1,1,7,3.6,Low Risk,0,N/A
CUST-12755,Helix Insight Analytics,Manufacturing,Enterprise,Month-to-Month,Bank Transfer,2024-12,6,1316.98,8110.98,70,78,1,0,5,19.0,Low Risk,0,N/A
CUST-12756,Infini Insight Analytics,Healthcare,Starter,1-Year,Credit Card,2024-05,8,159.98,1302.21,6,15,4,0,6,53.7,Medium Risk,0,N/A
CUST-12757,Krypton Insight Analytics,Technology,Starter,Month-to-Month,Credit Card,2025-07,9,147.13,1309.64,7,69,0,45,8,72.1,High Risk,0,N/A
CUST-12758,Matrix Insight Analytics,Financial Services,Starter,1-Year,Bank Transfer,2024-01,14,140.16,1955.14,7,39,0,1,8,9.5,Low Risk,0,N/A
CUST-12759,Neutron Insight Analytics,E-Commerce,Professional,1-Year,Bank Transfer,2024-03,1,371.32,361.2,14,53,3,5,8,23.1,Low Risk,1,Executive Leadership Turnover
CUST-12760,Optima Insight Analytics,Healthcare,Starter,Month-to-Month,Credit Card,2024-10,13,116.8,1499.15,3,41,2,1,8,18.2,Low Risk,0,N/A
CUST-12761,Prism Insight Analytics,E-Commerce,Starter,1-Year,Bank Transfer,2024-08,18,175.02,3171.2,9,15,2,1,9,9.5,Low Risk,0,N/A
CUST-12762,Radiant Insight Analytics,Manufacturing,Professional,1-Year,Credit Card,2024-07,21,433.33,8793.15,18,23,2,0,10,4.7,Low Risk,0,N/A
CUST-12763,Solaris Insight Analytics,E-Commerce,Professional,Month-to-Month,Credit Card,2025-01,13,317.33,4127.64,5,44,1,3,8,29.9,Low Risk,0,N/A
CUST-12764,Titan Insight Analytics,Education,Starter,Month-to-Month,Credit Card,2024-11,1,173.31,175.64,7,39,0,2,8,33.2,Low Risk,0,N/A
CUST-12765,Zenith Insight Analytics,Manufacturing,Starter,Month-to-Month,Bank Transfer,2025-09,4,118.14,470.6,1,28,2,0,5,63.4,Medium Risk,1,Executive Leadership Turnover
CUST-12766,Strata Insight Analytics,Education,Starter,1-Year,Bank Transfer,2026-03,2,177.57,342.84,8,21,1,1,8,33.2,Low Risk,0,N/A
CUST-12767,Synapse Insight Analytics,Education,Enterprise,Month-to-Month,Electronic Check,2024-10,18,1759.04,31676.23,121,92,0,1,9,4.3,Low Risk,0,N/A
CUST-12768,Vortex Insight Analytics,Manufacturing,Professional,2-Year,Bank Transfer,2024-04,9,363.33,3243.8,10,90,1,1,6,1.2,Low Risk,0,N/A
CUST-12769,Vector Insight Analytics,Technology,Professional,1-Year,Bank Transfer,2026-05,1,397.92,402.87,16,32,2,5,7,48.8,Medium Risk,0,N/A
CUST-12770,Zenith Insight Analytics,Education,Starter,Month-to-Month,Electronic Check,2024-05,19,188.82,3688.74,10,54,1,0,9,3.9,Low Risk,0,N/A
CUST-12771,Aegis Insight Analytics,Financial Services,Professional,1-Year,Electronic Check,2026-04,4,390.03,1540.56,15,24,2,0,8,21.4,Low Risk,0,N/A
CUST-12772,Orion Insight Analytics,Financial Services,Starter,1-Year,Bank Transfer,2024-12,20,113.75,2221.91,1,59,2,3,7,7.2,Low Risk,0,N/A
CUST-12773,Apex Dynamic Analytics,Education,Professional,Month-to-Month,Electronic Check,2025-07,13,511.95,6435.44,28,39,1,0,3,35.4,Medium Risk,0,N/A
CUST-12774,Vanguard Dynamic Analytics,Education,Professional,1-Year,Bank Transfer,2024-08,14,412.9,5612.18,18,19,2,1,2,40.1,Medium Risk,0,N/A
CUST-12775,Nexus Dynamic Analytics,Education,Starter,1-Year,Credit Card,2025-06,2,146.92,292.16,4,23,0,3,8,53.7,Medium Risk,1,Poor Onboarding Experience
CUST-12776,Quantum Dynamic Analytics,Healthcare,Professional,1-Year,Bank Transfer,2026-01,3,544.61,1628.6,35,79,0,8,7,13.6,Low Risk,0,N/A
CUST-12777,Hyperion Dynamic Analytics,Technology,Professional,Month-to-Month,Electronic Check,2025-04,10,476.09,4647.11,27,39,1,1,2,35.4,Medium Risk,1,Poor Onboarding Experience
CUST-12778,Aura Dynamic Analytics,Healthcare,Starter,Month-to-Month,Electronic Check,2024-11,9,148.4,1358.97,5,69,3,2,7,18.2,Low Risk,0,N/A
CUST-12779,Catalyst Dynamic Analytics,Technology,Professional,Month-to-Month,Bank Transfer,2026-04,2,458.88,912.06,21,57,0,0,10,16.1,Low Risk,0,N/A
CUST-12780,Pulse Dynamic Analytics,E-Commerce,Starter,1-Year,Electronic Check,2025-10,1,157.46,156.03,5,87,0,0,1,16.8,Low Risk,1,Budget Reallocation / Price
CUST-12781,Vertex Dynamic Analytics,Financial Services,Professional,Month-to-Month,Bank Transfer,2026-06,1,434.9,449.43,19,19,1,1,10,33.2,Low Risk,1,Poor Onboarding Experience
CUST-12782,Starlight Dynamic Analytics,Education,Starter,Month-to-Month,Electronic Check,2026-01,5,148.5,719.02,5,44,3,2,2,35.4,Medium Risk,0,N/A
CUST-12783,Beacon Dynamic Analytics,Technology,Professional,Month-to-Month,Bank Transfer,2024-08,5,407.12,2042.37,15,28,0,0,6,46.3,Medium Risk,0,N/A
CUST-12784,Cobalt Dynamic Analytics,Financial Services,Professional,1-Year,Bank Transfer,2026-05,3,482.13,1390.2,27,98,0,3,8,13.6,Low Risk,0,N/A
CUST-12785,Crest Dynamic Analytics,Financial Services,Starter,1-Year,Bank Transfer,2025-03,2,175.39,355.81,10,44,2,0,8,13.6,Low Risk,0,N/A
CUST-12786,Elevation Dynamic Analytics,E-Commerce,Starter,1-Year,Electronic Check,2026-03,5,141.27,722.23,7,88,4,8,9,10.4,Low Risk,0,N/A
CUST-12787,Frontier Dynamic Analytics,Financial Services,Starter,1-Year,Credit Card,2024-07,18,134.25,2418.54,4,74,0,2,8,9.5,Low Risk,1,Missing Core Feature
CUST-12788,Horizon Dynamic Analytics,E-Commerce,Starter,1-Year,Electronic Check,2026-03,4,188.76,753.34,10,16,0,3,5,61.1,Medium Risk,1,Missing Core Feature
CUST-12789,Integra Dynamic Analytics,Financial Services,Enterprise,Month-to-Month,Bank Transfer,2026-04,1,1078.28,1070.17,40,24,3,1,2,76.0,High Risk,1,Poor Onboarding Experience
CUST-12790,Kinetic Dynamic Analytics,E-Commerce,Professional,1-Year,Electronic Check,2025-10,9,446.78,3910.39,23,85,1,3,9,2.7,Low Risk,0,N/A
CUST-12791,Luminary Dynamic Analytics,E-Commerce,Starter,Month-to-Month,Credit Card,2026-06,1,157.94,157.8,8,45,2,0,7,28.9,Low Risk,0,N/A
CUST-12792,Meridian Dynamic Analytics,E-Commerce,Starter,1-Year,Credit Card,2024-06,13,115.32,1472.99,3,56,0,8,2,33.2,Low Risk,0,N/A
CUST-12793,Nova Dynamic Analytics,E-Commerce,Professional,Month-to-Month,Credit Card,2024-11,8,381.43,3126.33,13,72,1,0,7,18.2,Low Risk,0,N/A
CUST-12794,Omni Dynamic Analytics,Education,Enterprise,Month-to-Month,Credit Card,2025-09,10,1237.91,11987.16,57,88,5,3,9,23.1,Low Risk,0,N/A
CUST-12795,Pinnacle Dynamic Analytics,Technology,Enterprise,Month-to-Month,Bank Transfer,2024-08,18,1594.75,29838.07,100,59,0,1,6,21.4,Low Risk,0,N/A
CUST-12796,Acro Dynamic Analytics,Education,Starter,1-Year,Credit Card,2025-08,9,166.28,1467.69,7,40,1,0,2,17.5,Low Risk,0,N/A
CUST-12797,Boreal Dynamic Analytics,Financial Services,Professional,Month-to-Month,Electronic Check,2024-02,8,358.08,2805.29,10,95,0,3,6,18.2,Low Risk,0,N/A
CUST-12798,Cortex Dynamic Analytics,Healthcare,Professional,Month-to-Month,Electronic Check,2024-12,5,447.28,2304.5,23,50,2,1,6,18.2,Low Risk,0,N/A
CUST-12799,Equinox Dynamic Analytics,Financial Services,Professional,2-Year,Bank Transfer,2024-07,18,537.07,10050.37,32,84,0,2,9,0.6,Low Risk,0,N/A
CUST-12800,Flux Dynamic Analytics,Education,Enterprise,Month-to-Month,Credit Card,2025-12,6,1219.74,7246.91,57,64,2,3,8,29.9,Low Risk,0,N/A
CUST-12801,Galactic Dynamic Analytics,E-Commerce,Enterprise,1-Year,Bank Transfer,2026-05,1,1449.85,1424.23,84,95,1,0,8,6.3,Low Risk,0,N/A
CUST-12802,Helix Dynamic Analytics,Manufacturing,Professional,Month-to-Month,Credit Card,2025-07,4,523.46,2025.21,29,30,2,0,8,41.3,Medium Risk,0,N/A
CUST-12803,Infini Dynamic Analytics,Education,Enterprise,1-Year,Bank Transfer,2026-01,4,1378.38,5695.0,77,38,0,2,5,20.6,Low Risk,0,N/A
CUST-12804,Krypton Dynamic Analytics,Financial Services,Starter,1-Year,Credit Card,2024-11,18,141.24,2451.03,6,82,3,8,3,14.8,Low Risk,0,N/A
CUST-12805,Matrix Dynamic Analytics,Healthcare,Starter,2-Year,Bank Transfer,2024-05,14,115.48,1627.01,4,75,0,2,9,1.3,Low Risk,1,Poor Onboarding Experience
CUST-12806,Neutron Dynamic Analytics,Manufacturing,Enterprise,Month-to-Month,Credit Card,2025-07,12,1686.51,20022.28,112,70,2,0,4,35.4,Medium Risk,0,N/A
CUST-12807,Optima Dynamic Analytics,Manufacturing,Professional,2-Year,Bank Transfer,2024-10,21,537.4,11622.36,32,41,0,1,8,1.6,Low Risk,0,N/A
CUST-12808,Prism Dynamic Analytics,Manufacturing,Starter,2-Year,Credit Card,2024-06,17,109.18,1880.47,1,91,2,2,7,1.2,Low Risk,0,N/A
CUST-12809,Radiant Dynamic Analytics,E-Commerce,Starter,Month-to-Month,Credit Card,2025-01,2,147.08,287.94,7,28,1,3,10,48.8,Medium Risk,1,Missing Core Feature
CUST-12810,Solaris Dynamic Analytics,Healthcare,Professional,Month-to-Month,Electronic Check,2024-10,22,401.91,8657.78,17,78,0,0,3,11.9,Low Risk,0,N/A
CUST-12811,Titan Dynamic Analytics,Education,Professional,Month-to-Month,Electronic Check,2024-02,23,553.4,12752.8,32,27,1,0,7,25.0,Low Risk,1,Competitor Migration
CUST-12812,Zenith Dynamic Analytics,Financial Services,Enterprise,1-Year,Credit Card,2024-11,15,1554.53,23041.86,98,93,4,5,7,23.1,Low Risk,1,Low User Adoption
CUST-12813,Strata Dynamic Analytics,Technology,Professional,Month-to-Month,Bank Transfer,2025-12,7,435.93,3024.53,21,68,2,3,9,14.2,Low Risk,0,N/A
CUST-12814,Synapse Dynamic Analytics,Technology,Starter,Month-to-Month,Bank Transfer,2025-10,6,166.12,987.13,10,40,1,2,3,35.4,Medium Risk,0,N/A
CUST-12815,Vortex Dynamic Analytics,Healthcare,Enterprise,Month-to-Month,Credit Card,2025-04,10,1495.04,15439.79,91,55,6,5,5,81.8,High Risk,0,N/A
CUST-12816,Vector Dynamic Analytics,E-Commerce,Starter,Month-to-Month,Electronic Check,2026-01,5,137.89,687.29,3,88,0,0,5,22.3,Low Risk,0,N/A
CUST-12817,Zenith Dynamic Analytics,Technology,Professional,1-Year,Credit Card,2024-12,1,313.05,319.29,5,36,0,2,10,6.9,Low Risk,0,N/A
CUST-12818,Aegis Dynamic Analytics,E-Commerce,Professional,Month-to-Month,Electronic Check,2025-10,4,323.34,1278.55,8,30,1,0,7,41.3,Medium Risk,0,N/A
CUST-12819,Orion Dynamic Analytics,Education,Enterprise,1-Year,Credit Card,2024-06,10,1274.2,12916.79,63,89,0,0,9,1.7,Low Risk,0,N/A
CUST-12820,Apex Applied Analytics,Manufacturing,Starter,1-Year,Electronic Check,2024-12,5,107.66,534.73,3,29,3,5,8,34.3,Low Risk,1,Competitor Migration
CUST-12821,Vanguard Applied Analytics,E-Commerce,Starter,1-Year,Credit Card,2024-08,23,118.79,2687.44,1,32,0,8,2,42.6,Medium Risk,0,N/A
CUST-12822,Nexus Applied Analytics,Technology,Starter,1-Year,Bank Transfer,2024-09,20,118.79,2463.28,3,65,3,3,5,16.1,Low Risk,0,N/A
CUST-12823,Quantum Applied Analytics,Financial Services,Starter,Month-to-Month,Bank Transfer,2025-08,10,131.36,1316.18,4,90,0,5,8,18.2,Low Risk,0,N/A
CUST-12824,Hyperion Applied Analytics,Healthcare,Starter,1-Year,Electronic Check,2024-10,18,107.3,1979.63,1,67,2,5,8,14.2,Low Risk,1,Budget Reallocation / Price
CUST-12825,Aura Applied Analytics,Financial Services,Enterprise,Month-to-Month,Credit Card,2024-04,11,1508.31,16547.11,89,89,0,1,8,10.4,Low Risk,0,N/A
CUST-12826,Catalyst Applied Analytics,Healthcare,Starter,Month-to-Month,Bank Transfer,2025-07,12,167.32,1967.91,10,44,1,2,7,18.2,Low Risk,0,N/A
CUST-12827,Pulse Applied Analytics,Education,Starter,Month-to-Month,Credit Card,2026-05,3,139.35,426.56,4,50,4,1,6,63.4,Medium Risk,0,N/A
CUST-12828,Vertex Applied Analytics,E-Commerce,Starter,Month-to-Month,Electronic Check,2025-03,5,143.96,736.78,5,43,1,3,9,14.2,Low Risk,0,N/A
CUST-12829,Starlight Applied Analytics,Financial Services,Starter,Month-to-Month,Bank Transfer,2025-05,10,108.54,1088.31,1,41,1,0,9,7.9,Low Risk,0,N/A
CUST-12830,Beacon Applied Analytics,Manufacturing,Professional,1-Year,Credit Card,2024-04,13,299.71,3877.89,5,17,0,2,8,25.0,Low Risk,0,N/A
CUST-12831,Cobalt Applied Analytics,Healthcare,Professional,Month-to-Month,Credit Card,2024-02,7,414.16,2817.82,18,27,1,1,7,41.3,Medium Risk,0,N/A
CUST-12832,Crest Applied Analytics,Education,Professional,Month-to-Month,Electronic Check,2024-06,20,360.34,7358.36,12,80,0,2,1,11.9,Low Risk,0,N/A
CUST-12833,Elevation Applied Analytics,Financial Services,Starter,1-Year,Electronic Check,2024-02,17,136.25,2378.64,6,98,1,1,5,8.3,Low Risk,0,N/A
CUST-12834,Frontier Applied Analytics,Healthcare,Starter,Month-to-Month,Electronic Check,2025-04,10,92.25,933.88,1,73,5,0,7,48.8,Medium Risk,0,N/A
CUST-12835,Horizon Applied Analytics,E-Commerce,Starter,Month-to-Month,Electronic Check,2025-03,3,198.85,600.13,10,92,0,5,7,28.9,Low Risk,0,N/A
CUST-12836,Integra Applied Analytics,E-Commerce,Starter,2-Year,Credit Card,2026-01,6,143.29,887.52,7,47,0,1,9,1.3,Low Risk,0,N/A
CUST-12837,Kinetic Applied Analytics,Education,Professional,2-Year,Bank Transfer,2026-02,1,537.29,525.02,34,78,5,1,8,8.7,Low Risk,0,N/A
CUST-12838,Luminary Applied Analytics,E-Commerce,Enterprise,2-Year,Credit Card,2026-02,5,1265.68,6542.65,61,73,2,5,8,5.2,Low Risk,0,N/A
CUST-12839,Meridian Applied Analytics,Manufacturing,Starter,Month-to-Month,Credit Card,2024-10,3,149.22,462.6,6,30,0,1,6,61.1,Medium Risk,0,N/A
CUST-12840,Nova Applied Analytics,E-Commerce,Professional,Month-to-Month,Bank Transfer,2025-04,6,539.36,3324.2,34,85,3,2,4,19.0,Low Risk,0,N/A
CUST-12841,Omni Applied Analytics,Healthcare,Enterprise,1-Year,Bank Transfer,2025-10,10,2006.85,20420.17,150,23,1,1,8,21.4,Low Risk,0,N/A
CUST-12842,Pinnacle Applied Analytics,Financial Services,Professional,2-Year,Bank Transfer,2025-11,4,460.74,1787.52,22,22,2,0,7,8.3,Low Risk,0,N/A
CUST-12843,Acro Applied Analytics,Financial Services,Starter,Month-to-Month,Electronic Check,2025-02,9,173.98,1503.47,7,47,1,8,3,51.2,Medium Risk,0,N/A
CUST-12844,Boreal Applied Analytics,Technology,Professional,Month-to-Month,Credit Card,2024-05,8,358.27,2863.01,13,30,0,1,10,25.0,Low Risk,1,Low User Adoption
CUST-12845,Cortex Applied Analytics,Manufacturing,Professional,1-Year,Credit Card,2026-05,2,490.15,996.86,28,54,0,8,8,26.9,Low Risk,1,Low User Adoption
CUST-12846,Equinox Applied Analytics,Manufacturing,Enterprise,Month-to-Month,Credit Card,2025-09,10,1243.36,12256.25,58,76,2,5,7,15.4,Low Risk,0,N/A
CUST-12847,Flux Applied Analytics,Financial Services,Professional,2-Year,Credit Card,2025-06,12,556.82,6587.02,35,46,5,1,2,23.1,Low Risk,1,Executive Leadership Turnover
CUST-12848,Galactic Applied Analytics,Manufacturing,Professional,1-Year,Bank Transfer,2025-02,16,335.41,5197.76,9,73,0,1,8,9.5,Low Risk,1,Executive Leadership Turnover
CUST-12849,Helix Applied Analytics,Financial Services,Enterprise,2-Year,Bank Transfer,2025-01,2,940.5,1933.17,25,20,0,0,3,33.2,Low Risk,0,N/A
CUST-12850,Infini Applied Analytics,E-Commerce,Starter,Month-to-Month,Bank Transfer,2024-05,15,175.67,2574.55,8,88,6,3,7,43.8,Medium Risk,0,N/A
CUST-12851,Krypton Applied Analytics,Financial Services,Starter,1-Year,Bank Transfer,2025-12,5,129.25,641.45,5,18,2,0,8,21.4,Low Risk,1,Executive Leadership Turnover
CUST-12852,Matrix Applied Analytics,E-Commerce,Starter,Month-to-Month,Bank Transfer,2024-12,10,135.69,1337.21,3,46,5,1,10,26.9,Low Risk,1,Missing Core Feature
CUST-12853,Neutron Applied Analytics,Financial Services,Enterprise,Month-to-Month,Credit Card,2026-03,3,1506.5,4354.92,89,64,3,30,7,79.4,High Risk,0,N/A
CUST-12854,Optima Applied Analytics,Healthcare,Professional,2-Year,Bank Transfer,2026-02,3,302.68,873.86,5,19,2,0,9,6.0,Low Risk,0,N/A
CUST-12855,Prism Applied Analytics,Manufacturing,Enterprise,2-Year,Bank Transfer,2026-01,6,1916.93,11934.17,140,22,3,3,7,14.8,Low Risk,0,N/A
CUST-12856,Radiant Applied Analytics,Financial Services,Professional,1-Year,Bank Transfer,2025-09,2,382.2,791.62,15,67,5,0,6,40.1,Medium Risk,0,N/A
CUST-12857,Solaris Applied Analytics,Manufacturing,Professional,1-Year,Bank Transfer,2025-06,2,538.06,1049.16,34,45,5,1,10,20.6,Low Risk,0,N/A
CUST-12858,Titan Applied Analytics,Healthcare,Starter,1-Year,Electronic Check,2025-06,7,178.5,1202.54,8,52,1,5,4,28.9,Low Risk,1,Missing Core Feature
CUST-12859,Zenith Applied Analytics,Technology,Enterprise,2-Year,Bank Transfer,2024-06,20,1668.8,32813.4,109,62,0,1,7,1.6,Low Risk,0,N/A
CUST-12860,Strata Applied Analytics,Healthcare,Professional,1-Year,Electronic Check,2025-11,7,406.49,2930.62,15,98,0,14,8,7.9,Low Risk,0,N/A
CUST-12861,Synapse Applied Analytics,Healthcare,Starter,1-Year,Bank Transfer,2024-12,3,90.22,269.51,1,61,0,5,10,12.5,Low Risk,0,N/A
CUST-12862,Vortex Applied Analytics,Financial Services,Starter,2-Year,Bank Transfer,2024-11,7,172.53,1243.29,10,23,3,0,9,3.4,Low Risk,0,N/A
CUST-12863,Vector Applied Analytics,Financial Services,Professional,1-Year,Credit Card,2025-11,3,312.42,951.0,5,29,0,0,9,19.0,Low Risk,0,N/A
CUST-12864,Zenith Applied Analytics,Technology,Starter,Month-to-Month,Electronic Check,2024-05,22,166.95,3814.01,7,48,4,3,2,67.9,High Risk,1,Missing Core Feature
CUST-12865,Aegis Applied Analytics,Technology,Starter,Month-to-Month,Credit Card,2024-03,20,181.18,3759.1,9,86,1,0,9,1.7,Low Risk,0,N/A
CUST-12866,Orion Applied Analytics,Financial Services,Starter,1-Year,Electronic Check,2025-12,7,142.38,1030.62,5,30,3,8,7,34.3,Low Risk,0,N/A
CUST-12867,Apex Core Analytics,Healthcare,Starter,Month-to-Month,Credit Card,2026-02,5,107.24,516.55,1,92,3,1,8,8.7,Low Risk,0,N/A
CUST-12868,Vanguard Core Analytics,Technology,Starter,1-Year,Bank Transfer,2024-02,18,122.08,2234.39,4,29,2,8,6,34.3,Low Risk,0,N/A
CUST-12869,Nexus Core Analytics,Financial Services,Enterprise,1-Year,Bank Transfer,2024-06,4,1852.36,7360.85,130,45,6,0,8,26.9,Low Risk,0,N/A
CUST-12870,Quantum Core Analytics,Healthcare,Enterprise,2-Year,Bank Transfer,2025-02,15,1056.13,16125.95,39,69,2,0,3,6.6,Low Risk,0,N/A
CUST-12871,Hyperion Core Analytics,Financial Services,Professional,1-Year,Bank Transfer,2026-03,3,525.16,1599.46,32,94,1,2,9,2.5,Low Risk,0,N/A
CUST-12872,Aura Core Analytics,Financial Services,Professional,Month-to-Month,Credit Card,2024-01,8,524.53,4353.55,32,43,0,5,8,34.3,Low Risk,0,N/A
CUST-12873,Catalyst Core Analytics,Financial Services,Professional,1-Year,Credit Card,2025-04,4,557.51,2194.93,33,42,0,21,8,50.0,Medium Risk,0,N/A
CUST-12874,Pulse Core Analytics,Manufacturing,Professional,1-Year,Credit Card,2024-12,2,506.86,999.36,29,82,1,5,8,11.4,Low Risk,0,N/A
CUST-12875,Vertex Core Analytics,Healthcare,Professional,Month-to-Month,Bank Transfer,2024-09,18,526.41,9603.87,32,77,1,0,5,19.0,Low Risk,1,Competitor Migration
CUST-12876,Starlight Core Analytics,Manufacturing,Starter,Month-to-Month,Credit Card,2025-05,12,148.65,1786.38,6,16,2,5,5,76.9,High Risk,1,Missing Core Feature
CUST-12877,Beacon Core Analytics,Financial Services,Starter,1-Year,Credit Card,2025-05,6,152.41,905.91,5,87,1,1,8,3.6,Low Risk,1,Low User Adoption
CUST-12878,Cobalt Core Analytics,E-Commerce,Professional,2-Year,Credit Card,2024-05,15,344.47,5293.62,10,70,2,0,7,2.8,Low Risk,0,N/A
CUST-12879,Crest Core Analytics,E-Commerce,Starter,Month-to-Month,Credit Card,2025-11,6,127.3,791.36,5,58,1,1,8,18.2,Low Risk,0,N/A
CUST-12880,Elevation Core Analytics,Healthcare,Enterprise,Month-to-Month,Electronic Check,2025-04,3,1209.29,3521.51,54,18,1,2,7,56.2,Medium Risk,0,N/A
CUST-12881,Frontier Core Analytics,E-Commerce,Professional,Month-to-Month,Credit Card,2025-10,4,452.02,1825.62,23,50,0,8,8,34.3,Low Risk,0,N/A
CUST-12882,Horizon Core Analytics,Technology,Professional,1-Year,Bank Transfer,2025-05,7,364.74,2537.25,10,69,5,5,8,41.3,Medium Risk,0,N/A
CUST-12883,Integra Core Analytics,E-Commerce,Enterprise,1-Year,Bank Transfer,2024-02,23,1457.97,33558.25,85,27,0,5,6,23.1,Low Risk,0,N/A
CUST-12884,Kinetic Core Analytics,Healthcare,Professional,Month-to-Month,Credit Card,2025-09,9,538.02,4734.37,32,72,1,1,8,18.2,Low Risk,0,N/A
CUST-12885,Luminary Core Analytics,Education,Enterprise,Month-to-Month,Bank Transfer,2025-08,3,1199.66,3676.71,56,32,0,1,9,37.8,Medium Risk,0,N/A
CUST-12886,Meridian Core Analytics,E-Commerce,Professional,Month-to-Month,Bank Transfer,2024-04,22,398.11,8605.65,16,81,1,1,3,10.0,Low Risk,0,N/A
CUST-12887,Nova Core Analytics,Financial Services,Professional,Month-to-Month,Credit Card,2025-07,7,305.45,2186.69,6,83,1,5,9,6.6,Low Risk,0,N/A
CUST-12888,Omni Core Analytics,Education,Professional,2-Year,Credit Card,2026-05,3,381.67,1168.17,14,86,0,2,9,1.0,Low Risk,0,N/A
CUST-12889,Pinnacle Core Analytics,Technology,Enterprise,Month-to-Month,Bank Transfer,2024-05,21,1439.89,29224.64,82,96,0,45,10,16.8,Low Risk,0,N/A
CUST-12890,Acro Core Analytics,E-Commerce,Professional,1-Year,Bank Transfer,2025-12,4,498.59,2005.45,27,97,1,2,2,8.3,Low Risk,0,N/A
CUST-12891,Boreal Core Analytics,E-Commerce,Starter,Month-to-Month,Bank Transfer,2025-07,6,166.12,967.62,7,94,2,3,6,15.4,Low Risk,0,N/A
CUST-12892,Cortex Core Analytics,Technology,Starter,Month-to-Month,Bank Transfer,2025-09,6,168.74,1018.19,9,95,0,2,7,10.4,Low Risk,0,N/A
CUST-12893,Equinox Core Analytics,Healthcare,Professional,1-Year,Credit Card,2026-03,3,357.68,1070.02,11,52,2,2,8,13.6,Low Risk,0,N/A
CUST-12894,Flux Core Analytics,Technology,Professional,Month-to-Month,Electronic Check,2024-05,1,455.45,446.54,22,20,1,2,1,76.0,High Risk,1,Executive Leadership Turnover
CUST-12895,Galactic Core Analytics,Manufacturing,Enterprise,Month-to-Month,Bank Transfer,2024-11,16,1810.87,29579.25,126,56,1,0,9,7.9,Low Risk,0,N/A
CUST-12896,Helix Core Analytics,Manufacturing,Professional,1-Year,Credit Card,2026-02,1,411.44,417.85,19,80,0,3,8,13.6,Low Risk,0,N/A
CUST-12897,Infini Core Analytics,Healthcare,Starter,1-Year,Credit Card,2026-05,3,122.93,378.12,3,90,5,1,8,22.3,Low Risk,1,Budget Reallocation / Price
CUST-12898,Krypton Core Analytics,Healthcare,Enterprise,Month-to-Month,Credit Card,2025-12,3,1641.02,4855.14,108,23,0,0,9,37.8,Medium Risk,1,Competitor Migration
CUST-12899,Matrix Core Analytics,E-Commerce,Professional,Month-to-Month,Credit Card,2024-09,5,483.16,2328.46,26,64,2,3,7,29.9,Low Risk,0,N/A
CUST-12900,Neutron Core Analytics,Education,Starter,1-Year,Credit Card,2024-09,1,147.81,152.16,5,75,4,0,9,20.6,Low Risk,0,N/A
CUST-12901,Optima Core Analytics,Technology,Enterprise,1-Year,Credit Card,2024-02,16,1784.49,29152.45,125,48,6,1,8,26.9,Low Risk,0,N/A
CUST-12902,Prism Core Analytics,Education,Starter,2-Year,Credit Card,2025-03,4,133.78,548.38,3,36,0,0,7,3.4,Low Risk,0,N/A
CUST-12903,Radiant Core Analytics,Education,Starter,Month-to-Month,Electronic Check,2026-04,3,118.19,351.16,3,33,3,1,7,56.2,Medium Risk,0,N/A
CUST-12904,Solaris Core Analytics,Healthcare,Starter,1-Year,Bank Transfer,2024-02,22,105.61,2316.22,1,78,0,2,8,2.1,Low Risk,0,N/A
CUST-12905,Titan Core Analytics,E-Commerce,Starter,2-Year,Bank Transfer,2025-10,7,166.22,1154.69,7,26,0,2,9,4.1,Low Risk,0,N/A
CUST-12906,Zenith Core Analytics,Healthcare,Starter,2-Year,Electronic Check,2024-11,13,179.32,2249.78,10,53,0,2,9,1.3,Low Risk,0,N/A
CUST-12907,Strata Core Analytics,Manufacturing,Enterprise,Month-to-Month,Electronic Check,2024-02,21,1770.1,35845.26,120,65,0,0,10,4.7,Low Risk,0,N/A
CUST-12908,Synapse Core Analytics,Education,Starter,Month-to-Month,Electronic Check,2026-02,1,124.98,123.62,5,53,3,1,3,50.0,Medium Risk,0,N/A
CUST-12909,Vortex Core Analytics,Healthcare,Enterprise,2-Year,Credit Card,2025-08,7,1943.7,13934.42,141,61,4,1,8,10.9,Low Risk,0,N/A
CUST-12910,Vector Core Analytics,Financial Services,Professional,Month-to-Month,Credit Card,2024-11,12,447.24,5575.41,22,53,1,2,9,7.9,Low Risk,0,N/A
CUST-12911,Zenith Core Analytics,Education,Professional,1-Year,Electronic Check,2024-11,10,463.95,4666.92,24,85,0,5,7,7.9,Low Risk,1,Competitor Migration
CUST-12912,Aegis Core Analytics,Healthcare,Professional,2-Year,Credit Card,2025-07,4,513.67,2097.06,31,75,3,1,4,6.6,Low Risk,0,N/A
CUST-12913,Orion Core Analytics,Manufacturing,Starter,Month-to-Month,Bank Transfer,2025-08,2,148.99,294.48,6,82,0,3,8,28.9,Low Risk,1,Low User Adoption
CUST-12914,Apex Prime Analytics,E-Commerce,Professional,2-Year,Credit Card,2025-06,10,431.75,4333.66,20,35,0,2,7,3.4,Low Risk,0,N/A
CUST-12915,Vanguard Prime Analytics,Manufacturing,Professional,2-Year,Bank Transfer,2026-02,2,319.44,654.08,5,33,1,5,4,43.8,Medium Risk,0,N/A
CUST-12916,Nexus Prime Analytics,Financial Services,Enterprise,Month-to-Month,Credit Card,2026-05,1,1859.45,1808.37,132,59,3,2,7,28.9,Low Risk,0,N/A
CUST-12917,Quantum Prime Analytics,Manufacturing,Professional,Month-to-Month,Bank Transfer,2024-12,11,544.31,6190.17,32,19,1,0,7,41.3,Medium Risk,1,Missing Core Feature
CUST-12918,Hyperion Prime Analytics,Technology,Enterprise,Month-to-Month,Credit Card,2026-06,2,1679.41,3231.34,110,55,1,1,10,13.6,Low Risk,0,N/A
CUST-12919,Aura Prime Analytics,Education,Starter,Month-to-Month,Bank Transfer,2024-01,18,120.27,2217.46,2,97,1,2,7,8.7,Low Risk,0,N/A
CUST-12920,Catalyst Prime Analytics,Financial Services,Starter,Month-to-Month,Credit Card,2026-01,6,142.78,842.68,7,85,5,1,9,13.6,Low Risk,0,N/A
CUST-12921,Pulse Prime Analytics,Financial Services,Starter,1-Year,Credit Card,2025-12,5,122.69,596.17,4,67,5,0,7,26.9,Low Risk,0,N/A
CUST-12922,Vertex Prime Analytics,Education,Professional,Month-to-Month,Electronic Check,2024-12,1,532.96,522.08,33,38,0,0,8,33.2,Low Risk,0,N/A
CUST-12923,Starlight Prime Analytics,Financial Services,Starter,Month-to-Month,Bank Transfer,2025-09,1,110.04,110.6,3,47,1,3,1,65.7,High Risk,1,Executive Leadership Turnover
CUST-12924,Beacon Prime Analytics,Healthcare,Professional,1-Year,Credit Card,2025-02,13,369.44,4843.64,13,17,1,3,10,16.8,Low Risk,0,N/A
CUST-12925,Cobalt Prime Analytics,Technology,Professional,1-Year,Credit Card,2024-12,7,382.46,2634.26,14,93,1,1,6,3.6,Low Risk,0,N/A
CUST-12926,Crest Prime Analytics,Education,Professional,1-Year,Credit Card,2024-04,8,479.62,3867.94,26,29,2,2,5,40.1,Medium Risk,1,Executive Leadership Turnover
CUST-12927,Elevation Prime Analytics,E-Commerce,Starter,1-Year,Bank Transfer,2025-04,9,148.51,1298.27,7,76,1,0,7,3.6,Low Risk,0,N/A
CUST-12928,Frontier Prime Analytics,Manufacturing,Starter,Month-to-Month,Electronic Check,2026-02,5,164.05,819.78,8,25,4,3,9,69.0,High Risk,1,Budget Reallocation / Price
CUST-12929,Horizon Prime Analytics,Education,Professional,Month-to-Month,Credit Card,2025-09,1,352.94,351.19,12,22,0,0,6,61.1,Medium Risk,0,N/A
CUST-12930,Integra Prime Analytics,E-Commerce,Starter,Month-to-Month,Credit Card,2025-07,4,141.45,576.64,6,50,0,0,7,21.4,Low Risk,0,N/A
CUST-12931,Kinetic Prime Analytics,E-Commerce,Starter,Month-to-Month,Electronic Check,2026-06,1,112.6,114.52,3,67,0,0,9,16.1,Low Risk,0,N/A
CUST-12932,Luminary Prime Analytics,Manufacturing,Enterprise,1-Year,Credit Card,2024-01,19,1601.64,30661.0,100,65,6,0,5,29.9,Low Risk,0,N/A
CUST-12933,Meridian Prime Analytics,Technology,Professional,1-Year,Credit Card,2025-05,11,450.61,5096.27,22,85,0,3,7,7.9,Low Risk,0,N/A
CUST-12934,Nova Prime Analytics,E-Commerce,Starter,Month-to-Month,Credit Card,2026-03,5,198.12,1003.07,10,46,3,5,7,29.9,Low Risk,0,N/A
CUST-12935,Omni Prime Analytics,E-Commerce,Professional,2-Year,Credit Card,2026-01,1,406.55,394.86,15,97,0,45,8,20.6,Low Risk,0,N/A
CUST-12936,Pinnacle Prime Analytics,E-Commerce,Starter,1-Year,Electronic Check,2025-12,1,196.82,195.32,10,25,0,1,5,59.9,Medium Risk,1,Competitor Migration
CUST-12937,Acro Prime Analytics,Healthcare,Professional,Month-to-Month,Bank Transfer,2025-08,5,343.6,1677.22,10,25,2,1,4,63.4,Medium Risk,1,Budget Reallocation / Price
CUST-12938,Boreal Prime Analytics,Manufacturing,Enterprise,1-Year,Bank Transfer,2024-03,23,1855.26,42691.53,133,90,2,5,7,3.2,Low Risk,0,N/A
CUST-12939,Cortex Prime Analytics,Manufacturing,Starter,Month-to-Month,Bank Transfer,2025-06,13,160.03,2020.8,8,15,1,3,6,57.4,Medium Risk,0,N/A
CUST-12940,Equinox Prime Analytics,Manufacturing,Starter,Month-to-Month,Credit Card,2025-11,1,198.59,197.77,10,59,0,0,2,55.0,Medium Risk,0,N/A
CUST-12941,Flux Prime Analytics,Technology,Professional,Month-to-Month,Bank Transfer,2025-03,1,437.24,450.44,22,38,1,14,10,23.1,Low Risk,1,Low User Adoption
CUST-12942,Galactic Prime Analytics,Manufacturing,Professional,2-Year,Credit Card,2024-10,3,324.61,988.51,8,43,1,1,1,11.4,Low Risk,0,N/A
CUST-12943,Helix Prime Analytics,Manufacturing,Starter,Month-to-Month,Credit Card,2024-09,22,170.02,3868.77,9,79,0,5,9,3.9,Low Risk,0,N/A
CUST-12944,Infini Prime Analytics,E-Commerce,Professional,Month-to-Month,Credit Card,2024-02,30,358.75,10718.5,11,66,1,1,10,3.9,Low Risk,0,N/A
CUST-12945,Krypton Prime Analytics,Healthcare,Professional,Month-to-Month,Electronic Check,2024-11,15,520.68,7609.53,29,76,4,0,10,13.6,Low Risk,0,N/A
CUST-12946,Matrix Prime Analytics,Education,Enterprise,Month-to-Month,Credit Card,2024-11,11,1996.18,21711.68,148,82,1,0,7,8.7,Low Risk,0,N/A
CUST-12947,Neutron Prime Analytics,E-Commerce,Professional,Month-to-Month,Electronic Check,2024-01,26,315.92,8386.56,6,51,0,0,7,11.4,Low Risk,0,N/A
CUST-12948,Optima Prime Analytics,Manufacturing,Starter,Month-to-Month,Bank Transfer,2026-01,6,153.26,889.35,7,29,0,2,8,46.3,Medium Risk,0,N/A
CUST-12949,Prism Prime Analytics,Education,Starter,1-Year,Bank Transfer,2024-02,28,138.42,3763.45,5,54,0,1,10,1.9,Low Risk,0,N/A
CUST-12950,Radiant Prime Analytics,Education,Professional,1-Year,Credit Card,2026-06,2,421.59,832.95,17,54,1,1,5,27.9,Low Risk,0,N/A
CUST-12951,Solaris Prime Analytics,Education,Enterprise,2-Year,Bank Transfer,2025-09,7,2018.59,13909.02,149,42,1,1,7,2.8,Low Risk,0,N/A
CUST-12952,Titan Prime Analytics,Financial Services,Professional,Month-to-Month,Credit Card,2024-08,8,561.53,4378.67,34,59,0,3,6,34.3,Low Risk,0,N/A
CUST-12953,Zenith Prime Analytics,Financial Services,Professional,1-Year,Credit Card,2025-01,8,545.92,4399.4,32,92,0,0,2,10.0,Low Risk,0,N/A
CUST-12954,Strata Prime Analytics,Education,Professional,2-Year,Credit Card,2026-04,4,381.55,1511.12,13,78,1,5,3,5.5,Low Risk,1,Low User Adoption
CUST-12955,Synapse Prime Analytics,Education,Professional,2-Year,Bank Transfer,2025-04,1,462.28,463.51,23,90,1,0,7,2.2,Low Risk,0,N/A
CUST-12956,Vortex Prime Analytics,Manufacturing,Starter,1-Year,Bank Transfer,2025-08,2,97.04,200.72,1,38,1,1,3,27.9,Low Risk,1,Budget Reallocation / Price
CUST-12957,Vector Prime Analytics,E-Commerce,Enterprise,Month-to-Month,Electronic Check,2024-08,14,1703.37,24394.01,114,28,0,1,7,46.3,Medium Risk,1,Competitor Migration
CUST-12958,Zenith Prime Analytics,Manufacturing,Starter,1-Year,Electronic Check,2025-04,9,176.21,1621.88,8,61,0,0,8,9.5,Low Risk,0,N/A
CUST-12959,Aegis Prime Analytics,Technology,Professional,Month-to-Month,Bank Transfer,2025-04,4,371.32,1435.67,12,69,0,0,7,21.4,Low Risk,0,N/A
CUST-12960,Orion Prime Analytics,Financial Services,Professional,Month-to-Month,Bank Transfer,2026-01,1,541.61,541.62,33,62,0,0,10,16.1,Low Risk,0,N/A
CUST-12961,Apex Direct Analytics,Education,Starter,Month-to-Month,Electronic Check,2024-09,3,165.85,496.07,7,88,2,0,5,29.9,Low Risk,0,N/A
CUST-12962,Vanguard Direct Analytics,Technology,Starter,Month-to-Month,Bank Transfer,2024-07,18,173.98,3084.65,9,39,1,2,10,7.9,Low Risk,0,N/A
CUST-12963,Nexus Direct Analytics,Healthcare,Enterprise,1-Year,Bank Transfer,2025-10,2,1790.09,3561.66,126,54,1,5,9,10.4,Low Risk,1,Competitor Migration
CUST-12964,Quantum Direct Analytics,Technology,Starter,Month-to-Month,Bank Transfer,2024-03,18,124.38,2186.51,4,40,0,14,8,34.3,Low Risk,0,N/A
CUST-12965,Hyperion Direct Analytics,Financial Services,Enterprise,1-Year,Credit Card,2024-12,9,1683.06,14952.77,112,31,3,2,9,9.5,Low Risk,0,N/A
CUST-12966,Aura Direct Analytics,Financial Services,Professional,Month-to-Month,Electronic Check,2025-09,9,451.12,3964.43,22,37,2,1,7,18.2,Low Risk,1,Competitor Migration
CUST-12967,Catalyst Direct Analytics,Technology,Professional,Month-to-Month,Credit Card,2024-04,24,354.48,8765.06,10,46,0,1,7,11.4,Low Risk,0,N/A
CUST-12968,Pulse Direct Analytics,Healthcare,Professional,Month-to-Month,Credit Card,2025-08,6,560.74,3435.04,34,79,2,5,8,15.4,Low Risk,0,N/A
CUST-12969,Vertex Direct Analytics,Manufacturing,Enterprise,1-Year,Bank Transfer,2025-07,5,1909.84,9432.0,137,49,1,0,3,17.5,Low Risk,0,N/A
CUST-12970,Starlight Direct Analytics,E-Commerce,Starter,Month-to-Month,Electronic Check,2026-05,1,154.31,150.72,7,57,0,2,9,16.1,Low Risk,0,N/A
CUST-12971,Beacon Direct Analytics,Healthcare,Starter,2-Year,Credit Card,2024-07,4,111.39,435.13,2,76,1,0,5,2.9,Low Risk,0,N/A
CUST-12972,Cobalt Direct Analytics,Education,Professional,1-Year,Credit Card,2025-10,2,346.99,674.97,11,80,0,1,6,7.6,Low Risk,0,N/A
CUST-12973,Crest Direct Analytics,E-Commerce,Starter,2-Year,Bank Transfer,2025-05,14,119.41,1641.79,1,93,1,1,5,2.9,Low Risk,0,N/A
CUST-12974,Elevation Direct Analytics,Education,Enterprise,Month-to-Month,Credit Card,2024-09,3,1953.55,5632.0,143,55,1,0,8,28.9,Low Risk,0,N/A
CUST-12975,Frontier Direct Analytics,E-Commerce,Enterprise,Month-to-Month,Bank Transfer,2024-02,5,1424.05,7377.67,80,67,4,2,9,26.9,Low Risk,0,N/A
CUST-12976,Horizon Direct Analytics,Manufacturing,Professional,2-Year,Bank Transfer,2025-09,9,328.06,3021.53,9,33,3,8,10,6.3,Low Risk,0,N/A
CUST-12977,Integra Direct Analytics,Healthcare,Starter,Month-to-Month,Bank Transfer,2024-03,11,144.39,1574.91,7,76,3,8,7,15.4,Low Risk,0,N/A
CUST-12978,Kinetic Direct Analytics,Education,Professional,1-Year,Credit Card,2025-09,6,427.25,2471.14,21,38,3,1,7,7.9,Low Risk,0,N/A
CUST-12979,Luminary Direct Analytics,Manufacturing,Starter,Month-to-Month,Electronic Check,2025-10,3,160.25,463.59,9,29,0,1,5,79.4,High Risk,0,N/A
CUST-12980,Meridian Direct Analytics,Education,Enterprise,1-Year,Credit Card,2024-07,20,1099.82,22286.69,41,16,1,14,1,37.8,Medium Risk,1,Executive Leadership Turnover
CUST-12981,Nova Direct Analytics,Healthcare,Starter,1-Year,Electronic Check,2026-06,2,105.88,212.16,1,78,0,5,9,5.7,Low Risk,0,N/A
CUST-12982,Omni Direct Analytics,Manufacturing,Enterprise,Month-to-Month,Bank Transfer,2024-04,11,1256.71,14012.5,63,37,0,3,5,56.2,Medium Risk,1,Poor Onboarding Experience
CUST-12983,Pinnacle Direct Analytics,Healthcare,Enterprise,Month-to-Month,Credit Card,2026-04,2,1603.46,3173.01,103,85,2,5,6,25.0,Low Risk,0,N/A
CUST-12984,Acro Direct Analytics,Healthcare,Professional,1-Year,Credit Card,2024-09,15,443.8,6483.23,21,84,0,1,8,4.3,Low Risk,0,N/A
CUST-12985,Boreal Direct Analytics,Financial Services,Professional,2-Year,Electronic Check,2024-08,16,353.99,5683.85,11,59,1,2,7,2.8,Low Risk,1,Budget Reallocation / Price
CUST-12986,Cortex Direct Analytics,Manufacturing,Professional,1-Year,Credit Card,2024-02,20,297.98,6021.65,6,89,0,0,7,2.1,Low Risk,0,N/A
CUST-12987,Equinox Direct Analytics,Technology,Professional,1-Year,Credit Card,2024-10,7,505.69,3517.32,29,41,0,5,7,16.8,Low Risk,0,N/A
CUST-12988,Flux Direct Analytics,Technology,Starter,Month-to-Month,Electronic Check,2025-10,4,108.43,422.41,2,41,0,0,10,9.5,Low Risk,0,N/A
CUST-12989,Galactic Direct Analytics,E-Commerce,Starter,2-Year,Credit Card,2024-05,25,172.75,4247.17,10,64,1,14,5,6.0,Low Risk,0,N/A
CUST-12990,Helix Direct Analytics,Manufacturing,Enterprise,Month-to-Month,Bank Transfer,2025-03,4,1300.69,5013.88,68,92,2,0,7,8.7,Low Risk,0,N/A
CUST-12991,Infini Direct Analytics,Technology,Professional,Month-to-Month,Bank Transfer,2026-05,3,479.04,1471.37,25,16,0,5,9,53.7,Medium Risk,1,Poor Onboarding Experience
CUST-12992,Krypton Direct Analytics,Healthcare,Professional,2-Year,Credit Card,2024-12,3,359.59,1117.19,10,75,2,0,5,11.4,Low Risk,1,Executive Leadership Turnover
CUST-12993,Matrix Direct Analytics,Healthcare,Professional,Month-to-Month,Credit Card,2025-04,4,534.0,2079.2,30,21,1,1,7,41.3,Medium Risk,1,Low User Adoption
CUST-12994,Neutron Direct Analytics,Healthcare,Starter,Month-to-Month,Credit Card,2025-07,1,163.91,168.68,8,62,1,1,5,50.0,Medium Risk,1,Poor Onboarding Experience
CUST-12995,Optima Direct Analytics,Manufacturing,Enterprise,1-Year,Bank Transfer,2025-01,4,1984.29,8155.56,146,55,1,14,7,14.2,Low Risk,0,N/A
CUST-12996,Prism Direct Analytics,Manufacturing,Professional,1-Year,Credit Card,2024-08,4,480.04,1882.99,27,76,5,1,10,5.7,Low Risk,0,N/A
CUST-12997,Radiant Direct Analytics,Education,Starter,1-Year,Bank Transfer,2024-12,10,116.25,1122.92,3,68,1,0,8,7.9,Low Risk,0,N/A
CUST-12998,Solaris Direct Analytics,Education,Professional,Month-to-Month,Credit Card,2026-06,1,540.97,521.65,31,67,1,1,9,13.6,Low Risk,0,N/A
CUST-12999,Titan Direct Analytics,Financial Services,Professional,Month-to-Month,Electronic Check,2025-09,2,510.17,996.37,31,78,1,8,7,25.0,Low Risk,0,N/A
CUST-13000,Zenith Direct Analytics,Technology,Starter,Month-to-Month,Electronic Check,2025-10,9,121.82,1137.15,3,95,3,0,4,19.0,Low Risk,0,N/A
CUST-13001,Strata Direct Analytics,E-Commerce,Professional,Month-to-Month,Bank Transfer,2024-03,19,415.93,7770.39,16,23,2,5,10,19.8,Low Risk,0,N/A
CUST-13002,Synapse Direct Analytics,Healthcare,Professional,2-Year,Credit Card,2026-03,2,486.5,987.67,28,52,0,1,6,6.0,Low Risk,0,N/A
CUST-13003,Vortex Direct Analytics,Financial Services,Enterprise,Month-to-Month,Electronic Check,2024-11,10,1062.77,10310.51,37,65,4,0,9,26.9,Low Risk,0,N/A
CUST-13004,Vector Direct Analytics,Technology,Professional,Month-to-Month,Credit Card,2026-02,1,561.75,575.63,33,69,4,0,2,81.0,High Risk,1,Low User Adoption
CUST-13005,Zenith Direct Analytics,Technology,Professional,Month-to-Month,Electronic Check,2025-02,13,395.47,5069.03,15,55,0,5,7,34.3,Low Risk,0,N/A
CUST-13006,Aegis Direct Analytics,Healthcare,Starter,Month-to-Month,Credit Card,2024-01,14,166.32,2323.97,7,19,2,2,6,41.3,Medium Risk,1,Competitor Migration
CUST-13007,Orion Direct Analytics,Education,Starter,Month-to-Month,Credit Card,2026-05,1,136.97,140.78,4,95,0,2,10,7.6,Low Risk,0,N/A
CUST-13008,Apex NextGen Analytics,Technology,Professional,1-Year,Credit Card,2025-03,13,448.49,5725.09,22,21,0,5,7,38.9,Medium Risk,0,N/A
CUST-13009,Vanguard NextGen Analytics,Education,Professional,Month-to-Month,Bank Transfer,2024-10,16,489.05,7920.59,25,45,0,3,7,34.3,Low Risk,0,N/A
CUST-13010,Nexus NextGen Analytics,Manufacturing,Professional,Month-to-Month,Bank Transfer,2025-02,17,426.07,7233.74,18,61,0,14,9,16.8,Low Risk,1,Executive Leadership Turnover
CUST-13011,Quantum NextGen Analytics,Financial Services,Starter,Month-to-Month,Bank Transfer,2026-06,1,116.83,118.18,1,81,0,1,8,17.5,Low Risk,0,N/A
CUST-13012,Hyperion NextGen Analytics,Education,Professional,Month-to-Month,Credit Card,2024-12,2,351.26,699.54,10,91,1,8,4,45.0,Medium Risk,1,Budget Reallocation / Price
CUST-13013,Aura NextGen Analytics,Healthcare,Starter,2-Year,Credit Card,2025-08,10,158.74,1535.38,9,96,3,0,7,1.2,Low Risk,0,N/A
CUST-13014,Catalyst NextGen Analytics,Financial Services,Enterprise,1-Year,Electronic Check,2025-09,7,993.94,6963.44,29,37,2,1,9,3.2,Low Risk,0,N/A
CUST-13015,Pulse NextGen Analytics,Manufacturing,Enterprise,1-Year,Bank Transfer,2024-04,5,1013.28,4923.94,33,30,1,2,8,21.4,Low Risk,0,N/A
CUST-13016,Vertex NextGen Analytics,Healthcare,Starter,Month-to-Month,Credit Card,2024-12,1,103.99,103.36,2,42,1,1,8,28.9,Low Risk,0,N/A
CUST-13017,Starlight NextGen Analytics,Education,Professional,Month-to-Month,Bank Transfer,2026-02,2,348.03,695.61,8,78,2,1,4,29.9,Low Risk,0,N/A
CUST-13018,Beacon NextGen Analytics,Education,Professional,1-Year,Credit Card,2024-10,5,363.3,1813.76,13,16,1,0,7,21.4,Low Risk,0,N/A
CUST-13019,Cobalt NextGen Analytics,Technology,Starter,1-Year,Credit Card,2024-05,11,172.94,1860.67,9,21,5,2,10,31.0,Low Risk,1,Budget Reallocation / Price
CUST-13020,Crest NextGen Analytics,Education,Enterprise,1-Year,Credit Card,2026-04,4,919.22,3727.3,20,78,1,21,8,25.9,Low Risk,0,N/A
CUST-13021,Elevation NextGen Analytics,Healthcare,Professional,Month-to-Month,Bank Transfer,2025-12,6,428.47,2485.48,19,27,1,2,9,21.4,Low Risk,1,Competitor Migration
CUST-13022,Frontier NextGen Analytics,Financial Services,Starter,Month-to-Month,Bank Transfer,2025-04,11,105.88,1155.83,2,39,1,3,2,51.2,Medium Risk,0,N/A
CUST-13023,Horizon NextGen Analytics,Manufacturing,Starter,1-Year,Credit Card,2026-05,1,186.13,192.18,9,36,0,5,4,47.5,Medium Risk,1,Competitor Migration
CUST-13024,Integra NextGen Analytics,Manufacturing,Professional,Month-to-Month,Credit Card,2026-02,4,366.83,1506.17,12,22,4,3,8,85.2,High Risk,1,Low User Adoption
CUST-13025,Kinetic NextGen Analytics,Technology,Starter,2-Year,Credit Card,2025-03,17,123.44,2085.76,1,41,1,0,5,6.6,Low Risk,0,N/A
CUST-13026,Luminary NextGen Analytics,Education,Professional,Month-to-Month,Bank Transfer,2026-02,5,336.15,1726.8,9,41,1,1,8,18.2,Low Risk,1,Poor Onboarding Experience
CUST-13027,Meridian NextGen Analytics,Financial Services,Starter,1-Year,Electronic Check,2025-06,1,184.56,189.05,10,40,1,0,8,13.6,Low Risk,0,N/A
CUST-13028,Nova NextGen Analytics,Manufacturing,Starter,Month-to-Month,Credit Card,2025-07,5,142.25,733.0,4,65,0,5,6,34.3,Low Risk,1,Poor Onboarding Experience
CUST-13029,Omni NextGen Analytics,Technology,Starter,Month-to-Month,Electronic Check,2025-05,3,146.64,423.29,4,41,4,2,3,81.0,High Risk,1,Low User Adoption
CUST-13030,Pinnacle NextGen Analytics,Manufacturing,Enterprise,Month-to-Month,Electronic Check,2024-05,24,1408.61,35054.86,79,83,0,1,10,2.1,Low Risk,0,N/A
CUST-13031,Acro NextGen Analytics,Manufacturing,Professional,Month-to-Month,Credit Card,2026-01,3,390.17,1165.48,16,27,0,5,10,53.7,Medium Risk,1,Missing Core Feature
CUST-13032,Boreal NextGen Analytics,Technology,Starter,Month-to-Month,Credit Card,2025-10,7,163.84,1107.34,7,42,2,0,3,35.4,Medium Risk,0,N/A
CUST-13033,Cortex NextGen Analytics,E-Commerce,Professional,1-Year,Bank Transfer,2024-08,1,349.12,354.29,8,91,0,0,3,16.8,Low Risk,0,N/A
CUST-13034,Equinox NextGen Analytics,Healthcare,Professional,Month-to-Month,Credit Card,2024-07,16,453.2,7298.02,24,88,1,0,7,8.7,Low Risk,0,N/A
CUST-13035,Flux NextGen Analytics,Technology,Enterprise,Month-to-Month,Bank Transfer,2025-04,5,1543.97,7489.48,93,27,1,5,7,57.4,Medium Risk,0,N/A
CUST-13036,Galactic NextGen Analytics,E-Commerce,Professional,Month-to-Month,Electronic Check,2026-06,2,552.24,1113.84,34,22,2,14,9,48.8,Medium Risk,0,N/A
CUST-13037,Helix NextGen Analytics,Financial Services,Professional,2-Year,Credit Card,2025-09,2,361.96,737.14,12,31,0,1,4,33.2,Low Risk,0,N/A
CUST-13038,Infini NextGen Analytics,Manufacturing,Starter,2-Year,Bank Transfer,2024-08,11,185.44,2089.16,9,56,0,21,3,45.0,Medium Risk,0,N/A
CUST-13039,Krypton NextGen Analytics,E-Commerce,Professional,1-Year,Bank Transfer,2025-02,11,534.31,6029.93,30,72,6,3,8,41.3,Medium Risk,0,N/A
CUST-13040,Matrix NextGen Analytics,E-Commerce,Starter,Month-to-Month,Bank Transfer,2025-09,6,107.18,642.27,3,25,5,8,10,69.0,High Risk,1,Poor Onboarding Experience
CUST-13041,Neutron NextGen Analytics,Financial Services,Starter,1-Year,Credit Card,2026-02,3,107.7,312.03,3,91,2,2,2,14.2,Low Risk,0,N/A
CUST-13042,Optima NextGen Analytics,Financial Services,Enterprise,Month-to-Month,Credit Card,2025-06,1,1069.61,1108.41,40,64,1,0,3,50.0,Medium Risk,1,Budget Reallocation / Price
CUST-13043,Prism NextGen Analytics,Financial Services,Starter,Month-to-Month,Bank Transfer,2024-10,2,123.19,244.11,5,17,0,1,9,37.8,Medium Risk,1,Poor Onboarding Experience
CUST-13044,Radiant NextGen Analytics,Healthcare,Starter,Month-to-Month,Credit Card,2024-01,10,185.34,1826.16,9,85,1,0,6,8.7,Low Risk,0,N/A
CUST-13045,Solaris NextGen Analytics,E-Commerce,Starter,1-Year,Credit Card,2025-12,1,133.06,131.49,4,26,6,0,8,67.9,High Risk,1,Poor Onboarding Experience
CUST-13046,Titan NextGen Analytics,Education,Professional,Month-to-Month,Credit Card,2025-08,1,316.99,327.89,6,54,0,1,1,55.0,Medium Risk,0,N/A
CUST-13047,Zenith NextGen Analytics,Technology,Professional,Month-to-Month,Bank Transfer,2026-02,4,359.49,1459.91,13,64,3,5,9,14.2,Low Risk,1,Missing Core Feature
CUST-13048,Strata NextGen Analytics,Healthcare,Professional,Month-to-Month,Credit Card,2025-04,2,356.02,699.4,10,35,1,21,3,90.5,High Risk,1,Budget Reallocation / Price
CUST-13049,Synapse NextGen Analytics,Manufacturing,Professional,1-Year,Credit Card,2026-01,2,409.14,818.84,16,47,2,0,8,13.6,Low Risk,0,N/A
CUST-13050,Vortex NextGen Analytics,Technology,Enterprise,1-Year,Bank Transfer,2025-12,6,1437.74,8820.46,81,50,2,14,8,14.2,Low Risk,0,N/A
CUST-13051,Vector NextGen Analytics,E-Commerce,Professional,Month-to-Month,Electronic Check,2026-06,2,408.27,821.4,15,82,4,2,6,42.6,Medium Risk,0,N/A
CUST-13052,Zenith NextGen Analytics,Financial Services,Starter,Month-to-Month,Electronic Check,2026-02,5,165.93,829.27,9,34,1,0,8,41.3,Medium Risk,0,N/A
CUST-13053,Aegis NextGen Analytics,Technology,Professional,Month-to-Month,Credit Card,2025-10,8,442.82,3413.69,20,68,3,5,7,29.9,Low Risk,1,Low User Adoption
CUST-13054,Orion NextGen Analytics,Healthcare,Starter,1-Year,Electronic Check,2025-03,4,118.27,484.69,3,69,0,1,7,9.5,Low Risk,0,N/A
CUST-13055,Apex Adaptive Analytics,E-Commerce,Professional,Month-to-Month,Credit Card,2025-07,2,558.01,1101.96,35,91,0,1,7,17.5,Low Risk,0,N/A
CUST-13056,Vanguard Adaptive Analytics,Education,Professional,Month-to-Month,Credit Card,2026-04,1,343.96,333.41,11,82,2,1,9,6.3,Low Risk,0,N/A
CUST-13057,Nexus Adaptive Analytics,Education,Starter,Month-to-Month,Electronic Check,2025-07,11,165.68,1819.19,7,68,1,2,9,7.9,Low Risk,0,N/A
CUST-13058,Quantum Adaptive Analytics,E-Commerce,Enterprise,Month-to-Month,Credit Card,2026-04,4,1136.51,4495.12,48,22,0,1,10,25.0,Low Risk,1,Missing Core Feature
CUST-13059,Hyperion Adaptive Analytics,Financial Services,Starter,1-Year,Credit Card,2025-08,9,124.25,1092.89,5,56,1,1,7,7.9,Low Risk,0,N/A
CUST-13060,Aura Adaptive Analytics,Financial Services,Enterprise,Month-to-Month,Credit Card,2025-12,3,1499.68,4394.85,88,98,1,14,10,11.4,Low Risk,0,N/A
CUST-13061,Catalyst Adaptive Analytics,Financial Services,Professional,2-Year,Bank Transfer,2025-07,6,331.61,1984.91,10,42,2,2,4,6.6,Low Risk,0,N/A
CUST-13062,Pulse Adaptive Analytics,Manufacturing,Professional,Month-to-Month,Credit Card,2025-10,9,503.11,4651.69,27,86,1,14,8,15.4,Low Risk,0,N/A
CUST-13063,Vertex Adaptive Analytics,Healthcare,Professional,1-Year,Bank Transfer,2025-02,14,493.39,7007.67,25,93,1,3,5,14.8,Low Risk,0,N/A
CUST-13064,Starlight Adaptive Analytics,Financial Services,Starter,1-Year,Electronic Check,2026-02,3,128.45,382.21,3,40,2,0,10,5.7,Low Risk,0,N/A
CUST-13065,Beacon Adaptive Analytics,Technology,Professional,2-Year,Credit Card,2025-05,5,365.24,1762.59,12,32,0,0,10,4.1,Low Risk,0,N/A
CUST-13066,Cobalt Adaptive Analytics,Technology,Starter,Month-to-Month,Electronic Check,2025-04,6,160.37,950.57,7,58,1,1,3,35.4,Medium Risk,0,N/A
CUST-13067,Crest Adaptive Analytics,Manufacturing,Professional,Month-to-Month,Bank Transfer,2025-04,2,314.31,644.96,6,17,1,0,8,56.2,Medium Risk,0,N/A
CUST-13068,Elevation Adaptive Analytics,Manufacturing,Starter,Month-to-Month,Bank Transfer,2026-03,4,147.64,571.55,4,88,3,0,9,3.6,Low Risk,0,N/A
CUST-13069,Frontier Adaptive Analytics,Technology,Starter,1-Year,Electronic Check,2025-08,2,163.55,320.89,7,30,1,0,9,16.1,Low Risk,0,N/A
CUST-13070,Horizon Adaptive Analytics,Healthcare,Starter,1-Year,Electronic Check,2026-05,1,116.48,117.91,2,48,1,1,6,13.6,Low Risk,0,N/A
CUST-13071,Integra Adaptive Analytics,Technology,Enterprise,2-Year,Electronic Check,2024-12,20,1410.2,27565.11,79,64,6,2,8,5.5,Low Risk,0,N/A
CUST-13072,Kinetic Adaptive Analytics,Financial Services,Enterprise,Month-to-Month,Electronic Check,2025-12,3,1364.74,4009.49,73,35,1,0,5,50.0,Medium Risk,0,N/A
CUST-13073,Luminary Adaptive Analytics,Education,Professional,1-Year,Bank Transfer,2025-12,2,504.36,1014.81,29,72,1,0,9,5.7,Low Risk,0,N/A
CUST-13074,Meridian Adaptive Analytics,Technology,Professional,1-Year,Credit Card,2024-06,14,384.13,5294.03,16,71,1,0,9,3.2,Low Risk,0,N/A
CUST-13075,Nova Adaptive Analytics,Education,Professional,Month-to-Month,Credit Card,2025-03,16,492.3,8086.08,27,90,3,3,9,6.6,Low Risk,0,N/A
CUST-13076,Omni Adaptive Analytics,Manufacturing,Starter,2-Year,Credit Card,2025-05,8,135.93,1048.47,3,76,0,3,7,2.8,Low Risk,0,N/A
CUST-13077,Pinnacle Adaptive Analytics,Technology,Professional,1-Year,Credit Card,2026-04,4,506.52,1957.08,27,55,0,3,3,33.2,Low Risk,1,Competitor Migration
CUST-13078,Acro Adaptive Analytics,Manufacturing,Starter,Month-to-Month,Credit Card,2024-01,15,99.0,1519.06,1,28,1,0,9,21.4,Low Risk,0,N/A
CUST-13079,Boreal Adaptive Analytics,Healthcare,Professional,Month-to-Month,Credit Card,2024-04,10,541.8,5361.67,34,94,1,5,6,15.4,Low Risk,1,Competitor Migration
CUST-13080,Cortex Adaptive Analytics,Technology,Professional,1-Year,Credit Card,2024-12,13,319.88,4223.11,5,71,3,14,3,28.9,Low Risk,1,Missing Core Feature
CUST-13081,Equinox Adaptive Analytics,Education,Professional,1-Year,Bank Transfer,2024-07,3,340.55,981.34,7,72,1,14,9,10.4,Low Risk,0,N/A
CUST-13082,Flux Adaptive Analytics,Technology,Professional,1-Year,Credit Card,2025-03,7,510.94,3461.47,27,45,3,1,8,7.9,Low Risk,1,Missing Core Feature
CUST-13083,Galactic Adaptive Analytics,Financial Services,Professional,1-Year,Electronic Check,2025-08,3,404.98,1206.77,18,35,4,2,6,40.1,Medium Risk,0,N/A
CUST-13084,Helix Adaptive Analytics,Healthcare,Professional,1-Year,Credit Card,2025-01,2,383.45,751.53,15,36,4,1,3,62.2,Medium Risk,0,N/A
CUST-13085,Infini Adaptive Analytics,Manufacturing,Professional,Month-to-Month,Bank Transfer,2025-06,12,519.69,6359.19,31,18,6,0,6,75.0,High Risk,1,Budget Reallocation / Price
CUST-13086,Krypton Adaptive Analytics,Technology,Professional,1-Year,Electronic Check,2026-06,2,475.03,972.77,23,22,3,0,7,33.2,Low Risk,0,N/A
CUST-13087,Matrix Adaptive Analytics,Education,Enterprise,1-Year,Credit Card,2026-04,3,1994.88,5912.79,146,47,4,5,6,56.2,Medium Risk,1,Poor Onboarding Experience
CUST-13088,Neutron Adaptive Analytics,Financial Services,Starter,Month-to-Month,Bank Transfer,2025-07,5,137.02,704.43,5,79,1,0,8,8.7,Low Risk,0,N/A
CUST-13089,Optima Adaptive Analytics,Technology,Professional,Month-to-Month,Credit Card,2024-10,18,348.95,6040.44,10,86,3,0,2,19.0,Low Risk,0,N/A
CUST-13090,Prism Adaptive Analytics,Technology,Professional,Month-to-Month,Electronic Check,2024-02,18,495.0,9186.27,26,36,1,3,7,29.9,Low Risk,0,N/A
CUST-13091,Radiant Adaptive Analytics,Financial Services,Starter,Month-to-Month,Electronic Check,2025-12,2,126.2,242.68,5,94,5,0,4,64.6,Medium Risk,1,Executive Leadership Turnover
CUST-13092,Solaris Adaptive Analytics,Manufacturing,Starter,Month-to-Month,Electronic Check,2024-08,15,161.18,2369.75,6,80,2,21,9,25.9,Low Risk,0,N/A
CUST-13093,Titan Adaptive Analytics,Manufacturing,Enterprise,Month-to-Month,Bank Transfer,2025-12,5,1851.01,9373.12,133,79,0,0,9,4.3,Low Risk,1,Poor Onboarding Experience
CUST-13094,Zenith Adaptive Analytics,Technology,Professional,Month-to-Month,Electronic Check,2024-08,14,290.54,4116.55,5,61,1,0,10,7.9,Low Risk,0,N/A
CUST-13095,Strata Adaptive Analytics,E-Commerce,Starter,Month-to-Month,Bank Transfer,2025-03,3,121.41,359.8,2,56,0,3,7,48.8,Medium Risk,1,Poor Onboarding Experience
CUST-13096,Synapse Adaptive Analytics,Technology,Professional,Month-to-Month,Credit Card,2025-04,9,464.32,4220.71,22,37,1,21,7,67.9,High Risk,1,Low User Adoption
CUST-13097,Vortex Adaptive Analytics,E-Commerce,Professional,Month-to-Month,Credit Card,2025-08,12,312.67,3861.34,6,35,2,0,8,18.2,Low Risk,0,N/A
CUST-13098,Vector Adaptive Analytics,Financial Services,Starter,Month-to-Month,Bank Transfer,2024-06,24,193.34,4626.75,10,61,1,1,5,20.6,Low Risk,0,N/A
CUST-13099,Zenith Adaptive Analytics,Financial Services,Professional,1-Year,Bank Transfer,2025-10,1,328.84,332.21,6,59,1,5,9,10.4,Low Risk,0,N/A
CUST-13100,Aegis Adaptive Analytics,E-Commerce,Professional,2-Year,Bank Transfer,2024-06,22,537.17,11737.32,32,36,0,1,4,3.9,Low Risk,0,N/A
CUST-13101,Orion Adaptive Analytics,Education,Starter,Month-to-Month,Credit Card,2025-10,1,175.89,174.46,9,23,3,5,4,85.8,High Risk,1,Executive Leadership Turnover
CUST-13102,Apex Secure Analytics,Healthcare,Professional,2-Year,Credit Card,2026-05,3,380.05,1134.28,12,28,0,1,9,7.2,Low Risk,0,N/A
CUST-13103,Vanguard Secure Analytics,E-Commerce,Starter,1-Year,Bank Transfer,2026-04,4,179.71,719.61,10,39,1,30,4,66.8,High Risk,1,Poor Onboarding Experience
CUST-13104,Nexus Secure Analytics,Healthcare,Enterprise,Month-to-Month,Electronic Check,2024-12,2,1038.16,2066.22,35,85,6,8,7,58.7,Medium Risk,1,Low User Adoption
CUST-13105,Quantum Secure Analytics,E-Commerce,Enterprise,1-Year,Credit Card,2024-07,21,2000.4,41796.74,147,51,3,3,10,2.9,Low Risk,0,N/A
CUST-13106,Hyperion Secure Analytics,Financial Services,Professional,2-Year,Electronic Check,2026-04,2,435.05,857.1,21,18,2,0,2,28.9,Low Risk,0,N/A
CUST-13107,Aura Secure Analytics,Education,Professional,1-Year,Electronic Check,2025-09,8,313.81,2484.97,5,19,1,2,9,9.5,Low Risk,0,N/A
CUST-13108,Catalyst Secure Analytics,Technology,Starter,2-Year,Credit Card,2024-11,18,179.43,3249.62,8,46,0,1,4,7.9,Low Risk,0,N/A
CUST-13109,Pulse Secure Analytics,Healthcare,Enterprise,Month-to-Month,Bank Transfer,2025-10,1,1816.2,1822.8,128,56,4,3,9,56.2,Medium Risk,1,Low User Adoption
CUST-13110,Vertex Secure Analytics,Financial Services,Enterprise,Month-to-Month,Credit Card,2026-01,1,1613.46,1613.64,104,84,0,1,1,34.3,Low Risk,1,Competitor Migration
CUST-13111,Starlight Secure Analytics,Technology,Professional,Month-to-Month,Credit Card,2024-05,18,393.52,6888.99,16,61,0,5,9,16.8,Low Risk,1,Budget Reallocation / Price
CUST-13112,Beacon Secure Analytics,E-Commerce,Starter,Month-to-Month,Credit Card,2026-01,3,167.85,511.27,8,16,2,0,10,33.2,Low Risk,0,N/A
CUST-13113,Cobalt Secure Analytics,Manufacturing,Professional,Month-to-Month,Bank Transfer,2024-10,4,323.95,1309.48,7,31,0,3,9,38.9,Medium Risk,0,N/A
CUST-13114,Crest Secure Analytics,Technology,Enterprise,Month-to-Month,Credit Card,2026-03,2,1698.87,3475.1,115,42,3,0,7,28.9,Low Risk,0,N/A
CUST-13115,Elevation Secure Analytics,E-Commerce,Professional,Month-to-Month,Bank Transfer,2025-03,7,559.11,3945.94,33,20,1,0,7,41.3,Medium Risk,0,N/A
CUST-13116,Frontier Secure Analytics,E-Commerce,Enterprise,Month-to-Month,Bank Transfer,2024-03,5,1693.95,8548.11,113,53,3,5,5,51.2,Medium Risk,1,Budget Reallocation / Price
CUST-13117,Horizon Secure Analytics,Healthcare,Professional,Month-to-Month,Bank Transfer,2025-02,13,468.1,6012.25,22,89,0,0,6,10.4,Low Risk,0,N/A
CUST-13118,Integra Secure Analytics,Education,Starter,2-Year,Credit Card,2025-08,5,154.54,777.87,5,62,5,2,3,23.1,Low Risk,1,Low User Adoption
CUST-13119,Kinetic Secure Analytics,Technology,Enterprise,1-Year,Electronic Check,2024-04,18,1738.04,30633.63,117,72,1,2,9,3.2,Low Risk,0,N/A
CUST-13120,Luminary Secure Analytics,Education,Professional,Month-to-Month,Electronic Check,2024-07,8,329.95,2615.65,9,43,2,1,8,18.2,Low Risk,1,Low User Adoption
CUST-13121,Meridian Secure Analytics,Healthcare,Starter,1-Year,Credit Card,2024-09,1,190.92,197.47,10,18,2,0,9,16.1,Low Risk,0,N/A
CUST-13122,Nova Secure Analytics,E-Commerce,Professional,Month-to-Month,Bank Transfer,2024-02,24,409.4,9767.92,19,35,1,1,7,9.5,Low Risk,0,N/A
CUST-13123,Omni Secure Analytics,E-Commerce,Professional,2-Year,Bank Transfer,2024-02,27,389.68,10819.7,16,86,2,21,4,11.9,Low Risk,0,N/A
CUST-13124,Pinnacle Secure Analytics,Manufacturing,Professional,2-Year,Credit Card,2024-10,15,327.3,5075.32,7,78,0,2,7,1.5,Low Risk,0,N/A
CUST-13125,Acro Secure Analytics,Healthcare,Starter,1-Year,Credit Card,2026-03,4,183.25,741.73,10,39,1,1,10,3.2,Low Risk,0,N/A
CUST-13126,Boreal Secure Analytics,Technology,Enterprise,Month-to-Month,Electronic Check,2025-01,17,1730.89,30285.73,119,82,0,8,7,18.2,Low Risk,1,Executive Leadership Turnover
CUST-13127,Cortex Secure Analytics,Financial Services,Starter,Month-to-Month,Bank Transfer,2025-06,13,136.21,1786.47,5,24,2,2,4,63.4,Medium Risk,1,Executive Leadership Turnover
CUST-13128,Equinox Secure Analytics,E-Commerce,Enterprise,Month-to-Month,Credit Card,2025-05,4,1849.79,7627.07,133,48,1,0,8,18.2,Low Risk,0,N/A
CUST-13129,Flux Secure Analytics,Financial Services,Starter,1-Year,Bank Transfer,2026-03,3,191.51,568.88,9,83,0,0,9,3.1,Low Risk,0,N/A
CUST-13130,Galactic Secure Analytics,Education,Professional,Month-to-Month,Bank Transfer,2024-07,3,506.7,1495.49,28,79,2,1,7,14.8,Low Risk,0,N/A
CUST-13131,Helix Secure Analytics,Financial Services,Enterprise,Month-to-Month,Credit Card,2025-05,8,1939.74,15860.48,141,86,0,3,7,18.2,Low Risk,1,Executive Leadership Turnover
CUST-13132,Infini Secure Analytics,Education,Enterprise,Month-to-Month,Credit Card,2026-04,4,1422.86,5685.34,81,17,0,8,6,62.2,Medium Risk,0,N/A
CUST-13133,Krypton Secure Analytics,Education,Starter,Month-to-Month,Electronic Check,2024-04,27,155.51,4233.13,8,76,2,1,4,10.0,Low Risk,0,N/A
CUST-13134,Matrix Secure Analytics,Education,Starter,Month-to-Month,Credit Card,2025-03,8,143.73,1152.4,4,19,1,5,7,57.4,Medium Risk,1,Missing Core Feature
CUST-13135,Neutron Secure Analytics,Technology,Enterprise,1-Year,Credit Card,2026-05,1,1859.23,1802.24,132,29,0,1,7,37.8,Medium Risk,0,N/A
CUST-13136,Optima Secure Analytics,Manufacturing,Professional,1-Year,Bank Transfer,2024-05,11,448.18,4899.18,21,58,2,1,6,7.9,Low Risk,0,N/A
CUST-13137,Prism Secure Analytics,E-Commerce,Starter,Month-to-Month,Credit Card,2024-05,23,126.04,3012.34,3,68,1,0,7,9.5,Low Risk,1,Budget Reallocation / Price
CUST-13138,Radiant Secure Analytics,Financial Services,Starter,1-Year,Electronic Check,2025-06,7,162.73,1169.58,9,83,1,30,8,25.9,Low Risk,0,N/A
CUST-13139,Solaris Secure Analytics,Education,Professional,Month-to-Month,Credit Card,2024-09,14,438.66,6378.52,21,98,1,1,8,8.7,Low Risk,0,N/A
CUST-13140,Titan Secure Analytics,Technology,Starter,Month-to-Month,Credit Card,2025-06,5,153.05,770.12,7,40,1,8,8,29.9,Low Risk,0,N/A
CUST-13141,Zenith Secure Analytics,E-Commerce,Starter,Month-to-Month,Credit Card,2024-02,24,136.44,3310.37,4,24,0,1,9,13.6,Low Risk,0,N/A
CUST-13142,Strata Secure Analytics,Technology,Professional,1-Year,Bank Transfer,2026-06,1,402.14,405.13,18,15,0,0,7,37.8,Medium Risk,0,N/A
CUST-13143,Synapse Secure Analytics,Financial Services,Starter,Month-to-Month,Bank Transfer,2025-04,9,155.74,1423.06,5,66,0,3,7,34.3,Low Risk,1,Executive Leadership Turnover
CUST-13144,Vortex Secure Analytics,Technology,Enterprise,1-Year,Bank Transfer,2025-10,9,1575.33,13674.93,100,88,1,8,8,6.6,Low Risk,0,N/A
CUST-13145,Vector Secure Analytics,Healthcare,Starter,Month-to-Month,Credit Card,2025-01,4,174.71,712.87,7,20,2,0,7,41.3,Medium Risk,0,N/A
CUST-13146,Zenith Secure Analytics,Technology,Enterprise,1-Year,Bank Transfer,2025-09,3,1963.26,6122.52,146,60,0,0,6,16.1,Low Risk,1,Poor Onboarding Experience
CUST-13147,Aegis Secure Analytics,Financial Services,Starter,1-Year,Credit Card,2024-05,14,188.12,2631.65,10,60,0,1,5,20.6,Low Risk,0,N/A
CUST-13148,Orion Secure Analytics,Financial Services,Starter,Month-to-Month,Credit Card,2026-05,2,140.52,277.52,7,39,2,30,10,59.9,Medium Risk,1,Poor Onboarding Experience
CUST-13149,Apex Venture Analytics,Manufacturing,Professional,Month-to-Month,Electronic Check,2024-06,2,450.77,922.41,22,48,2,2,9,13.6,Low Risk,0,N/A
CUST-13150,Vanguard Venture Analytics,Manufacturing,Professional,1-Year,Bank Transfer,2026-04,1,542.09,531.08,31,66,4,0,5,62.2,Medium Risk,0,N/A
CUST-13151,Nexus Venture Analytics,Healthcare,Professional,Month-to-Month,Credit Card,2024-10,8,432.53,3448.21,20,44,2,21,8,67.9,High Risk,1,Executive Leadership Turnover
CUST-13152,Quantum Venture Analytics,E-Commerce,Enterprise,1-Year,Electronic Check,2024-02,10,1992.76,20277.32,147,75,4,0,8,26.9,Low Risk,0,N/A
CUST-13153,Hyperion Venture Analytics,Manufacturing,Professional,1-Year,Credit Card,2025-10,5,531.87,2693.2,30,28,1,0,7,21.4,Low Risk,0,N/A
CUST-13154,Aura Venture Analytics,Technology,Starter,1-Year,Bank Transfer,2024-06,20,185.53,3601.1,10,80,0,2,2,5.0,Low Risk,0,N/A
CUST-13155,Catalyst Venture Analytics,Healthcare,Professional,Month-to-Month,Credit Card,2026-01,1,411.94,410.94,18,38,0,2,1,55.0,Medium Risk,0,N/A
CUST-13156,Pulse Venture Analytics,Manufacturing,Professional,1-Year,Credit Card,2024-08,9,409.35,3621.32,16,59,3,1,3,17.5,Low Risk,1,Competitor Migration
CUST-13157,Vertex Venture Analytics,Financial Services,Starter,Month-to-Month,Bank Transfer,2026-04,2,172.71,340.52,8,24,4,0,6,84.6,High Risk,1,Competitor Migration
CUST-13158,Starlight Venture Analytics,E-Commerce,Professional,Month-to-Month,Bank Transfer,2024-01,24,524.45,12248.0,30,75,0,2,9,4.7,Low Risk,0,N/A
CUST-13159,Beacon Venture Analytics,Education,Starter,Month-to-Month,Bank Transfer,2025-10,9,103.89,941.27,2,25,0,0,7,46.3,Medium Risk,0,N/A
CUST-13160,Cobalt Venture Analytics,E-Commerce,Professional,Month-to-Month,Electronic Check,2025-03,1,409.81,397.68,19,94,1,2,1,29.9,Low Risk,0,N/A
CUST-13161,Crest Venture Analytics,Education,Starter,2-Year,Credit Card,2026-04,2,162.66,328.09,8,31,1,1,1,28.9,Low Risk,0,N/A
CUST-13162,Elevation Venture Analytics,Technology,Starter,Month-to-Month,Electronic Check,2025-12,7,149.9,1034.93,8,97,0,2,7,10.4,Low Risk,0,N/A
CUST-13163,Frontier Venture Analytics,Education,Enterprise,1-Year,Electronic Check,2024-07,13,1318.71,16605.11,68,87,3,5,6,6.6,Low Risk,0,N/A
CUST-13164,Horizon Venture Analytics,Education,Enterprise,2-Year,Credit Card,2025-11,3,1407.86,4326.05,77,82,0,5,8,5.0,Low Risk,1,Poor Onboarding Experience
CUST-13165,Integra Venture Analytics,Financial Services,Starter,Month-to-Month,Credit Card,2024-10,15,190.82,2823.71,10,84,3,45,10,25.9,Low Risk,0,N/A
CUST-13166,Kinetic Venture Analytics,Healthcare,Starter,1-Year,Credit Card,2026-01,2,116.97,241.37,4,24,2,0,6,33.2,Low Risk,0,N/A
CUST-13167,Luminary Venture Analytics,Technology,Professional,2-Year,Credit Card,2025-09,1,425.73,426.7,18,33,0,0,1,33.2,Low Risk,1,Poor Onboarding Experience
CUST-13168,Meridian Venture Analytics,Financial Services,Professional,2-Year,Electronic Check,2025-10,8,512.71,4012.2,29,22,2,1,8,8.3,Low Risk,0,N/A
CUST-13169,Nova Venture Analytics,Education,Starter,1-Year,Bank Transfer,2026-05,1,146.76,147.42,7,78,3,1,8,6.3,Low Risk,0,N/A
CUST-13170,Omni Venture Analytics,Education,Professional,1-Year,Electronic Check,2025-04,10,533.93,5328.93,31,64,2,0,9,3.2,Low Risk,0,N/A
CUST-13171,Pinnacle Venture Analytics,Healthcare,Starter,Month-to-Month,Credit Card,2025-06,8,137.22,1118.21,6,32,3,0,6,41.3,Medium Risk,0,N/A
CUST-13172,Acro Venture Analytics,Financial Services,Enterprise,1-Year,Electronic Check,2026-02,1,1543.79,1553.01,96,90,2,1,6,6.3,Low Risk,0,N/A
CUST-13173,Boreal Venture Analytics,Education,Starter,1-Year,Bank Transfer,2025-07,12,146.42,1750.08,5,33,2,1,8,21.4,Low Risk,0,N/A
CUST-13174,Cortex Venture Analytics,Healthcare,Professional,Month-to-Month,Credit Card,2024-11,4,417.98,1730.46,18,84,0,0,9,4.3,Low Risk,0,N/A
CUST-13175,Equinox Venture Analytics,Technology,Professional,2-Year,Credit Card,2025-07,2,415.35,802.6,18,50,0,3,7,10.9,Low Risk,0,N/A
CUST-13176,Flux Venture Analytics,E-Commerce,Enterprise,1-Year,Electronic Check,2025-12,3,1907.52,5494.12,137,21,2,0,10,16.1,Low Risk,0,N/A
CUST-13177,Galactic Venture Analytics,Healthcare,Starter,Month-to-Month,Bank Transfer,2024-12,14,143.48,2070.17,6,97,3,5,7,15.4,Low Risk,0,N/A
CUST-13178,Helix Venture Analytics,Education,Starter,Month-to-Month,Credit Card,2024-11,1,165.29,160.69,8,70,1,2,9,13.6,Low Risk,0,N/A
CUST-13179,Infini Venture Analytics,Healthcare,Starter,Month-to-Month,Credit Card,2024-04,10,154.19,1597.5,5,77,1,5,9,6.6,Low Risk,0,N/A
CUST-13180,Krypton Venture Analytics,Financial Services,Starter,1-Year,Bank Transfer,2024-07,25,156.19,3770.52,8,52,0,2,10,1.9,Low Risk,0,N/A
CUST-13181,Matrix Venture Analytics,E-Commerce,Starter,1-Year,Credit Card,2024-04,12,116.68,1411.8,4,22,1,5,2,56.2,Medium Risk,1,Poor Onboarding Experience
CUST-13182,Neutron Venture Analytics,Healthcare,Professional,Month-to-Month,Bank Transfer,2024-04,4,534.59,2156.97,32,73,2,2,9,7.9,Low Risk,0,N/A
CUST-13183,Optima Venture Analytics,Education,Starter,Month-to-Month,Credit Card,2025-07,10,185.63,1792.33,10,64,2,1,6,18.2,Low Risk,0,N/A
CUST-13184,Prism Venture Analytics,Healthcare,Starter,Month-to-Month,Credit Card,2025-06,9,164.66,1482.5,9,54,2,1,8,18.2,Low Risk,0,N/A
CUST-13185,Radiant Venture Analytics,Financial Services,Professional,Month-to-Month,Credit Card,2025-01,18,420.19,7402.67,19,70,6,1,5,70.1,High Risk,1,Executive Leadership Turnover
CUST-13186,Solaris Venture Analytics,Technology,Professional,Month-to-Month,Credit Card,2024-11,19,410.27,8070.21,19,60,0,5,5,37.8,Medium Risk,0,N/A
CUST-13187,Titan Venture Analytics,E-Commerce,Professional,Month-to-Month,Electronic Check,2025-01,15,348.44,5093.85,9,81,5,0,7,28.9,Low Risk,0,N/A
CUST-13188,Zenith Venture Analytics,Financial Services,Professional,1-Year,Electronic Check,2026-02,1,401.8,394.68,17,97,0,0,9,3.1,Low Risk,0,N/A
CUST-13189,Strata Venture Analytics,Education,Starter,Month-to-Month,Credit Card,2025-09,4,137.62,565.0,4,75,6,0,5,70.1,High Risk,0,N/A
CUST-13190,Synapse Venture Analytics,Technology,Starter,1-Year,Credit Card,2025-07,13,182.45,2334.9,9,17,0,8,8,38.9,Medium Risk,1,Executive Leadership Turnover
CUST-13191,Vortex Venture Analytics,Manufacturing,Starter,Month-to-Month,Bank Transfer,2025-08,4,155.38,646.36,6,93,0,0,8,10.4,Low Risk,0,N/A
CUST-13192,Vector Venture Analytics,Education,Professional,1-Year,Credit Card,2026-03,5,327.78,1662.26,7,91,0,2,9,1.7,Low Risk,0,N/A
CUST-13193,Zenith Venture Analytics,Education,Professional,2-Year,Electronic Check,2024-10,3,553.79,1658.3,34,69,3,1,8,5.0,Low Risk,0,N/A
CUST-13194,Aegis Venture Analytics,E-Commerce,Professional,Month-to-Month,Bank Transfer,2026-05,2,531.33,1049.45,31,21,1,0,8,56.2,Medium Risk,0,N/A
CUST-13195,Orion Venture Analytics,Healthcare,Starter,1-Year,Credit Card,2025-10,10,97.92,944.63,1,56,2,0,10,3.2,Low Risk,0,N/A
CUST-13196,Apex Smart Analytics,Technology,Starter,Month-to-Month,Bank Transfer,2025-06,10,187.27,1937.11,9,70,0,0,6,21.4,Low Risk,0,N/A
CUST-13197,Vanguard Smart Analytics,E-Commerce,Starter,1-Year,Electronic Check,2026-04,2,118.85,244.56,2,38,6,0,8,40.1,Medium Risk,1,Competitor Migration
CUST-13198,Nexus Smart Analytics,E-Commerce,Starter,1-Year,Electronic Check,2025-03,16,155.63,2474.67,5,75,0,1,6,9.5,Low Risk,0,N/A
CUST-13199,Quantum Smart Analytics,Healthcare,Starter,Month-to-Month,Credit Card,2024-09,18,157.45,2915.2,6,38,0,1,1,40.1,Medium Risk,1,Executive Leadership Turnover
CUST-13200,Hyperion Smart Analytics,E-Commerce,Professional,1-Year,Credit Card,2024-04,7,384.25,2635.61,13,94,1,8,10,2.7,Low Risk,0,N/A
CUST-13201,Aura Smart Analytics,Healthcare,Professional,Month-to-Month,Credit Card,2024-04,15,306.65,4496.85,5,55,3,5,4,51.2,Medium Risk,0,N/A
CUST-13202,Catalyst Smart Analytics,Financial Services,Starter,Month-to-Month,Bank Transfer,2025-12,4,109.36,437.12,3,88,3,1,7,8.7,Low Risk,0,N/A
CUST-13203,Pulse Smart Analytics,Healthcare,Starter,Month-to-Month,Credit Card,2026-01,3,103.71,320.89,1,81,0,8,9,13.6,Low Risk,0,N/A
CUST-13204,Vertex Smart Analytics,Technology,Professional,Month-to-Month,Bank Transfer,2025-12,3,486.44,1453.69,26,81,1,0,5,29.9,Low Risk,0,N/A
CUST-13205,Starlight Smart Analytics,E-Commerce,Enterprise,Month-to-Month,Credit Card,2025-03,7,1251.05,8502.25,60,63,0,0,6,21.4,Low Risk,1,Executive Leadership Turnover
CUST-13206,Beacon Smart Analytics,Healthcare,Professional,Month-to-Month,Credit Card,2025-03,12,560.24,6695.58,34,17,0,1,9,25.0,Low Risk,0,N/A
CUST-13207,Cobalt Smart Analytics,Technology,Enterprise,1-Year,Electronic Check,2026-04,3,1385.74,4160.32,75,71,1,1,7,13.6,Low Risk,0,N/A
CUST-13208,Crest Smart Analytics,Education,Professional,Month-to-Month,Credit Card,2025-07,10,501.56,5155.73,28,83,1,1,9,3.6,Low Risk,0,N/A
CUST-13209,Elevation Smart Analytics,Healthcare,Professional,1-Year,Electronic Check,2026-02,2,466.23,924.28,22,34,2,3,10,26.9,Low Risk,0,N/A
CUST-13210,Frontier Smart Analytics,Financial Services,Professional,Month-to-Month,Credit Card,2026-02,4,497.23,1933.98,28,49,3,1,4,35.4,Medium Risk,1,Poor Onboarding Experience
CUST-13211,Horizon Smart Analytics,Healthcare,Starter,1-Year,Credit Card,2026-01,4,190.76,777.31,9,47,2,3,4,28.9,Low Risk,0,N/A
CUST-13212,Integra Smart Analytics,Technology,Starter,1-Year,Electronic Check,2025-01,2,104.66,206.64,1,70,1,3,5,42.6,Medium Risk,0,N/A
CUST-13213,Kinetic Smart Analytics,Technology,Enterprise,Month-to-Month,Bank Transfer,2025-01,5,1340.65,6695.07,71,89,1,3,1,31.0,Low Risk,0,N/A
CUST-13214,Luminary Smart Analytics,Financial Services,Professional,1-Year,Bank Transfer,2025-09,4,529.46,2161.15,30,96,0,1,6,4.3,Low Risk,0,N/A
CUST-13215,Meridian Smart Analytics,Healthcare,Starter,Month-to-Month,Bank Transfer,2024-05,7,113.03,811.65,1,55,0,1,8,21.4,Low Risk,0,N/A
CUST-13216,Nova Smart Analytics,Education,Enterprise,Month-to-Month,Bank Transfer,2026-05,1,1748.69,1777.23,118,73,0,2,4,55.0,Medium Risk,0,N/A
CUST-13217,Omni Smart Analytics,Technology,Starter,Month-to-Month,Bank Transfer,2025-06,11,157.9,1735.23,7,79,0,3,6,18.2,Low Risk,0,N/A
CUST-13218,Pinnacle Smart Analytics,Technology,Enterprise,1-Year,Credit Card,2025-04,14,1278.1,18201.31,64,42,3,3,5,28.9,Low Risk,0,N/A
CUST-13219,Acro Smart Analytics,Technology,Professional,Month-to-Month,Credit Card,2024-10,8,426.92,3418.81,21,20,2,30,8,87.0,High Risk,1,Poor Onboarding Experience
CUST-13220,Boreal Smart Analytics,Financial Services,Starter,1-Year,Bank Transfer,2026-02,5,161.25,831.45,9,75,0,0,3,20.6,Low Risk,0,N/A
CUST-13221,Cortex Smart Analytics,Technology,Starter,1-Year,Bank Transfer,2024-01,7,152.49,1034.41,7,22,0,0,4,45.0,Medium Risk,0,N/A
CUST-13222,Equinox Smart Analytics,Technology,Starter,Month-to-Month,Bank Transfer,2025-06,9,144.9,1274.75,4,26,3,1,8,41.3,Medium Risk,1,Poor Onboarding Experience
CUST-13223,Flux Smart Analytics,Financial Services,Starter,Month-to-Month,Electronic Check,2024-03,18,136.06,2354.76,6,87,0,2,5,22.3,Low Risk,0,N/A
CUST-13224,Galactic Smart Analytics,Technology,Professional,1-Year,Bank Transfer,2025-01,6,496.86,3089.67,26,34,0,2,3,45.0,Medium Risk,0,N/A
CUST-13225,Helix Smart Analytics,Healthcare,Starter,1-Year,Electronic Check,2026-03,5,188.34,933.23,10,54,0,5,8,16.8,Low Risk,0,N/A
CUST-13226,Infini Smart Analytics,Education,Starter,Month-to-Month,Bank Transfer,2025-04,6,141.25,878.41,7,19,1,0,2,63.4,Medium Risk,0,N/A
CUST-13227,Krypton Smart Analytics,Technology,Professional,1-Year,Electronic Check,2024-12,8,541.36,4303.58,31,45,5,1,3,47.5,Medium Risk,1,Competitor Migration
CUST-13228,Matrix Smart Analytics,Financial Services,Enterprise,1-Year,Bank Transfer,2024-04,16,976.43,16182.32,29,46,0,8,8,16.8,Low Risk,0,N/A
CUST-13229,Neutron Smart Analytics,Technology,Starter,Month-to-Month,Bank Transfer,2026-04,2,107.03,211.29,3,52,5,1,3,81.0,High Risk,0,N/A
CUST-13230,Optima Smart Analytics,Education,Professional,Month-to-Month,Bank Transfer,2026-02,4,411.31,1605.83,18,43,2,1,10,7.9,Low Risk,0,N/A
CUST-13231,Prism Smart Analytics,Manufacturing,Starter,Month-to-Month,Bank Transfer,2026-02,5,162.08,783.98,6,53,0,0,7,21.4,Low Risk,0,N/A
CUST-13232,Radiant Smart Analytics,Financial Services,Professional,Month-to-Month,Credit Card,2026-03,1,371.19,381.35,12,43,1,3,9,23.1,Low Risk,0,N/A
CUST-13233,Solaris Smart Analytics,Manufacturing,Professional,Month-to-Month,Electronic Check,2024-10,21,509.65,10292.74,28,35,0,1,9,4.7,Low Risk,0,N/A
CUST-13234,Titan Smart Analytics,Healthcare,Starter,Month-to-Month,Credit Card,2025-06,10,110.64,1129.91,2,15,1,0,8,41.3,Medium Risk,0,N/A
CUST-13235,Zenith Smart Analytics,Technology,Professional,2-Year,Credit Card,2024-06,13,378.2,5068.19,15,74,1,1,1,6.6,Low Risk,0,N/A
CUST-13236,Strata Smart Analytics,Education,Starter,2-Year,Credit Card,2024-10,7,129.58,916.96,3,92,2,1,7,1.2,Low Risk,0,N/A
CUST-13237,Synapse Smart Analytics,Education,Professional,Month-to-Month,Bank Transfer,2026-04,4,549.76,2151.1,35,25,3,5,7,57.4,Medium Risk,0,N/A
CUST-13238,Vortex Smart Analytics,E-Commerce,Starter,Month-to-Month,Bank Transfer,2025-11,8,126.09,973.57,5,29,2,2,7,41.3,Medium Risk,1,Competitor Migration
CUST-13239,Vector Smart Analytics,Financial Services,Starter,2-Year,Electronic Check,2024-02,5,143.93,708.42,6,95,1,0,7,1.2,Low Risk,0,N/A
CUST-13240,Zenith Smart Analytics,Healthcare,Enterprise,Month-to-Month,Electronic Check,2025-11,3,1838.89,5565.31,128,90,0,1,3,34.3,Low Risk,0,N/A
CUST-13241,Aegis Smart Analytics,Manufacturing,Professional,Month-to-Month,Credit Card,2024-09,14,340.64,4621.06,10,53,1,0,5,35.4,Medium Risk,1,Budget Reallocation / Price
CUST-13242,Orion Smart Analytics,Technology,Professional,Month-to-Month,Bank Transfer,2026-06,1,294.86,295.94,5,25,0,3,7,75.0,High Risk,1,Competitor Migration
CUST-13243,Apex Data Solutions,Manufacturing,Starter,Month-to-Month,Bank Transfer,2025-01,8,114.71,921.62,2,72,1,1,8,18.2,Low Risk,0,N/A
CUST-13244,Vanguard Data Solutions,E-Commerce,Starter,1-Year,Credit Card,2025-08,11,121.9,1304.82,4,28,0,8,9,19.8,Low Risk,0,N/A
CUST-13245,Nexus Data Solutions,Manufacturing,Professional,Month-to-Month,Bank Transfer,2026-02,1,501.65,500.83,26,63,0,0,7,33.2,Low Risk,0,N/A
CUST-13246,Quantum Data Solutions,Financial Services,Professional,Month-to-Month,Electronic Check,2025-06,5,522.45,2704.75,31,60,0,2,8,21.4,Low Risk,0,N/A
CUST-13247,Hyperion Data Solutions,Healthcare,Professional,1-Year,Bank Transfer,2025-03,1,543.77,537.0,31,89,1,0,7,6.3,Low Risk,1,Low User Adoption
CUST-13248,Aura Data Solutions,Financial Services,Professional,Month-to-Month,Electronic Check,2024-11,11,323.28,3567.89,8,33,0,0,10,25.0,Low Risk,0,N/A
CUST-13249,Catalyst Data Solutions,E-Commerce,Starter,1-Year,Bank Transfer,2026-03,5,169.62,855.21,10,82,0,1,7,4.3,Low Risk,0,N/A
CUST-13250,Pulse Data Solutions,Technology,Enterprise,2-Year,Credit Card,2026-05,1,1626.82,1564.16,106,84,0,0,8,2.7,Low Risk,0,N/A
CUST-13251,Vertex Data Solutions,Education,Professional,Month-to-Month,Bank Transfer,2025-11,2,432.74,891.87,20,89,3,0,1,29.9,Low Risk,1,Poor Onboarding Experience
CUST-13252,Starlight Data Solutions,Manufacturing,Professional,Month-to-Month,Electronic Check,2026-01,3,462.89,1442.92,24,59,4,0,9,40.1,Medium Risk,0,N/A
CUST-13253,Beacon Data Solutions,Technology,Enterprise,1-Year,Credit Card,2025-06,11,1442.34,16247.77,83,54,0,3,10,7.2,Low Risk,0,N/A
CUST-13254,Cobalt Data Solutions,E-Commerce,Professional,2-Year,Credit Card,2025-07,7,461.51,3350.31,24,38,2,0,8,2.8,Low Risk,0,N/A
CUST-13255,Crest Data Solutions,Healthcare,Professional,2-Year,Credit Card,2025-07,11,304.17,3241.27,6,20,0,1,6,10.0,Low Risk,0,N/A
CUST-13256,Elevation Data Solutions,Financial Services,Starter,Month-to-Month,Credit Card,2025-05,11,125.29,1399.71,4,44,0,2,7,21.4,Low Risk,0,N/A
CUST-13257,Frontier Data Solutions,Technology,Professional,2-Year,Electronic Check,2025-09,2,499.6,1028.43,28,89,0,3,4,11.4,Low Risk,0,N/A
CUST-13258,Horizon Data Solutions,E-Commerce,Professional,1-Year,Credit Card,2025-06,1,416.76,402.59,19,23,0,0,10,19.0,Low Risk,0,N/A
CUST-13259,Integra Data Solutions,Financial Services,Enterprise,1-Year,Credit Card,2024-05,14,1959.55,26391.6,143,30,0,3,6,38.9,Medium Risk,1,Competitor Migration
CUST-13260,Kinetic Data Solutions,Healthcare,Starter,1-Year,Bank Transfer,2024-12,10,173.85,1727.03,9,30,0,21,10,55.0,Medium Risk,0,N/A
CUST-13261,Luminary Data Solutions,Financial Services,Professional,Month-to-Month,Bank Transfer,2025-01,17,570.14,9867.74,34,83,0,0,7,10.4,Low Risk,0,N/A
CUST-13262,Meridian Data Solutions,Technology,Professional,1-Year,Bank Transfer,2024-07,2,477.29,984.37,25,30,0,2,7,37.8,Medium Risk,0,N/A
CUST-13263,Nova Data Solutions,E-Commerce,Starter,Month-to-Month,Bank Transfer,2025-10,5,140.34,689.42,7,23,1,2,8,41.3,Medium Risk,0,N/A
CUST-13264,Omni Data Solutions,E-Commerce,Enterprise,1-Year,Credit Card,2025-03,7,1307.95,8948.75,67,48,2,0,10,3.2,Low Risk,0,N/A
CUST-13265,Pinnacle Data Solutions,E-Commerce,Enterprise,Month-to-Month,Bank Transfer,2024-03,7,1068.17,7773.66,40,72,4,3,8,64.6,Medium Risk,1,Executive Leadership Turnover
CUST-13266,Acro Data Solutions,Financial Services,Starter,2-Year,Credit Card,2025-12,2,114.61,224.73,4,50,1,2,7,5.0,Low Risk,0,N/A
CUST-13267,Boreal Data Solutions,Healthcare,Professional,2-Year,Credit Card,2024-04,7,359.63,2544.73,11,44,4,1,4,23.1,Low Risk,0,N/A
CUST-13268,Cortex Data Solutions,Education,Professional,Month-to-Month,Electronic Check,2025-10,10,334.04,3230.4,8,38,1,1,5,35.4,Medium Risk,0,N/A
CUST-13269,Equinox Data Solutions,E-Commerce,Professional,Month-to-Month,Credit Card,2024-03,24,401.3,9484.63,18,75,2,1,1,20.6,Low Risk,0,N/A
CUST-13270,Flux Data Solutions,Technology,Professional,1-Year,Credit Card,2024-03,1,431.47,416.78,18,58,2,0,3,27.9,Low Risk,0,N/A
CUST-13271,Galactic Data Solutions,Manufacturing,Professional,1-Year,Credit Card,2025-06,6,364.05,2252.93,12,96,1,14,10,2.7,Low Risk,0,N/A
CUST-13272,Helix Data Solutions,Healthcare,Professional,Month-to-Month,Credit Card,2024-12,8,492.42,3828.63,25,90,0,5,7,18.2,Low Risk,0,N/A
CUST-13273,Infini Data Solutions,Healthcare,Starter,1-Year,Credit Card,2026-04,1,128.13,124.64,3,58,1,8,9,10.4,Low Risk,0,N/A
CUST-13274,Krypton Data Solutions,Technology,Enterprise,Month-to-Month,Credit Card,2024-09,13,1747.94,22834.76,119,77,0,0,8,10.4,Low Risk,1,Competitor Migration
CUST-13275,Matrix Data Solutions,Technology,Starter,2-Year,Electronic Check,2024-02,18,152.18,2701.93,8,40,2,0,8,2.8,Low Risk,0,N/A
CUST-13276,Neutron Data Solutions,Healthcare,Starter,2-Year,Credit Card,2024-03,16,167.56,2579.16,8,43,3,0,7,2.8,Low Risk,0,N/A
CUST-13277,Optima Data Solutions,E-Commerce,Enterprise,1-Year,Bank Transfer,2024-03,23,1318.39,30984.26,68,45,1,2,8,3.9,Low Risk,0,N/A
CUST-13278,Prism Data Solutions,Financial Services,Starter,Month-to-Month,Bank Transfer,2026-05,2,160.78,319.41,7,66,4,0,5,81.0,High Risk,1,Budget Reallocation / Price
CUST-13279,Radiant Data Solutions,Technology,Enterprise,Month-to-Month,Credit Card,2025-04,16,1995.03,31933.51,149,82,1,0,8,8.7,Low Risk,0,N/A
CUST-13280,Solaris Data Solutions,E-Commerce,Starter,Month-to-Month,Bank Transfer,2025-06,10,188.92,1854.24,9,36,0,2,10,9.5,Low Risk,1,Competitor Migration
CUST-13281,Titan Data Solutions,Financial Services,Starter,Month-to-Month,Credit Card,2024-05,4,160.64,645.41,6,76,3,0,6,8.7,Low Risk,0,N/A
CUST-13282,Zenith Data Solutions,Technology,Enterprise,2-Year,Credit Card,2025-02,7,1143.81,8211.28,47,35,1,0,9,1.1,Low Risk,0,N/A
CUST-13283,Strata Data Solutions,Technology,Starter,1-Year,Credit Card,2026-05,3,157.44,469.04,8,16,1,1,6,33.2,Low Risk,1,Low User Adoption
CUST-13284,Synapse Data Solutions,Technology,Professional,2-Year,Electronic Check,2026-04,2,458.19,882.09,23,94,2,2,5,5.2,Low Risk,0,N/A
CUST-13285,Vortex Data Solutions,Education,Professional,Month-to-Month,Electronic Check,2024-03,29,403.08,11575.26,16,66,1,1,6,9.5,Low Risk,0,N/A
CUST-13286,Vector Data Solutions,Education,Starter,1-Year,Credit Card,2025-10,1,131.54,128.49,2,58,1,5,6,23.1,Low Risk,0,N/A
CUST-13287,Zenith Data Solutions,Education,Professional,Month-to-Month,Credit Card,2024-01,25,573.33,14876.52,35,18,2,8,9,19.8,Low Risk,0,N/A
CUST-13288,Aegis Data Solutions,Education,Enterprise,Month-to-Month,Credit Card,2024-01,26,1635.28,42822.97,107,36,0,2,7,11.4,Low Risk,0,N/A
CUST-13289,Orion Data Solutions,Manufacturing,Starter,1-Year,Electronic Check,2025-01,15,122.56,1767.32,4,57,1,5,7,14.2,Low Risk,0,N/A
CUST-13290,Apex Cloud Solutions,Manufacturing,Starter,Month-to-Month,Bank Transfer,2025-05,9,120.63,1093.35,3,35,3,1,8,18.2,Low Risk,0,N/A
CUST-13291,Vanguard Cloud Solutions,E-Commerce,Professional,2-Year,Credit Card,2025-10,2,458.15,900.84,22,80,1,1,8,2.2,Low Risk,0,N/A
CUST-13292,Nexus Cloud Solutions,Technology,Starter,Month-to-Month,Bank Transfer,2024-04,5,147.32,710.47,4,64,0,2,5,40.1,Medium Risk,0,N/A
CUST-13293,Quantum Cloud Solutions,Healthcare,Starter,Month-to-Month,Credit Card,2024-10,10,172.79,1696.75,10,42,4,0,4,70.1,High Risk,0,N/A
CUST-13294,Hyperion Cloud Solutions,Education,Starter,1-Year,Electronic Check,2025-04,6,169.73,988.33,8,58,1,3,9,6.0,Low Risk,0,N/A
CUST-13295,Aura Cloud Solutions,Healthcare,Starter,Month-to-Month,Electronic Check,2024-07,15,147.44,2164.92,4,24,1,1,10,21.4,Low Risk,1,Missing Core Feature
CUST-13296,Catalyst Cloud Solutions,E-Commerce,Professional,Month-to-Month,Credit Card,2025-07,11,557.29,6179.96,35,97,0,0,10,4.3,Low Risk,0,N/A
CUST-13297,Pulse Cloud Solutions,E-Commerce,Starter,Month-to-Month,Bank Transfer,2025-03,4,118.13,488.49,2,31,0,2,6,46.3,Medium Risk,0,N/A
CUST-13298,Vertex Cloud Solutions,Manufacturing,Professional,2-Year,Bank Transfer,2026-06,1,551.07,539.41,33,63,3,1,8,5.0,Low Risk,0,N/A
CUST-13299,Starlight Cloud Solutions,E-Commerce,Starter,Month-to-Month,Electronic Check,2025-08,10,149.83,1466.17,5,65,1,0,9,7.9,Low Risk,0,N/A
CUST-13300,Beacon Cloud Solutions,Technology,Enterprise,1-Year,Bank Transfer,2024-02,24,1539.28,36843.61,96,94,0,0,6,2.1,Low Risk,0,N/A
CUST-13301,Cobalt Cloud Solutions,Healthcare,Professional,Month-to-Month,Bank Transfer,2024-05,16,412.82,6683.97,19,86,1,0,6,8.7,Low Risk,0,N/A
CUST-13302,Crest Cloud Solutions,Manufacturing,Professional,Month-to-Month,Bank Transfer,2025-08,4,528.92,2123.49,33,93,0,0,9,4.3,Low Risk,0,N/A
CUST-13303,Elevation Cloud Solutions,Manufacturing,Enterprise,Month-to-Month,Electronic Check,2025-08,12,956.49,11459.8,27,29,2,0,8,41.3,Medium Risk,1,Poor Onboarding Experience
CUST-13304,Frontier Cloud Solutions,Technology,Enterprise,Month-to-Month,Credit Card,2025-10,10,1921.54,19734.25,140,42,3,2,4,35.4,Medium Risk,1,Poor Onboarding Experience
CUST-13305,Horizon Cloud Solutions,E-Commerce,Professional,1-Year,Electronic Check,2024-03,25,392.56,9995.46,14,76,2,0,7,1.7,Low Risk,0,N/A
CUST-13306,Integra Cloud Solutions,Education,Professional,Month-to-Month,Bank Transfer,2024-08,18,439.39,7682.77,21,65,0,1,5,40.1,Medium Risk,0,N/A
CUST-13307,Kinetic Cloud Solutions,E-Commerce,Starter,Month-to-Month,Credit Card,2025-01,13,183.55,2333.65,10,61,3,0,7,18.2,Low Risk,1,Budget Reallocation / Price
CUST-13308,Luminary Cloud Solutions,Financial Services,Starter,2-Year,Credit Card,2024-10,4,143.1,579.37,4,31,0,1,4,21.4,Low Risk,0,N/A
CUST-13309,Meridian Cloud Solutions,Technology,Professional,Month-to-Month,Bank Transfer,2025-05,3,537.09,1592.62,32,83,0,0,8,17.5,Low Risk,1,Missing Core Feature
CUST-13310,Nova Cloud Solutions,E-Commerce,Starter,Month-to-Month,Credit Card,2025-02,2,145.15,281.78,5,19,4,2,9,67.9,High Risk,1,Budget Reallocation / Price
CUST-13311,Omni Cloud Solutions,Financial Services,Starter,Month-to-Month,Bank Transfer,2025-03,11,154.23,1685.3,5,80,2,2,4,19.0,Low Risk,0,N/A
CUST-13312,Pinnacle Cloud Solutions,Technology,Professional,1-Year,Credit Card,2026-03,5,348.31,1789.12,10,40,3,0,9,3.2,Low Risk,0,N/A
CUST-13313,Acro Cloud Solutions,Financial Services,Enterprise,Month-to-Month,Credit Card,2025-03,13,934.78,12525.68,25,63,0,5,8,34.3,Low Risk,0,N/A
CUST-13314,Boreal Cloud Solutions,Education,Professional,Month-to-Month,Bank Transfer,2024-03,18,323.1,5697.49,6,54,0,2,9,9.5,Low Risk,0,N/A
CUST-13315,Cortex Cloud Solutions,Healthcare,Professional,Month-to-Month,Credit Card,2025-02,12,411.42,4763.87,16,61,0,3,4,56.2,Medium Risk,0,N/A
CUST-13316,Equinox Cloud Solutions,Manufacturing,Starter,Month-to-Month,Bank Transfer,2025-10,1,155.92,161.98,7,24,3,14,8,71.1,High Risk,1,Executive Leadership Turnover
CUST-13317,Flux Cloud Solutions,Manufacturing,Starter,1-Year,Electronic Check,2024-11,9,146.79,1372.42,5,38,0,3,9,7.2,Low Risk,0,N/A
CUST-13318,Galactic Cloud Solutions,Education,Enterprise,2-Year,Bank Transfer,2026-01,2,906.38,1775.76,20,79,0,3,9,2.0,Low Risk,0,N/A
CUST-13319,Helix Cloud Solutions,Financial Services,Professional,1-Year,Credit Card,2025-12,3,431.54,1248.2,19,17,1,5,9,26.9,Low Risk,1,Budget Reallocation / Price
CUST-13320,Infini Cloud Solutions,Financial Services,Professional,Month-to-Month,Credit Card,2024-05,2,400.91,830.48,15,66,1,2,8,28.9,Low Risk,1,Low User Adoption
CUST-13321,Krypton Cloud Solutions,Education,Starter,1-Year,Bank Transfer,2024-08,1,181.4,185.23,10,44,0,1,7,16.1,Low Risk,0,N/A
CUST-13322,Matrix Cloud Solutions,Financial Services,Starter,1-Year,Bank Transfer,2024-01,2,125.15,247.39,3,89,6,3,8,35.4,Medium Risk,1,Low User Adoption
CUST-13323,Neutron Cloud Solutions,Technology,Enterprise,2-Year,Bank Transfer,2024-07,19,1977.0,37961.02,147,18,3,0,6,4.1,Low Risk,0,N/A
CUST-13324,Optima Cloud Solutions,Healthcare,Professional,Month-to-Month,Electronic Check,2025-10,6,362.3,2112.53,10,62,2,14,8,29.9,Low Risk,0,N/A
CUST-13325,Prism Cloud Solutions,Manufacturing,Starter,1-Year,Credit Card,2025-03,8,161.5,1243.37,8,44,1,2,9,3.2,Low Risk,0,N/A
CUST-13326,Radiant Cloud Solutions,Education,Starter,Month-to-Month,Credit Card,2025-03,17,174.66,2984.87,9,38,2,1,9,7.9,Low Risk,0,N/A
CUST-13327,Solaris Cloud Solutions,E-Commerce,Starter,Month-to-Month,Bank Transfer,2025-10,2,165.48,340.42,9,86,1,1,7,14.8,Low Risk,0,N/A
CUST-13328,Titan Cloud Solutions,Education,Professional,1-Year,Credit Card,2026-03,4,417.46,1653.43,17,52,0,1,8,9.5,Low Risk,0,N/A
CUST-13329,Zenith Cloud Solutions,E-Commerce,Starter,Month-to-Month,Electronic Check,2026-02,5,146.43,735.21,4,72,1,1,6,18.2,Low Risk,0,N/A
CUST-13330,Strata Cloud Solutions,Technology,Professional,2-Year,Credit Card,2024-05,2,314.5,653.2,6,47,1,8,9,3.7,Low Risk,0,N/A
CUST-13331,Synapse Cloud Solutions,Healthcare,Professional,Month-to-Month,Credit Card,2025-04,16,472.96,7763.93,25,39,1,0,6,18.2,Low Risk,0,N/A
CUST-13332,Vortex Cloud Solutions,Financial Services,Starter,Month-to-Month,Credit Card,2026-06,1,156.74,158.12,8,30,0,0,5,79.4,High Risk,1,Competitor Migration
CUST-13333,Vector Cloud Solutions,Education,Starter,1-Year,Electronic Check,2026-05,2,161.64,322.85,7,25,5,3,7,80.2,High Risk,1,Budget Reallocation / Price
CUST-13334,Zenith Cloud Solutions,Technology,Professional,Month-to-Month,Bank Transfer,2024-12,5,449.7,2293.67,23,18,1,0,8,41.3,Medium Risk,0,N/A
CUST-13335,Aegis Cloud Solutions,Technology,Professional,Month-to-Month,Electronic Check,2024-08,6,331.78,1958.07,7,26,0,30,10,76.0,High Risk,1,Poor Onboarding Experience
CUST-13336,Orion Cloud Solutions,Education,Starter,Month-to-Month,Electronic Check,2025-06,7,164.9,1144.86,7,18,3,0,9,21.4,Low Risk,0,N/A
CUST-13337,Apex Digital Solutions,Healthcare,Starter,1-Year,Electronic Check,2025-04,4,136.37,534.0,5,19,1,3,2,56.2,Medium Risk,1,Executive Leadership Turnover
CUST-13338,Vanguard Digital Solutions,E-Commerce,Professional,Month-to-Month,Bank Transfer,2024-04,2,548.65,1107.89,33,22,1,5,1,85.8,High Risk,1,Poor Onboarding Experience
CUST-13339,Nexus Digital Solutions,Manufacturing,Professional,Month-to-Month,Bank Transfer,2024-12,13,488.17,6412.11,28,49,1,5,7,29.9,Low Risk,0,N/A
CUST-13340,Quantum Digital Solutions,E-Commerce,Professional,2-Year,Electronic Check,2024-08,13,428.74,5761.49,19,95,1,3,8,2.3,Low Risk,0,N/A
CUST-13341,Hyperion Digital Solutions,E-Commerce,Enterprise,Month-to-Month,Credit Card,2025-08,12,1096.67,13190.84,41,94,1,2,8,8.7,Low Risk,0,N/A
CUST-13342,Aura Digital Solutions,Manufacturing,Professional,Month-to-Month,Bank Transfer,2024-01,10,402.01,4122.32,17,55,3,0,9,7.9,Low Risk,1,Low User Adoption
CUST-13343,Catalyst Digital Solutions,Healthcare,Starter,Month-to-Month,Bank Transfer,2026-01,4,178.2,719.42,8,59,0,1,5,40.1,Medium Risk,0,N/A
CUST-13344,Pulse Digital Solutions,Financial Services,Professional,Month-to-Month,Bank Transfer,2024-03,4,339.2,1323.42,7,75,3,0,10,7.9,Low Risk,0,N/A
CUST-13345,Vertex Digital Solutions,Financial Services,Professional,2-Year,Electronic Check,2024-08,22,322.61,7238.62,7,46,3,1,9,0.5,Low Risk,0,N/A
CUST-13346,Starlight Digital Solutions,Financial Services,Professional,2-Year,Bank Transfer,2026-05,3,538.48,1598.3,31,80,2,8,3,9.5,Low Risk,0,N/A
CUST-13347,Beacon Digital Solutions,Technology,Starter,2-Year,Credit Card,2026-01,4,116.6,467.02,4,76,0,0,7,1.5,Low Risk,0,N/A
CUST-13348,Cobalt Digital Solutions,Technology,Professional,2-Year,Credit Card,2025-03,14,530.32,7414.97,33,69,5,8,4,36.6,Medium Risk,1,Poor Onboarding Experience
CUST-13349,Crest Digital Solutions,Education,Professional,1-Year,Electronic Check,2025-06,7,306.44,2076.58,7,82,1,0,10,1.4,Low Risk,0,N/A
CUST-13350,Elevation Digital Solutions,E-Commerce,Enterprise,1-Year,Credit Card,2025-07,6,1676.12,10011.87,109,39,1,0,5,17.5,Low Risk,1,Poor Onboarding Experience
CUST-13351,Frontier Digital Solutions,E-Commerce,Professional,1-Year,Credit Card,2026-02,2,529.94,1078.97,31,88,1,1,9,2.5,Low Risk,0,N/A
CUST-13352,Horizon Digital Solutions,Education,Professional,1-Year,Bank Transfer,2025-10,1,484.31,489.97,26,93,1,2,2,14.2,Low Risk,0,N/A
CUST-13353,Integra Digital Solutions,Technology,Starter,2-Year,Credit Card,2025-09,4,119.23,470.69,2,33,0,2,7,10.0,Low Risk,0,N/A
CUST-13354,Kinetic Digital Solutions,Manufacturing,Professional,1-Year,Credit Card,2025-11,6,479.2,2781.27,27,95,3,0,9,1.4,Low Risk,0,N/A
CUST-13355,Luminary Digital Solutions,Healthcare,Enterprise,Month-to-Month,Credit Card,2024-03,11,938.2,10708.55,24,67,1,2,9,7.9,Low Risk,0,N/A
CUST-13356,Meridian Digital Solutions,Manufacturing,Professional,1-Year,Bank Transfer,2026-06,1,415.46,400.88,16,50,3,0,5,27.9,Low Risk,0,N/A
CUST-13357,Nova Digital Solutions,Manufacturing,Professional,1-Year,Electronic Check,2024-10,16,472.51,7345.0,24,33,0,3,3,61.1,Medium Risk,1,Poor Onboarding Experience
CUST-13358,Omni Digital Solutions,Manufacturing,Professional,1-Year,Bank Transfer,2024-10,5,373.95,1873.11,14,92,1,0,7,3.6,Low Risk,0,N/A
CUST-13359,Pinnacle Digital Solutions,Technology,Professional,1-Year,Bank Transfer,2025-02,6,566.34,3476.77,35,86,2,0,6,3.6,Low Risk,0,N/A
CUST-13360,Acro Digital Solutions,E-Commerce,Starter,Month-to-Month,Electronic Check,2024-06,11,180.2,1976.64,8,81,0,2,10,4.3,Low Risk,0,N/A
CUST-13361,Boreal Digital Solutions,E-Commerce,Starter,Month-to-Month,Credit Card,2026-04,3,97.96,289.26,1,48,4,1,6,63.4,Medium Risk,1,Competitor Migration
CUST-13362,Cortex Digital Solutions,Manufacturing,Professional,1-Year,Credit Card,2024-06,3,513.09,1495.38,30,76,1,1,5,14.2,Low Risk,0,N/A
CUST-13363,Equinox Digital Solutions,Manufacturing,Starter,Month-to-Month,Credit Card,2024-11,1,145.48,147.92,5,95,0,5,7,28.9,Low Risk,0,N/A
CUST-13364,Flux Digital Solutions,Technology,Professional,Month-to-Month,Bank Transfer,2024-08,18,410.43,7231.04,18,46,0,1,2,40.1,Medium Risk,0,N/A
CUST-13365,Galactic Digital Solutions,Financial Services,Professional,2-Year,Credit Card,2026-06,2,439.68,852.54,22,61,0,5,9,4.5,Low Risk,0,N/A
CUST-13366,Helix Digital Solutions,Technology,Professional,Month-to-Month,Bank Transfer,2025-02,12,539.76,6517.9,33,54,1,5,3,51.2,Medium Risk,0,N/A
CUST-13367,Infini Digital Solutions,Technology,Starter,1-Year,Electronic Check,2025-07,11,107.75,1227.03,2,25,1,5,7,34.3,Low Risk,0,N/A
CUST-13368,Krypton Digital Solutions,Financial Services,Professional,2-Year,Bank Transfer,2024-04,5,385.1,1864.67,14,73,1,0,7,2.8,Low Risk,0,N/A
CUST-13369,Matrix Digital Solutions,Financial Services,Starter,Month-to-Month,Electronic Check,2024-01,27,191.85,5363.87,9,90,0,1,6,5.2,Low Risk,0,N/A
CUST-13370,Neutron Digital Solutions,Technology,Enterprise,Month-to-Month,Electronic Check,2026-05,3,912.0,2683.78,20,91,2,0,8,14.8,Low Risk,0,N/A
CUST-13371,Optima Digital Solutions,Technology,Professional,1-Year,Bank Transfer,2024-05,23,506.62,11782.72,29,87,0,1,6,2.1,Low Risk,0,N/A
CUST-13372,Prism Digital Solutions,Manufacturing,Professional,2-Year,Bank Transfer,2026-05,2,341.36,675.35,9,55,1,45,2,55.0,Medium Risk,1,Missing Core Feature
CUST-13373,Radiant Digital Solutions,Manufacturing,Starter,1-Year,Credit Card,2024-01,23,127.71,2948.18,2,46,0,1,5,10.9,Low Risk,0,N/A
CUST-13374,Solaris Digital Solutions,E-Commerce,Enterprise,1-Year,Credit Card,2025-09,3,1948.04,5639.59,142,21,4,45,1,98.0,High Risk,1,Low User Adoption
CUST-13375,Titan Digital Solutions,E-Commerce,Professional,Month-to-Month,Credit Card,2025-03,13,364.38,4918.03,10,97,1,0,6,8.7,Low Risk,0,N/A
CUST-13376,Zenith Digital Solutions,Technology,Enterprise,1-Year,Credit Card,2024-05,15,1032.09,15913.45,35,32,1,0,9,9.5,Low Risk,0,N/A
CUST-13377,Strata Digital Solutions,Healthcare,Professional,Month-to-Month,Electronic Check,2024-10,19,407.08,7819.16,18,36,2,1,8,9.5,Low Risk,0,N/A
CUST-13378,Synapse Digital Solutions,Manufacturing,Professional,Month-to-Month,Credit Card,2024-02,20,468.43,9630.31,25,33,2,3,10,19.8,Low Risk,0,N/A
CUST-13379,Vortex Digital Solutions,Manufacturing,Starter,1-Year,Bank Transfer,2025-09,4,137.23,553.31,3,97,1,2,9,1.4,Low Risk,0,N/A
CUST-13380,Vector Digital Solutions,Financial Services,Starter,Month-to-Month,Credit Card,2024-05,19,174.09,3434.91,9,67,0,3,8,19.8,Low Risk,0,N/A
CUST-13381,Zenith Digital Solutions,Education,Enterprise,Month-to-Month,Bank Transfer,2025-10,3,1537.26,4679.01,96,98,0,1,9,7.6,Low Risk,0,N/A
CUST-13382,Aegis Digital Solutions,Education,Starter,2-Year,Bank Transfer,2024-03,18,161.28,2968.81,6,93,5,1,4,11.4,Low Risk,0,N/A
CUST-13383,Orion Digital Solutions,Financial Services,Professional,Month-to-Month,Electronic Check,2025-07,3,425.97,1282.01,20,68,0,8,7,48.8,Medium Risk,1,Executive Leadership Turnover
CUST-13384,Apex Bio Solutions,Technology,Enterprise,2-Year,Electronic Check,2025-06,11,1982.99,21438.1,146,17,1,5,3,29.9,Low Risk,0,N/A
CUST-13385,Vanguard Bio Solutions,Healthcare,Enterprise,1-Year,Credit Card,2025-08,3,1601.62,4857.26,102,57,0,5,8,26.9,Low Risk,0,N/A
CUST-13386,Nexus Bio Solutions,Manufacturing,Starter,1-Year,Credit Card,2024-01,4,166.4,684.62,9,58,2,2,4,17.5,Low Risk,0,N/A
CUST-13387,Quantum Bio Solutions,Financial Services,Professional,2-Year,Bank Transfer,2025-04,2,387.22,767.82,14,15,0,8,3,48.8,Medium Risk,0,N/A
CUST-13388,Hyperion Bio Solutions,Education,Professional,Month-to-Month,Credit Card,2025-08,6,333.79,2000.24,9,75,2,8,9,14.2,Low Risk,0,N/A
CUST-13389,Aura Bio Solutions,E-Commerce,Starter,Month-to-Month,Bank Transfer,2024-05,22,122.04,2589.68,1,83,1,14,3,17.5,Low Risk,0,N/A
CUST-13390,Catalyst Bio Solutions,Education,Professional,1-Year,Bank Transfer,2026-01,6,408.24,2381.64,18,25,1,5,9,16.8,Low Risk,1,Executive Leadership Turnover
CUST-13391,Pulse Bio Solutions,Healthcare,Starter,Month-to-Month,Bank Transfer,2026-01,4,182.19,721.66,10,86,2,3,10,6.6,Low Risk,0,N/A
CUST-13392,Vertex Bio Solutions,E-Commerce,Starter,Month-to-Month,Credit Card,2024-11,13,143.65,1940.02,6,84,1,3,7,15.4,Low Risk,0,N/A
CUST-13393,Starlight Bio Solutions,Manufacturing,Professional,Month-to-Month,Electronic Check,2025-04,4,354.52,1434.08,10,43,0,0,6,21.4,Low Risk,0,N/A
CUST-13394,Beacon Bio Solutions,Financial Services,Enterprise,1-Year,Bank Transfer,2025-07,5,1417.5,7194.91,81,96,1,1,6,3.6,Low Risk,1,Missing Core Feature
CUST-13395,Cobalt Bio Solutions,Financial Services,Starter,Month-to-Month,Credit Card,2025-04,2,154.82,311.88,6,69,1,1,3,50.0,Medium Risk,1,Missing Core Feature
CUST-13396,Crest Bio Solutions,Education,Starter,2-Year,Credit Card,2025-08,6,179.57,1091.66,9,56,1,0,8,2.8,Low Risk,0,N/A
CUST-13397,Elevation Bio Solutions,Healthcare,Enterprise,1-Year,Credit Card,2026-04,4,1222.11,4865.56,58,26,0,0,3,45.0,Medium Risk,0,N/A
CUST-13398,Frontier Bio Solutions,E-Commerce,Starter,1-Year,Credit Card,2024-01,28,127.77,3498.38,4,90,1,2,7,1.7,Low Risk,0,N/A
CUST-13399,Horizon Bio Solutions,E-Commerce,Professional,2-Year,Bank Transfer,2025-09,5,373.46,1868.14,13,76,1,14,7,2.3,Low Risk,0,N/A
CUST-13400,Integra Bio Solutions,Technology,Starter,Month-to-Month,Credit Card,2025-03,13,122.02,1546.8,2,54,5,1,8,48.8,Medium Risk,0,N/A
CUST-13401,Kinetic Bio Solutions,Manufacturing,Professional,Month-to-Month,Credit Card,2026-03,5,379.69,1842.89,15,19,1,0,6,41.3,Medium Risk,0,N/A
CUST-13402,Luminary Bio Solutions,E-Commerce,Starter,Month-to-Month,Bank Transfer,2026-06,2,155.89,313.61,6,58,1,1,10,13.6,Low Risk,0,N/A
CUST-13403,Meridian Bio Solutions,Financial Services,Professional,Month-to-Month,Credit Card,2024-08,2,513.29,1042.59,31,78,1,1,5,29.9,Low Risk,0,N/A
CUST-13404,Nova Bio Solutions,Healthcare,Starter,1-Year,Credit Card,2024-09,11,126.82,1345.45,5,89,2,0,9,1.4,Low Risk,0,N/A
CUST-13405,Omni Bio Solutions,Education,Starter,Month-to-Month,Electronic Check,2026-01,4,142.67,589.42,6,37,3,1,9,7.9,Low Risk,0,N/A
CUST-13406,Pinnacle Bio Solutions,Financial Services,Professional,Month-to-Month,Credit Card,2024-02,5,453.76,2313.02,21,41,0,0,9,9.5,Low Risk,1,Low User Adoption
CUST-13407,Acro Bio Solutions,Technology,Enterprise,2-Year,Credit Card,2026-03,3,916.34,2858.93,20,50,0,0,7,6.0,Low Risk,0,N/A
CUST-13408,Boreal Bio Solutions,Education,Starter,Month-to-Month,Bank Transfer,2025-11,7,123.1,883.18,4,96,0,5,8,18.2,Low Risk,0,N/A
CUST-13409,Cortex Bio Solutions,Financial Services,Starter,2-Year,Bank Transfer,2025-09,4,156.74,621.01,6,59,3,0,4,6.6,Low Risk,0,N/A
CUST-13410,Equinox Bio Solutions,Manufacturing,Starter,1-Year,Bank Transfer,2024-12,6,148.56,873.23,5,64,0,8,4,33.2,Low Risk,0,N/A
CUST-13411,Flux Bio Solutions,Financial Services,Professional,Month-to-Month,Electronic Check,2026-06,2,353.7,713.78,9,45,0,1,3,55.0,Medium Risk,1,Competitor Migration
CUST-13412,Galactic Bio Solutions,Technology,Starter,Month-to-Month,Credit Card,2025-09,3,188.95,580.21,9,40,0,1,2,55.0,Medium Risk,1,Low User Adoption
CUST-13413,Helix Bio Solutions,Education,Starter,Month-to-Month,Bank Transfer,2024-12,19,144.31,2766.57,6,86,0,3,8,9.5,Low Risk,0,N/A
CUST-13414,Infini Bio Solutions,E-Commerce,Starter,Month-to-Month,Electronic Check,2025-11,6,160.29,963.63,7,77,2,0,9,3.6,Low Risk,0,N/A
CUST-13415,Krypton Bio Solutions,E-Commerce,Professional,Month-to-Month,Credit Card,2025-07,11,518.43,5521.42,28,51,0,0,9,9.5,Low Risk,0,N/A
CUST-13416,Matrix Bio Solutions,Financial Services,Starter,Month-to-Month,Credit Card,2025-05,10,163.78,1694.57,7,93,1,3,8,15.4,Low Risk,0,N/A
CUST-13417,Neutron Bio Solutions,Manufacturing,Professional,1-Year,Bank Transfer,2024-06,10,527.71,5093.07,30,38,0,0,2,20.6,Low Risk,0,N/A
CUST-13418,Optima Bio Solutions,Technology,Enterprise,Month-to-Month,Electronic Check,2025-12,7,1845.34,13224.27,129,46,1,0,8,18.2,Low Risk,0,N/A
CUST-13419,Prism Bio Solutions,Technology,Enterprise,2-Year,Bank Transfer,2025-01,4,1232.67,5094.84,57,32,3,0,8,8.3,Low Risk,0,N/A
CUST-13420,Radiant Bio Solutions,Technology,Starter,2-Year,Bank Transfer,2024-05,9,128.26,1120.31,3,91,0,0,1,3.6,Low Risk,0,N/A
CUST-13421,Solaris Bio Solutions,Education,Starter,Month-to-Month,Credit Card,2025-08,3,92.38,280.26,1,84,2,0,8,14.8,Low Risk,0,N/A
CUST-13422,Titan Bio Solutions,E-Commerce,Professional,Month-to-Month,Credit Card,2025-08,6,508.62,2998.18,27,63,0,14,10,16.8,Low Risk,0,N/A
CUST-13423,Zenith Bio Solutions,Education,Professional,Month-to-Month,Credit Card,2024-02,29,371.28,10836.05,13,83,2,8,8,7.9,Low Risk,0,N/A
CUST-13424,Strata Bio Solutions,Financial Services,Starter,Month-to-Month,Bank Transfer,2025-09,8,129.18,996.63,2,20,1,1,9,21.4,Low Risk,0,N/A
CUST-13425,Synapse Bio Solutions,E-Commerce,Enterprise,Month-to-Month,Credit Card,2025-12,2,1177.75,2372.03,51,68,0,3,9,26.9,Low Risk,1,Competitor Migration
CUST-13426,Vortex Bio Solutions,Financial Services,Starter,1-Year,Credit Card,2026-04,4,188.9,755.75,10,40,1,3,8,14.2,Low Risk,0,N/A
CUST-13427,Vector Bio Solutions,Technology,Starter,Month-to-Month,Electronic Check,2025-05,14,126.79,1729.14,3,43,0,3,3,56.2,Medium Risk,1,Budget Reallocation / Price
CUST-13428,Zenith Bio Solutions,Healthcare,Starter,Month-to-Month,Credit Card,2024-01,25,200.3,5158.71,10,89,3,0,10,1.7,Low Risk,0,N/A
CUST-13429,Aegis Bio Solutions,Education,Starter,Month-to-Month,Bank Transfer,2024-06,6,133.48,770.53,5,90,6,0,7,28.9,Low Risk,0,N/A
CUST-13430,Orion Bio Solutions,Education,Enterprise,Month-to-Month,Electronic Check,2025-09,6,1385.13,8109.07,76,19,0,8,8,62.2,Medium Risk,1,Competitor Migration
CUST-13431,Apex Cyber Solutions,E-Commerce,Starter,2-Year,Credit Card,2026-02,2,163.81,335.16,6,41,2,1,8,5.0,Low Risk,0,N/A
CUST-13432,Vanguard Cyber Solutions,Technology,Professional,Month-to-Month,Bank Transfer,2024-02,19,533.92,9786.74,30,96,2,1,7,4.3,Low Risk,0,N/A
CUST-13433,Nexus Cyber Solutions,Education,Enterprise,Month-to-Month,Bank Transfer,2025-12,6,1665.3,9648.11,108,39,0,1,8,21.4,Low Risk,0,N/A
CUST-13434,Quantum Cyber Solutions,E-Commerce,Professional,Month-to-Month,Credit Card,2024-10,15,383.1,5631.39,14,95,2,0,8,8.7,Low Risk,0,N/A
CUST-13435,Hyperion Cyber Solutions,Financial Services,Enterprise,Month-to-Month,Credit Card,2025-01,5,1743.93,8603.11,117,32,1,14,10,34.3,Low Risk,1,Competitor Migration
CUST-13436,Aura Cyber Solutions,Healthcare,Professional,1-Year,Credit Card,2026-05,3,410.6,1218.79,16,28,2,3,2,70.1,High Risk,0,N/A
CUST-13437,Catalyst Cyber Solutions,Education,Professional,Month-to-Month,Credit Card,2025-02,15,469.61,7228.65,25,68,3,1,9,7.9,Low Risk,0,N/A
CUST-13438,Pulse Cyber Solutions,Technology,Professional,Month-to-Month,Bank Transfer,2025-02,9,456.08,3991.72,23,36,3,5,6,29.9,Low Risk,1,Executive Leadership Turnover
CUST-13439,Vertex Cyber Solutions,E-Commerce,Starter,Month-to-Month,Bank Transfer,2024-08,10,119.41,1166.18,4,22,2,8,9,34.3,Low Risk,0,N/A
CUST-13440,Starlight Cyber Solutions,Technology,Starter,Month-to-Month,Credit Card,2024-11,14,129.65,1795.52,5,83,0,8,8,18.2,Low Risk,0,N/A
CUST-13441,Beacon Cyber Solutions,Education,Enterprise,Month-to-Month,Electronic Check,2024-06,24,1076.66,25705.2,39,66,0,1,7,11.4,Low Risk,0,N/A
CUST-13442,Cobalt Cyber Solutions,Education,Professional,Month-to-Month,Credit Card,2026-06,1,401.17,386.4,17,19,1,2,1,76.0,High Risk,1,Executive Leadership Turnover
CUST-13443,Crest Cyber Solutions,Technology,Professional,2-Year,Electronic Check,2025-05,13,319.23,4021.33,8,16,1,2,6,8.3,Low Risk,0,N/A
CUST-13444,Elevation Cyber Solutions,Manufacturing,Professional,Month-to-Month,Bank Transfer,2025-07,2,496.52,1007.95,27,21,2,3,2,85.8,High Risk,1,Competitor Migration
CUST-13445,Frontier Cyber Solutions,Education,Enterprise,Month-to-Month,Bank Transfer,2025-07,10,1558.61,15069.39,95,41,0,14,6,34.3,Low Risk,0,N/A
CUST-13446,Horizon Cyber Solutions,Technology,Starter,Month-to-Month,Electronic Check,2024-03,1,112.49,112.61,1,59,1,0,3,50.0,Medium Risk,0,N/A
CUST-13447,Integra Cyber Solutions,Manufacturing,Starter,1-Year,Credit Card,2026-02,3,154.53,447.72,7,97,0,0,7,7.6,Low Risk,0,N/A
CUST-13448,Kinetic Cyber Solutions,E-Commerce,Starter,1-Year,Electronic Check,2025-04,2,135.72,263.24,6,34,0,3,7,53.7,Medium Risk,1,Budget Reallocation / Price
CUST-13449,Luminary Cyber Solutions,Technology,Enterprise,1-Year,Electronic Check,2024-09,7,1838.6,13347.41,131,62,1,0,2,17.5,Low Risk,1,Poor Onboarding Experience
CUST-13450,Meridian Cyber Solutions,Technology,Professional,Month-to-Month,Electronic Check,2024-12,7,568.41,3879.2,35,30,3,0,5,63.4,Medium Risk,0,N/A
CUST-13451,Nova Cyber Solutions,Technology,Professional,Month-to-Month,Electronic Check,2024-11,6,399.68,2444.06,15,53,4,1,7,48.8,Medium Risk,0,N/A
CUST-13452,Omni Cyber Solutions,E-Commerce,Professional,2-Year,Electronic Check,2025-02,2,334.12,672.25,9,27,2,8,8,24.0,Low Risk,0,N/A
CUST-13453,Pinnacle Cyber Solutions,Technology,Enterprise,1-Year,Bank Transfer,2024-02,1,1134.54,1145.82,45,91,1,1,4,14.2,Low Risk,0,N/A
CUST-13454,Acro Cyber Solutions,Education,Starter,1-Year,Credit Card,2024-06,17,170.25,2915.36,10,81,1,8,8,6.6,Low Risk,0,N/A
CUST-13455,Boreal Cyber Solutions,Financial Services,Professional,1-Year,Bank Transfer,2024-11,2,513.96,1022.45,30,34,1,0,4,55.0,Medium Risk,1,Executive Leadership Turnover
CUST-13456,Cortex Cyber Solutions,Manufacturing,Enterprise,Month-to-Month,Electronic Check,2024-02,11,1863.8,19925.15,131,23,5,0,8,75.0,High Risk,1,Poor Onboarding Experience
CUST-13457,Equinox Cyber Solutions,Financial Services,Starter,Month-to-Month,Credit Card,2025-10,7,157.24,1135.09,7,73,1,0,7,18.2,Low Risk,0,N/A
CUST-13458,Flux Cyber Solutions,Financial Services,Enterprise,Month-to-Month,Credit Card,2025-11,4,1998.34,7708.64,148,39,2,0,6,18.2,Low Risk,0,N/A
CUST-13459,Galactic Cyber Solutions,Healthcare,Professional,Month-to-Month,Credit Card,2025-09,3,516.63,1607.81,30,17,0,5,9,53.7,Medium Risk,0,N/A
CUST-13460,Helix Cyber Solutions,Education,Starter,1-Year,Credit Card,2026-05,3,119.35,371.73,3,86,4,1,8,22.3,Low Risk,0,N/A
CUST-13461,Infini Cyber Solutions,Technology,Professional,1-Year,Credit Card,2024-06,22,312.57,7018.15,5,98,2,45,7,14.2,Low Risk,0,N/A
CUST-13462,Krypton Cyber Solutions,Technology,Professional,1-Year,Bank Transfer,2025-07,10,407.5,4237.14,18,97,5,0,7,13.6,Low Risk,0,N/A
CUST-13463,Matrix Cyber Solutions,E-Commerce,Starter,Month-to-Month,Bank Transfer,2024-02,11,143.9,1543.24,6,21,2,0,5,63.4,Medium Risk,1,Low User Adoption
CUST-13464,Neutron Cyber Solutions,Technology,Professional,1-Year,Credit Card,2024-12,14,468.66,6334.24,23,52,0,0,8,9.5,Low Risk,0,N/A
CUST-13465,Optima Cyber Solutions,Healthcare,Starter,Month-to-Month,Bank Transfer,2024-06,20,142.3,2753.15,7,96,2,2,10,1.7,Low Risk,0,N/A
CUST-13466,Prism Cyber Solutions,Technology,Professional,2-Year,Bank Transfer,2026-05,3,428.83,1321.23,21,41,1,1,8,5.0,Low Risk,0,N/A
CUST-13467,Radiant Cyber Solutions,Technology,Professional,2-Year,Bank Transfer,2024-04,25,376.72,9544.49,13,76,1,1,1,1.4,Low Risk,0,N/A
CUST-13468,Solaris Cyber Solutions,Technology,Starter,2-Year,Credit Card,2024-04,11,160.36,1781.01,8,72,1,14,9,2.1,Low Risk,0,N/A
CUST-13469,Titan Cyber Solutions,Technology,Professional,Month-to-Month,Electronic Check,2025-07,1,377.31,388.86,12,42,1,0,7,28.9,Low Risk,0,N/A
CUST-13470,Zenith Cyber Solutions,E-Commerce,Enterprise,Month-to-Month,Bank Transfer,2024-11,8,1358.02,10861.09,72,48,2,30,7,67.9,High Risk,1,Competitor Migration
CUST-13471,Strata Cyber Solutions,Manufacturing,Starter,Month-to-Month,Electronic Check,2024-01,7,105.04,753.06,1,78,1,5,3,31.0,Low Risk,1,Competitor Migration
CUST-13472,Synapse Cyber Solutions,Technology,Professional,2-Year,Electronic Check,2025-01,1,526.88,527.73,32,91,2,0,7,2.2,Low Risk,0,N/A
CUST-13473,Vortex Cyber Solutions,Financial Services,Starter,1-Year,Credit Card,2025-01,9,153.95,1362.15,7,54,0,2,6,9.5,Low Risk,0,N/A
CUST-13474,Vector Cyber Solutions,Education,Professional,Month-to-Month,Electronic Check,2024-05,5,540.95,2600.6,33,36,6,2,9,26.9,Low Risk,1,Missing Core Feature
CUST-13475,Zenith Cyber Solutions,Financial Services,Professional,Month-to-Month,Credit Card,2024-01,24,531.5,12583.63,30,38,1,1,9,3.9,Low Risk,0,N/A
CUST-13476,Aegis Cyber Solutions,Healthcare,Enterprise,Month-to-Month,Credit Card,2024-09,20,1590.91,31244.02,101,88,3,5,8,7.9,Low Risk,0,N/A
CUST-13477,Orion Cyber Solutions,Healthcare,Enterprise,Month-to-Month,Credit Card,2025-06,8,1043.63,8493.38,36,67,0,2,6,21.4,Low Risk,0,N/A
CUST-13478,Apex Logic Solutions,Healthcare,Professional,Month-to-Month,Credit Card,2025-09,1,508.44,507.13,29,94,5,0,6,42.6,Medium Risk,1,Executive Leadership Turnover
CUST-13479,Vanguard Logic Solutions,Financial Services,Professional,Month-to-Month,Bank Transfer,2024-09,6,500.56,3000.29,29,88,0,0,10,4.3,Low Risk,0,N/A
CUST-13480,Nexus Logic Solutions,Financial Services,Starter,1-Year,Credit Card,2024-11,3,124.84,384.13,4,35,0,5,7,26.9,Low Risk,0,N/A
CUST-13481,Quantum Logic Solutions,Manufacturing,Professional,2-Year,Credit Card,2024-11,17,306.69,5159.31,7,94,1,2,8,1.2,Low Risk,0,N/A
CUST-13482,Hyperion Logic Solutions,E-Commerce,Starter,Month-to-Month,Electronic Check,2024-09,21,132.44,2823.39,3,20,1,1,6,25.0,Low Risk,0,N/A
CUST-13483,Aura Logic Solutions,Manufacturing,Professional,2-Year,Credit Card,2025-01,13,358.45,4671.43,11,92,2,1,10,0.5,Low Risk,0,N/A
CUST-13484,Catalyst Logic Solutions,Technology,Starter,2-Year,Bank Transfer,2025-06,12,167.78,1935.51,7,43,3,1,10,1.1,Low Risk,0,N/A
CUST-13485,Pulse Logic Solutions,Manufacturing,Professional,1-Year,Credit Card,2025-11,8,336.13,2746.08,8,81,1,0,6,3.6,Low Risk,0,N/A
CUST-13486,Vertex Logic Solutions,Healthcare,Enterprise,Month-to-Month,Bank Transfer,2024-06,20,1440.05,29385.25,81,82,0,45,8,34.3,Low Risk,0,N/A
CUST-13487,Starlight Logic Solutions,Manufacturing,Starter,Month-to-Month,Credit Card,2026-01,6,168.1,986.2,8,54,0,1,7,21.4,Low Risk,0,N/A
CUST-13488,Beacon Logic Solutions,Healthcare,Starter,1-Year,Bank Transfer,2025-11,1,135.32,130.28,4,71,1,1,9,5.7,Low Risk,0,N/A
CUST-13489,Cobalt Logic Solutions,Financial Services,Starter,2-Year,Credit Card,2026-05,2,148.45,294.26,6,22,2,1,7,14.2,Low Risk,0,N/A
CUST-13490,Crest Logic Solutions,Financial Services,Starter,Month-to-Month,Credit Card,2026-03,1,139.51,134.65,5,70,2,0,6,28.9,Low Risk,0,N/A
CUST-13491,Elevation Logic Solutions,Financial Services,Professional,1-Year,Electronic Check,2024-09,21,520.81,11107.97,29,45,1,1,3,9.1,Low Risk,0,N/A
CUST-13492,Frontier Logic Solutions,Education,Starter,Month-to-Month,Credit Card,2024-09,13,165.09,2112.96,8,18,0,2,9,25.0,Low Risk,0,N/A
CUST-13493,Horizon Logic Solutions,Education,Starter,Month-to-Month,Credit Card,2024-07,22,170.93,3685.07,10,57,4,2,7,31.0,Low Risk,1,Low User Adoption
CUST-13494,Integra Logic Solutions,Manufacturing,Professional,Month-to-Month,Bank Transfer,2024-10,16,429.88,7031.9,20,30,0,0,5,67.9,High Risk,1,Missing Core Feature
CUST-13495,Kinetic Logic Solutions,Manufacturing,Professional,Month-to-Month,Electronic Check,2026-01,4,346.14,1372.21,10,58,0,0,8,21.4,Low Risk,0,N/A
CUST-13496,Luminary Logic Solutions,E-Commerce,Starter,1-Year,Bank Transfer,2026-01,3,134.94,408.22,5,89,1,1,10,2.5,Low Risk,0,N/A
CUST-13497,Meridian Logic Solutions,Financial Services,Professional,1-Year,Credit Card,2024-06,6,382.29,2292.8,15,21,3,0,2,40.1,Medium Risk,1,Budget Reallocation / Price
CUST-13498,Nova Logic Solutions,E-Commerce,Starter,2-Year,Credit Card,2024-01,3,135.86,396.64,4,86,2,1,9,0.9,Low Risk,0,N/A
CUST-13499,Omni Logic Solutions,E-Commerce,Starter,Month-to-Month,Credit Card,2026-04,4,132.4,549.61,4,23,3,1,8,41.3,Medium Risk,1,Executive Leadership Turnover
CUST-13500,Pinnacle Logic Solutions,Financial Services,Starter,1-Year,Credit Card,2026-05,3,134.8,397.29,3,45,1,1,9,5.7,Low Risk,0,N/A
CUST-13501,Acro Logic Solutions,Healthcare,Professional,2-Year,Credit Card,2024-10,14,502.08,7286.51,29,80,1,3,9,0.9,Low Risk,0,N/A
CUST-13502,Boreal Logic Solutions,Education,Professional,Month-to-Month,Electronic Check,2026-03,3,458.43,1369.29,22,37,1,1,9,13.6,Low Risk,1,Budget Reallocation / Price
CUST-13503,Cortex Logic Solutions,E-Commerce,Starter,2-Year,Bank Transfer,2026-05,2,159.98,309.36,9,35,0,1,7,6.0,Low Risk,0,N/A
CUST-13504,Equinox Logic Solutions,Education,Professional,Month-to-Month,Credit Card,2024-07,3,423.41,1292.42,20,87,2,0,7,14.8,Low Risk,0,N/A
CUST-13505,Flux Logic Solutions,E-Commerce,Starter,Month-to-Month,Credit Card,2025-09,7,161.61,1098.56,7,76,3,1,10,3.6,Low Risk,0,N/A
CUST-13506,Galactic Logic Solutions,Financial Services,Professional,Month-to-Month,Credit Card,2025-09,9,481.05,4188.14,25,69,1,30,7,67.9,High Risk,1,Poor Onboarding Experience
CUST-13507,Helix Logic Solutions,Financial Services,Professional,1-Year,Bank Transfer,2025-06,6,454.58,2832.45,23,37,0,1,4,20.6,Low Risk,0,N/A
CUST-13508,Infini Logic Solutions,Technology,Professional,Month-to-Month,Credit Card,2024-08,9,350.23,3216.65,11,58,0,45,7,72.1,High Risk,0,N/A
CUST-13509,Krypton Logic Solutions,Technology,Starter,Month-to-Month,Bank Transfer,2024-03,18,149.63,2794.17,6,29,3,1,7,41.3,Medium Risk,0,N/A
CUST-13510,Matrix Logic Solutions,E-Commerce,Enterprise,1-Year,Electronic Check,2025-08,4,1848.47,7283.1,131,29,0,3,7,38.9,Medium Risk,0,N/A
CUST-13511,Neutron Logic Solutions,Manufacturing,Starter,Month-to-Month,Bank Transfer,2024-01,28,171.14,4877.96,7,43,5,0,8,31.0,Low Risk,0,N/A
CUST-13512,Optima Logic Solutions,Healthcare,Enterprise,Month-to-Month,Electronic Check,2025-11,7,1077.16,7641.78,42,72,0,5,2,56.2,Medium Risk,0,N/A
CUST-13513,Prism Logic Solutions,Financial Services,Enterprise,Month-to-Month,Credit Card,2025-04,1,1874.49,1827.49,134,61,1,2,4,50.0,Medium Risk,0,N/A
CUST-13514,Radiant Logic Solutions,Technology,Enterprise,Month-to-Month,Electronic Check,2026-04,2,1368.04,2839.57,75,65,3,2,7,28.9,Low Risk,0,N/A
CUST-13515,Solaris Logic Solutions,E-Commerce,Professional,2-Year,Bank Transfer,2025-10,5,363.18,1878.49,12,54,3,1,3,6.6,Low Risk,0,N/A
CUST-13516,Titan Logic Solutions,Healthcare,Professional,Month-to-Month,Bank Transfer,2024-05,21,515.94,10656.64,30,18,1,3,1,61.1,Medium Risk,1,Low User Adoption
CUST-13517,Zenith Logic Solutions,Manufacturing,Professional,Month-to-Month,Electronic Check,2024-09,15,349.47,5213.06,9,48,5,2,9,26.9,Low Risk,0,N/A
CUST-13518,Strata Logic Solutions,Education,Professional,1-Year,Credit Card,2025-05,8,532.93,4144.41,33,32,3,0,10,9.5,Low Risk,0,N/A
CUST-13519,Synapse Logic Solutions,Manufacturing,Professional,1-Year,Credit Card,2026-03,1,360.56,374.3,11,28,1,0,8,33.2,Low Risk,0,N/A
CUST-13520,Vortex Logic Solutions,Manufacturing,Starter,Month-to-Month,Credit Card,2026-01,1,140.15,145.39,5,95,5,1,10,22.3,Low Risk,1,Executive Leadership Turnover
CUST-13521,Vector Logic Solutions,Technology,Starter,1-Year,Electronic Check,2025-05,1,155.38,152.57,6,25,3,3,3,70.1,High Risk,0,N/A
CUST-13522,Zenith Logic Solutions,Healthcare,Professional,Month-to-Month,Bank Transfer,2025-12,1,548.02,554.84,34,30,4,1,8,84.6,High Risk,1,Executive Leadership Turnover
CUST-13523,Aegis Logic Solutions,Manufacturing,Starter,Month-to-Month,Credit Card,2024-04,20,124.05,2501.3,2,63,3,45,8,50.0,Medium Risk,0,N/A
CUST-13524,Orion Logic Solutions,Technology,Starter,1-Year,Bank Transfer,2025-11,3,125.3,367.0,5,17,4,5,10,61.1,Medium Risk,1,Executive Leadership Turnover
CUST-13525,Apex Meta Solutions,E-Commerce,Starter,2-Year,Electronic Check,2025-02,17,200.15,3325.43,10,16,0,0,9,4.1,Low Risk,0,N/A
CUST-13526,Vanguard Meta Solutions,Education,Professional,Month-to-Month,Bank Transfer,2025-09,4,463.98,1843.16,24,98,0,2,5,22.3,Low Risk,1,Low User Adoption
CUST-13527,Nexus Meta Solutions,Technology,Starter,1-Year,Electronic Check,2024-01,12,138.55,1719.4,6,43,0,3,10,7.2,Low Risk,0,N/A
CUST-13528,Quantum Meta Solutions,Education,Enterprise,Month-to-Month,Credit Card,2024-02,9,953.25,8916.07,24,67,0,8,6,34.3,Low Risk,0,N/A
CUST-13529,Hyperion Meta Solutions,Education,Professional,1-Year,Bank Transfer,2024-11,15,491.86,7417.33,28,52,0,8,8,16.8,Low Risk,0,N/A
CUST-13530,Aura Meta Solutions,Education,Starter,1-Year,Credit Card,2026-03,4,179.54,698.35,9,78,1,0,9,1.4,Low Risk,0,N/A
CUST-13531,Catalyst Meta Solutions,Manufacturing,Enterprise,2-Year,Credit Card,2026-05,3,1635.18,4722.16,105,20,0,45,8,65.7,High Risk,1,Missing Core Feature
CUST-13532,Pulse Meta Solutions,Manufacturing,Professional,Month-to-Month,Credit Card,2026-02,5,445.54,2309.78,21,96,0,1,5,22.3,Low Risk,0,N/A
CUST-13533,Vertex Meta Solutions,Technology,Starter,Month-to-Month,Credit Card,2024-05,2,96.5,193.3,1,62,5,3,7,76.9,High Risk,1,Budget Reallocation / Price
CUST-13534,Starlight Meta Solutions,Healthcare,Professional,Month-to-Month,Credit Card,2026-02,2,416.82,801.25,19,47,5,3,6,76.9,High Risk,1,Budget Reallocation / Price
CUST-13535,Beacon Meta Solutions,Technology,Professional,1-Year,Credit Card,2024-03,16,437.03,7080.4,22,19,0,21,7,76.0,High Risk,1,Executive Leadership Turnover
CUST-13536,Cobalt Meta Solutions,Education,Enterprise,1-Year,Credit Card,2024-04,1,1201.87,1221.07,54,89,0,1,6,7.6,Low Risk,0,N/A
CUST-13537,Crest Meta Solutions,E-Commerce,Starter,Month-to-Month,Bank Transfer,2024-05,22,146.6,3145.41,6,87,1,0,9,1.7,Low Risk,0,N/A
CUST-13538,Elevation Meta Solutions,Healthcare,Starter,Month-to-Month,Electronic Check,2024-04,4,126.61,487.71,3,27,3,1,10,21.4,Low Risk,1,Executive Leadership Turnover
CUST-13539,Frontier Meta Solutions,E-Commerce,Professional,2-Year,Credit Card,2024-03,5,562.0,2813.66,34,30,1,3,10,6.3,Low Risk,0,N/A
CUST-13540,Horizon Meta Solutions,Education,Enterprise,Month-to-Month,Credit Card,2024-08,23,1016.56,23135.25,35,17,0,1,9,13.6,Low Risk,0,N/A
CUST-13541,Integra Meta Solutions,E-Commerce,Professional,Month-to-Month,Credit Card,2026-02,2,535.6,1043.37,33,64,1,0,5,50.0,Medium Risk,1,Competitor Migration
CUST-13542,Kinetic Meta Solutions,Manufacturing,Starter,1-Year,Bank Transfer,2024-07,17,157.73,2706.03,8,88,2,0,8,3.6,Low Risk,0,N/A
CUST-13543,Luminary Meta Solutions,Education,Enterprise,Month-to-Month,Credit Card,2025-01,5,1255.86,6121.07,61,57,5,1,3,70.1,High Risk,1,Poor Onboarding Experience
CUST-13544,Meridian Meta Solutions,Financial Services,Enterprise,1-Year,Credit Card,2024-03,12,1185.87,13756.94,51,73,4,2,8,26.9,Low Risk,0,N/A
CUST-13545,Nova Meta Solutions,Financial Services,Starter,Month-to-Month,Electronic Check,2024-12,6,167.92,1006.22,9,94,1,0,6,8.7,Low Risk,0,N/A
CUST-13546,Omni Meta Solutions,Healthcare,Professional,Month-to-Month,Electronic Check,2025-10,3,332.26,1008.23,9,87,1,2,1,29.9,Low Risk,1,Missing Core Feature
CUST-13547,Pinnacle Meta Solutions,E-Commerce,Enterprise,Month-to-Month,Credit Card,2025-12,3,1733.0,5037.3,118,33,0,2,9,37.8,Medium Risk,0,N/A
CUST-13548,Acro Meta Solutions,Healthcare,Starter,2-Year,Bank Transfer,2024-12,8,165.06,1269.27,6,22,0,8,6,17.5,Low Risk,1,Missing Core Feature
CUST-13549,Boreal Meta Solutions,Technology,Starter,1-Year,Bank Transfer,2024-10,8,137.85,1088.32,5,74,1,1,9,3.2,Low Risk,1,Budget Reallocation / Price
CUST-13550,Cortex Meta Solutions,Manufacturing,Starter,2-Year,Bank Transfer,2025-10,3,137.2,416.56,3,69,0,1,7,6.0,Low Risk,0,N/A
CUST-13551,Equinox Meta Solutions,Manufacturing,Professional,Month-to-Month,Bank Transfer,2025-01,14,562.14,7990.21,35,97,2,0,5,19.0,Low Risk,1,Poor Onboarding Experience
CUST-13552,Flux Meta Solutions,Financial Services,Professional,1-Year,Credit Card,2024-07,7,406.81,2757.9,17,87,1,0,2,8.3,Low Risk,0,N/A
CUST-13553,Galactic Meta Solutions,Financial Services,Professional,1-Year,Credit Card,2024-05,2,320.54,657.02,6,27,0,8,9,31.0,Low Risk,0,N/A
CUST-13554,Helix Meta Solutions,Technology,Professional,1-Year,Electronic Check,2025-12,2,327.5,671.15,9,45,1,8,5,42.6,Medium Risk,0,N/A
CUST-13555,Infini Meta Solutions,Healthcare,Starter,2-Year,Credit Card,2025-01,16,171.32,2738.43,7,54,2,8,7,5.2,Low Risk,0,N/A
CUST-13556,Krypton Meta Solutions,Technology,Professional,1-Year,Electronic Check,2026-02,1,453.25,468.24,21,30,1,1,7,33.2,Low Risk,1,Missing Core Feature
CUST-13557,Matrix Meta Solutions,E-Commerce,Starter,Month-to-Month,Bank Transfer,2025-01,10,164.25,1647.46,6,31,0,5,8,62.2,Medium Risk,1,Low User Adoption
CUST-13558,Neutron Meta Solutions,Financial Services,Professional,Month-to-Month,Bank Transfer,2024-09,15,504.83,7485.81,28,97,1,1,1,19.0,Low Risk,0,N/A
CUST-13559,Optima Meta Solutions,Education,Professional,2-Year,Electronic Check,2025-05,5,308.36,1512.25,7,95,0,0,4,3.6,Low Risk,0,N/A
CUST-13560,Prism Meta Solutions,Manufacturing,Professional,2-Year,Credit Card,2026-03,2,341.17,676.73,10,66,1,14,6,9.1,Low Risk,0,N/A
CUST-13561,Radiant Meta Solutions,Education,Professional,Month-to-Month,Bank Transfer,2024-06,24,333.35,7864.86,8,77,2,2,6,4.3,Low Risk,0,N/A
CUST-13562,Solaris Meta Solutions,E-Commerce,Professional,Month-to-Month,Bank Transfer,2026-05,1,450.93,465.49,21,46,1,2,8,28.9,Low Risk,0,N/A
CUST-13563,Titan Meta Solutions,Technology,Starter,Month-to-Month,Electronic Check,2026-02,3,159.95,483.58,8,50,1,5,6,43.8,Medium Risk,0,N/A
CUST-13564,Zenith Meta Solutions,Education,Enterprise,1-Year,Credit Card,2025-03,2,1904.54,3678.42,137,54,1,1,10,5.7,Low Risk,1,Missing Core Feature
CUST-13565,Strata Meta Solutions,Healthcare,Starter,Month-to-Month,Electronic Check,2025-07,3,126.65,368.62,5,28,1,2,8,56.2,Medium Risk,1,Executive Leadership Turnover
CUST-13566,Synapse Meta Solutions,Technology,Starter,2-Year,Bank Transfer,2026-04,1,159.08,164.46,6,78,1,2,6,2.2,Low Risk,0,N/A
CUST-13567,Vortex Meta Solutions,E-Commerce,Starter,1-Year,Bank Transfer,2024-10,5,132.58,640.25,3,79,2,3,1,14.8,Low Risk,1,Budget Reallocation / Price
CUST-13568,Vector Meta Solutions,E-Commerce,Starter,Month-to-Month,Credit Card,2024-06,23,179.7,4106.44,10,22,5,5,3,87.0,High Risk,1,Poor Onboarding Experience
CUST-13569,Zenith Meta Solutions,Manufacturing,Professional,Month-to-Month,Bank Transfer,2025-07,4,552.12,2295.05,35,35,5,3,6,64.6,Medium Risk,0,N/A
CUST-13570,Aegis Meta Solutions,Healthcare,Professional,Month-to-Month,Credit Card,2024-02,13,310.61,3984.89,6,87,1,2,8,8.7,Low Risk,0,N/A
CUST-13571,Orion Meta Solutions,Manufacturing,Professional,Month-to-Month,Credit Card,2025-07,5,380.43,1929.15,13,24,0,3,9,38.9,Medium Risk,0,N/A
CUST-13572,Apex Omni Solutions,Technology,Professional,1-Year,Bank Transfer,2026-02,4,408.21,1693.35,17,33,0,0,9,11.4,Low Risk,0,N/A
CUST-13573,Vanguard Omni Solutions,E-Commerce,Starter,1-Year,Bank Transfer,2025-07,7,178.67,1268.57,10,18,0,1,5,45.0,Medium Risk,0,N/A
CUST-13574,Nexus Omni Solutions,Healthcare,Starter,Month-to-Month,Bank Transfer,2024-10,7,112.28,789.82,3,25,2,0,7,41.3,Medium Risk,1,Competitor Migration
CUST-13575,Quantum Omni Solutions,Financial Services,Professional,Month-to-Month,Credit Card,2024-07,24,564.91,13104.51,35,66,1,0,8,9.5,Low Risk,0,N/A
CUST-13576,Hyperion Omni Solutions,E-Commerce,Enterprise,Month-to-Month,Electronic Check,2026-05,3,1932.37,5645.05,140,81,0,0,9,7.6,Low Risk,1,Budget Reallocation / Price
CUST-13577,Aura Omni Solutions,Manufacturing,Starter,Month-to-Month,Electronic Check,2024-05,7,133.04,896.26,4,74,1,0,6,18.2,Low Risk,0,N/A
CUST-13578,Catalyst Omni Solutions,Education,Starter,1-Year,Credit Card,2025-06,5,115.24,572.43,3,67,0,5,10,7.2,Low Risk,0,N/A
CUST-13579,Pulse Omni Solutions,E-Commerce,Professional,Month-to-Month,Credit Card,2024-08,7,393.87,2794.66,16,90,1,0,4,19.0,Low Risk,0,N/A
CUST-13580,Vertex Omni Solutions,Technology,Professional,1-Year,Bank Transfer,2025-10,7,479.52,3396.51,24,24,0,21,9,55.0,Medium Risk,0,N/A
CUST-13581,Starlight Omni Solutions,Financial Services,Starter,Month-to-Month,Credit Card,2024-07,16,118.05,1946.03,2,74,3,0,8,18.2,Low Risk,0,N/A
CUST-13582,Beacon Omni Solutions,Financial Services,Starter,1-Year,Bank Transfer,2025-03,6,145.97,868.62,6,50,1,0,6,7.9,Low Risk,0,N/A
CUST-13583,Cobalt Omni Solutions,Financial Services,Professional,2-Year,Bank Transfer,2025-07,1,558.15,565.89,33,66,0,1,5,13.6,Low Risk,0,N/A
CUST-13584,Crest Omni Solutions,E-Commerce,Professional,1-Year,Credit Card,2024-04,6,497.04,3001.74,29,59,1,0,7,7.9,Low Risk,0,N/A
CUST-13585,Elevation Omni Solutions,E-Commerce,Professional,Month-to-Month,Electronic Check,2025-08,3,548.89,1708.14,35,59,0,0,8,33.2,Low Risk,1,Poor Onboarding Experience
CUST-13586,Frontier Omni Solutions,E-Commerce,Starter,Month-to-Month,Bank Transfer,2024-09,12,153.1,1827.34,7,81,3,1,9,3.6,Low Risk,0,N/A
CUST-13587,Horizon Omni Solutions,E-Commerce,Professional,1-Year,Bank Transfer,2024-07,24,348.22,8580.05,11,39,1,0,9,1.6,Low Risk,0,N/A
CUST-13588,Integra Omni Solutions,Manufacturing,Starter,Month-to-Month,Credit Card,2024-01,18,154.51,2711.41,7,17,1,1,6,41.3,Medium Risk,1,Missing Core Feature
CUST-13589,Kinetic Omni Solutions,Healthcare,Professional,Month-to-Month,Credit Card,2026-03,1,382.97,381.52,16,50,1,0,4,50.0,Medium Risk,1,Competitor Migration
CUST-13590,Luminary Omni Solutions,Technology,Starter,Month-to-Month,Credit Card,2024-06,16,105.06,1711.05,2,87,0,0,4,22.3,Low Risk,0,N/A
CUST-13591,Meridian Omni Solutions,Manufacturing,Professional,Month-to-Month,Credit Card,2025-02,5,538.47,2708.31,32,93,0,3,5,35.4,Medium Risk,0,N/A
CUST-13592,Nova Omni Solutions,Manufacturing,Starter,Month-to-Month,Credit Card,2025-05,2,124.04,246.42,5,93,3,2,3,29.9,Low Risk,0,N/A
CUST-13593,Omni Omni Solutions,Technology,Professional,Month-to-Month,Credit Card,2025-08,9,309.63,2836.42,5,86,2,0,8,8.7,Low Risk,0,N/A
CUST-13594,Pinnacle Omni Solutions,E-Commerce,Starter,Month-to-Month,Bank Transfer,2025-04,12,150.22,1833.05,5,92,0,1,5,22.3,Low Risk,1,Executive Leadership Turnover
CUST-13595,Acro Omni Solutions,E-Commerce,Starter,Month-to-Month,Bank Transfer,2024-05,11,109.57,1211.7,3,21,2,1,9,21.4,Low Risk,1,Competitor Migration
CUST-13596,Boreal Omni Solutions,E-Commerce,Starter,1-Year,Bank Transfer,2025-11,2,100.49,202.47,2,69,0,1,9,6.9,Low Risk,0,N/A
CUST-13597,Cortex Omni Solutions,Financial Services,Enterprise,Month-to-Month,Electronic Check,2024-01,31,1380.48,42435.8,77,58,3,1,4,20.6,Low Risk,0,N/A
CUST-13598,Equinox Omni Solutions,Financial Services,Enterprise,1-Year,Credit Card,2024-07,5,1928.3,9323.15,142,15,1,0,8,21.4,Low Risk,0,N/A
CUST-13599,Flux Omni Solutions,Financial Services,Enterprise,2-Year,Credit Card,2026-06,1,1635.42,1673.07,104,70,1,2,7,5.0,Low Risk,0,N/A
CUST-13600,Galactic Omni Solutions,E-Commerce,Professional,1-Year,Credit Card,2025-08,10,514.95,5184.64,28,89,0,14,7,7.9,Low Risk,0,N/A
CUST-13601,Helix Omni Solutions,E-Commerce,Starter,Month-to-Month,Electronic Check,2025-07,12,110.83,1324.67,3,88,2,1,3,19.0,Low Risk,0,N/A
CUST-13602,Infini Omni Solutions,Technology,Professional,Month-to-Month,Bank Transfer,2025-08,2,371.06,728.56,11,68,0,0,7,33.2,Low Risk,0,N/A
CUST-13603,Krypton Omni Solutions,Financial Services,Starter,Month-to-Month,Bank Transfer,2025-09,2,109.46,225.47,3,90,3,0,7,14.8,Low Risk,0,N/A
CUST-13604,Matrix Omni Solutions,Education,Professional,Month-to-Month,Bank Transfer,2024-11,4,543.64,2144.45,34,19,2,2,7,41.3,Medium Risk,1,Low User Adoption
CUST-13605,Neutron Omni Solutions,Manufacturing,Professional,Month-to-Month,Bank Transfer,2024-07,24,354.39,8835.17,12,56,0,0,8,11.4,Low Risk,0,N/A
CUST-13606,Optima Omni Solutions,Education,Starter,Month-to-Month,Bank Transfer,2025-10,2,116.79,225.83,4,63,0,5,8,48.8,Medium Risk,1,Executive Leadership Turnover
CUST-13607,Prism Omni Solutions,Financial Services,Enterprise,1-Year,Credit Card,2026-05,1,1356.51,1317.52,74,56,0,1,7,16.1,Low Risk,0,N/A
CUST-13608,Radiant Omni Solutions,Education,Starter,Month-to-Month,Electronic Check,2025-07,12,172.31,2139.05,7,47,0,2,2,40.1,Medium Risk,0,N/A
CUST-13609,Solaris Omni Solutions,Financial Services,Professional,1-Year,Credit Card,2024-04,25,486.98,12047.05,26,87,2,1,3,4.1,Low Risk,0,N/A
CUST-13610,Titan Omni Solutions,Financial Services,Professional,Month-to-Month,Bank Transfer,2025-02,11,343.74,3755.21,11,27,0,8,10,38.9,Medium Risk,1,Competitor Migration
CUST-13611,Zenith Omni Solutions,Education,Starter,Month-to-Month,Electronic Check,2024-11,9,142.86,1305.73,7,45,0,2,7,21.4,Low Risk,0,N/A
CUST-13612,Strata Omni Solutions,Healthcare,Starter,1-Year,Credit Card,2025-02,12,101.95,1249.42,2,45,3,0,7,7.9,Low Risk,0,N/A
CUST-13613,Synapse Omni Solutions,Financial Services,Enterprise,Month-to-Month,Electronic Check,2025-02,15,1752.26,25369.61,119,33,3,0,8,41.3,Medium Risk,1,Competitor Migration
CUST-13614,Vortex Omni Solutions,Technology,Professional,2-Year,Credit Card,2024-11,18,542.53,10065.16,33,64,2,1,5,6.6,Low Risk,0,N/A
CUST-13615,Vector Omni Solutions,Manufacturing,Enterprise,2-Year,Credit Card,2024-11,11,1691.56,18211.16,113,15,0,5,7,17.5,Low Risk,0,N/A
CUST-13616,Zenith Omni Solutions,Education,Enterprise,1-Year,Credit Card,2026-04,4,1477.21,5699.63,89,76,0,1,7,4.3,Low Risk,0,N/A
CUST-13617,Aegis Omni Solutions,Financial Services,Starter,1-Year,Bank Transfer,2024-12,13,118.45,1517.94,3,40,1,3,5,28.9,Low Risk,0,N/A
CUST-13618,Orion Omni Solutions,Manufacturing,Professional,2-Year,Bank Transfer,2025-08,7,338.14,2340.27,10,77,1,8,9,0.9,Low Risk,0,N/A
CUST-13619,Apex Global Solutions,Education,Professional,Month-to-Month,Credit Card,2026-05,2,404.12,818.43,16,67,0,1,10,16.1,Low Risk,0,N/A
CUST-13620,Vanguard Global Solutions,Healthcare,Starter,1-Year,Bank Transfer,2025-01,6,130.93,781.63,5,79,1,0,9,1.4,Low Risk,0,N/A
CUST-13621,Nexus Global Solutions,Healthcare,Enterprise,Month-to-Month,Electronic Check,2025-08,5,1649.39,8248.63,107,62,3,1,8,18.2,Low Risk,0,N/A
CUST-13622,Quantum Global Solutions,Education,Starter,Month-to-Month,Electronic Check,2025-08,10,141.83,1375.34,5,74,2,1,6,18.2,Low Risk,0,N/A
CUST-13623,Hyperion Global Solutions,Manufacturing,Starter,Month-to-Month,Bank Transfer,2025-07,12,175.97,2125.12,10,30,0,8,6,62.2,Medium Risk,1,Missing Core Feature
CUST-13624,Aura Global Solutions,E-Commerce,Enterprise,Month-to-Month,Electronic Check,2024-12,16,1214.39,19694.08,57,48,0,0,9,9.5,Low Risk,0,N/A
CUST-13625,Catalyst Global Solutions,E-Commerce,Professional,1-Year,Bank Transfer,2024-09,15,442.71,6794.37,19,70,1,5,9,6.0,Low Risk,1,Poor Onboarding Experience
CUST-13626,Pulse Global Solutions,Education,Enterprise,1-Year,Bank Transfer,2024-01,13,1962.72,25072.3,145,98,1,5,9,2.7,Low Risk,0,N/A
CUST-13627,Vertex Global Solutions,E-Commerce,Starter,1-Year,Bank Transfer,2025-12,1,124.32,124.95,4,49,0,3,7,26.9,Low Risk,0,N/A
CUST-13628,Starlight Global Solutions,Healthcare,Starter,Month-to-Month,Credit Card,2025-08,1,134.8,132.68,3,15,0,2,2,79.4,High Risk,1,Missing Core Feature
CUST-13629,Beacon Global Solutions,Financial Services,Enterprise,1-Year,Credit Card,2024-12,11,1864.18,21260.88,134,31,0,1,8,25.0,Low Risk,1,Low User Adoption
CUST-13630,Cobalt Global Solutions,E-Commerce,Starter,2-Year,Bank Transfer,2024-05,27,133.97,3718.73,5,63,0,0,10,0.6,Low Risk,0,N/A
CUST-13631,Crest Global Solutions,Manufacturing,Professional,2-Year,Bank Transfer,2025-07,1,396.45,389.94,14,41,2,2,9,2.0,Low Risk,0,N/A
CUST-13632,Elevation Global Solutions,Healthcare,Starter,Month-to-Month,Credit Card,2024-09,22,167.81,3615.94,7,48,3,0,7,9.5,Low Risk,0,N/A
CUST-13633,Frontier Global Solutions,Financial Services,Enterprise,1-Year,Credit Card,2025-09,4,1177.78,4760.3,50,41,0,2,5,20.6,Low Risk,0,N/A
CUST-13634,Horizon Global Solutions,Education,Enterprise,1-Year,Bank Transfer,2024-04,21,1878.89,39978.0,136,83,0,5,8,3.9,Low Risk,0,N/A
CUST-13635,Integra Global Solutions,Manufacturing,Starter,2-Year,Credit Card,2025-09,9,116.85,1089.36,4,29,2,2,9,3.4,Low Risk,0,N/A
CUST-13636,Kinetic Global Solutions,Technology,Starter,1-Year,Electronic Check,2025-07,11,146.64,1650.86,4,76,4,3,4,42.6,Medium Risk,0,N/A
CUST-13637,Luminary Global Solutions,E-Commerce,Professional,Month-to-Month,Bank Transfer,2025-10,2,382.39,761.8,15,23,1,2,6,56.2,Medium Risk,0,N/A
CUST-13638,Meridian Global Solutions,Healthcare,Professional,1-Year,Credit Card,2024-10,1,369.21,361.1,12,35,0,3,10,12.5,Low Risk,0,N/A
CUST-13639,Nova Global Solutions,E-Commerce,Professional,Month-to-Month,Credit Card,2025-08,11,453.14,4992.99,24,18,2,2,7,41.3,Medium Risk,0,N/A
CUST-13640,Omni Global Solutions,E-Commerce,Professional,1-Year,Credit Card,2026-05,1,462.4,450.72,24,18,1,3,5,70.1,High Risk,1,Low User Adoption
CUST-13641,Pinnacle Global Solutions,E-Commerce,Enterprise,2-Year,Bank Transfer,2025-10,1,1606.2,1632.45,101,37,2,2,7,5.0,Low Risk,0,N/A
CUST-13642,Acro Global Solutions,Healthcare,Enterprise,1-Year,Credit Card,2024-01,3,1690.17,5148.63,112,15,2,0,8,33.2,Low Risk,0,N/A
CUST-13643,Boreal Global Solutions,Education,Starter,Month-to-Month,Electronic Check,2025-04,5,133.6,678.23,5,15,1,0,3,63.4,Medium Risk,0,N/A
CUST-13644,Cortex Global Solutions,E-Commerce,Starter,Month-to-Month,Credit Card,2025-03,15,138.25,2139.59,4,57,1,0,6,18.2,Low Risk,0,N/A
CUST-13645,Equinox Global Solutions,Manufacturing,Enterprise,Month-to-Month,Electronic Check,2024-06,1,1427.6,1376.75,81,50,0,0,8,33.2,Low Risk,1,Missing Core Feature
CUST-13646,Flux Global Solutions,Healthcare,Enterprise,Month-to-Month,Electronic Check,2024-11,12,1881.03,22439.36,136,29,0,0,2,67.9,High Risk,1,Low User Adoption
CUST-13647,Galactic Global Solutions,Education,Professional,1-Year,Bank Transfer,2024-04,15,364.57,5646.21,11,64,1,5,8,14.2,Low Risk,0,N/A
CUST-13648,Helix Global Solutions,E-Commerce,Starter,Month-to-Month,Bank Transfer,2025-07,12,109.45,1359.29,3,59,1,2,10,7.9,Low Risk,0,N/A
CUST-13649,Infini Global Solutions,E-Commerce,Starter,1-Year,Credit Card,2026-04,1,198.9,195.69,10,89,3,2,9,2.5,Low Risk,0,N/A
CUST-13650,Krypton Global Solutions,Financial Services,Enterprise,Month-to-Month,Credit Card,2025-06,12,1855.97,22348.96,132,37,0,1,6,21.4,Low Risk,0,N/A
CUST-13651,Matrix Global Solutions,Financial Services,Enterprise,Month-to-Month,Credit Card,2025-10,8,1847.12,15298.36,131,77,2,1,8,8.7,Low Risk,0,N/A
CUST-13652,Neutron Global Solutions,Technology,Starter,1-Year,Electronic Check,2026-04,3,191.04,590.25,10,23,0,2,1,59.9,Medium Risk,0,N/A
CUST-13653,Optima Global Solutions,Financial Services,Professional,2-Year,Credit Card,2025-01,16,408.1,6424.82,19,94,1,5,8,2.3,Low Risk,0,N/A
CUST-13654,Prism Global Solutions,E-Commerce,Professional,1-Year,Bank Transfer,2025-11,3,313.24,926.96,5,79,1,3,3,24.0,Low Risk,1,Poor Onboarding Experience
CUST-13655,Radiant Global Solutions,Education,Professional,Month-to-Month,Bank Transfer,2024-04,6,311.38,1833.22,5,43,1,0,9,7.9,Low Risk,0,N/A
CUST-13656,Solaris Global Solutions,E-Commerce,Enterprise,Month-to-Month,Bank Transfer,2025-12,1,1209.43,1191.54,54,52,1,0,9,13.6,Low Risk,0,N/A
CUST-13657,Titan Global Solutions,Technology,Starter,Month-to-Month,Credit Card,2025-06,10,198.67,2044.82,10,45,2,1,5,35.4,Medium Risk,0,N/A
CUST-13658,Zenith Global Solutions,Financial Services,Professional,1-Year,Electronic Check,2025-10,10,477.77,4833.17,26,23,1,1,10,9.5,Low Risk,0,N/A
CUST-13659,Strata Global Solutions,Manufacturing,Professional,1-Year,Credit Card,2024-11,3,327.67,996.17,9,31,6,2,2,83.9,High Risk,1,Poor Onboarding Experience
CUST-13660,Synapse Global Solutions,Manufacturing,Professional,Month-to-Month,Electronic Check,2025-02,8,495.21,4097.75,29,41,1,0,8,18.2,Low Risk,0,N/A
CUST-13661,Vortex Global Solutions,Technology,Starter,2-Year,Bank Transfer,2026-01,4,98.86,388.14,1,96,3,2,7,1.2,Low Risk,0,N/A
CUST-13662,Vector Global Solutions,Technology,Enterprise,Month-to-Month,Credit Card,2024-09,22,1692.6,36233.02,112,52,1,3,4,33.2,Low Risk,1,Budget Reallocation / Price
CUST-13663,Zenith Global Solutions,Education,Professional,2-Year,Bank Transfer,2025-09,7,393.98,2719.12,14,56,0,0,7,3.4,Low Risk,0,N/A
CUST-13664,Aegis Global Solutions,Technology,Professional,2-Year,Bank Transfer,2024-02,19,369.68,7294.93,14,41,1,5,8,2.5,Low Risk,0,N/A
CUST-13665,Orion Global Solutions,E-Commerce,Enterprise,Month-to-Month,Electronic Check,2025-01,3,1736.51,5072.76,117,69,1,0,9,13.6,Low Risk,0,N/A
CUST-13666,Apex Enterprise Solutions,Manufacturing,Starter,1-Year,Bank Transfer,2026-01,3,164.17,475.24,9,90,3,1,4,14.2,Low Risk,0,N/A
CUST-13667,Vanguard Enterprise Solutions,E-Commerce,Professional,Month-to-Month,Credit Card,2025-10,2,523.1,1040.76,32,62,1,2,9,13.6,Low Risk,0,N/A
CUST-13668,Nexus Enterprise Solutions,Technology,Enterprise,Month-to-Month,Bank Transfer,2025-11,4,1288.91,5307.42,65,60,3,2,1,35.4,Medium Risk,0,N/A
CUST-13669,Quantum Enterprise Solutions,Financial Services,Enterprise,Month-to-Month,Credit Card,2024-07,23,1742.42,40590.06,118,48,1,8,8,16.8,Low Risk,0,N/A
CUST-13670,Hyperion Enterprise Solutions,Healthcare,Starter,Month-to-Month,Credit Card,2025-07,12,151.35,1815.91,6,25,0,1,7,46.3,Medium Risk,0,N/A
CUST-13671,Aura Enterprise Solutions,Technology,Starter,1-Year,Credit Card,2025-11,2,160.1,331.37,9,30,2,0,7,33.2,Low Risk,1,Executive Leadership Turnover
CUST-13672,Catalyst Enterprise Solutions,Healthcare,Starter,Month-to-Month,Credit Card,2025-03,1,131.23,130.35,5,74,3,3,4,65.7,High Risk,1,Low User Adoption
CUST-13673,Pulse Enterprise Solutions,Healthcare,Professional,1-Year,Bank Transfer,2025-05,12,443.08,5503.37,20,23,0,14,4,61.1,Medium Risk,1,Low User Adoption
CUST-13674,Vertex Enterprise Solutions,Healthcare,Enterprise,Month-to-Month,Electronic Check,2024-08,11,1561.87,17064.27,98,29,1,1,9,21.4,Low Risk,0,N/A
CUST-13675,Starlight Enterprise Solutions,Financial Services,Professional,1-Year,Electronic Check,2024-05,22,420.4,9346.47,20,58,6,2,1,29.9,Low Risk,0,N/A
CUST-13676,Beacon Enterprise Solutions,Manufacturing,Starter,Month-to-Month,Bank Transfer,2024-04,18,115.62,2037.63,3,98,3,30,9,25.9,Low Risk,0,N/A
CUST-13677,Cobalt Enterprise Solutions,E-Commerce,Professional,Month-to-Month,Electronic Check,2024-02,27,349.01,9528.15,11,58,2,1,4,20.6,Low Risk,0,N/A
CUST-13678,Crest Enterprise Solutions,E-Commerce,Starter,Month-to-Month,Bank Transfer,2025-05,3,146.76,439.8,4,35,0,2,6,33.2,Low Risk,1,Executive Leadership Turnover
CUST-13679,Elevation Enterprise Solutions,E-Commerce,Professional,Month-to-Month,Credit Card,2025-03,1,379.64,389.46,14,96,0,0,7,17.5,Low Risk,0,N/A
CUST-13680,Frontier Enterprise Solutions,Financial Services,Starter,1-Year,Credit Card,2025-10,4,155.14,639.85,7,64,0,2,3,20.6,Low Risk,0,N/A
CUST-13681,Horizon Enterprise Solutions,Financial Services,Starter,Month-to-Month,Electronic Check,2025-01,18,101.17,1868.45,2,89,0,2,9,4.3,Low Risk,0,N/A
CUST-13682,Integra Enterprise Solutions,Financial Services,Professional,Month-to-Month,Bank Transfer,2026-06,2,474.56,933.09,23,91,1,1,7,14.8,Low Risk,1,Missing Core Feature
CUST-13683,Kinetic Enterprise Solutions,Financial Services,Professional,1-Year,Credit Card,2024-12,14,400.21,5524.75,14,44,1,2,10,3.2,Low Risk,0,N/A
CUST-13684,Luminary Enterprise Solutions,Financial Services,Starter,1-Year,Credit Card,2025-05,2,137.72,281.09,5,52,2,0,4,27.9,Low Risk,0,N/A
CUST-13685,Meridian Enterprise Solutions,Manufacturing,Professional,Month-to-Month,Bank Transfer,2025-06,10,401.43,4032.96,17,44,3,0,10,7.9,Low Risk,0,N/A
CUST-13686,Nova Enterprise Solutions,Healthcare,Starter,1-Year,Credit Card,2025-08,8,168.93,1394.2,10,58,0,0,5,20.6,Low Risk,0,N/A
CUST-13687,Omni Enterprise Solutions,Healthcare,Professional,2-Year,Bank Transfer,2024-05,6,433.82,2499.12,19,47,0,45,10,11.4,Low Risk,0,N/A
CUST-13688,Pinnacle Enterprise Solutions,Healthcare,Enterprise,Month-to-Month,Bank Transfer,2024-05,6,1349.13,8362.88,73,44,5,5,9,41.3,Medium Risk,1,Budget Reallocation / Price
CUST-13689,Acro Enterprise Solutions,Manufacturing,Professional,Month-to-Month,Credit Card,2026-04,4,368.81,1490.23,11,45,0,2,10,9.5,Low Risk,0,N/A
CUST-13690,Boreal Enterprise Solutions,E-Commerce,Enterprise,Month-to-Month,Bank Transfer,2024-01,17,1347.41,23691.83,73,58,4,0,8,48.8,Medium Risk,1,Executive Leadership Turnover
CUST-13691,Cortex Enterprise Solutions,Healthcare,Enterprise,Month-to-Month,Credit Card,2026-02,3,1379.07,4199.79,77,27,2,2,6,56.2,Medium Risk,1,Executive Leadership Turnover
CUST-13692,Equinox Enterprise Solutions,Manufacturing,Enterprise,2-Year,Credit Card,2025-08,10,1102.97,10796.0,43,49,0,0,9,1.3,Low Risk,0,N/A
CUST-13693,Flux Enterprise Solutions,Healthcare,Professional,Month-to-Month,Credit Card,2025-07,12,303.41,3549.92,5,98,3,1,5,19.0,Low Risk,0,N/A
CUST-13694,Galactic Enterprise Solutions,Manufacturing,Professional,1-Year,Bank Transfer,2024-01,9,479.46,4193.74,27,21,3,5,8,34.3,Low Risk,1,Budget Reallocation / Price
CUST-13695,Helix Enterprise Solutions,Healthcare,Enterprise,1-Year,Bank Transfer,2025-12,7,987.31,6760.46,28,73,0,1,5,20.6,Low Risk,0,N/A
CUST-13696,Infini Enterprise Solutions,Education,Professional,1-Year,Bank Transfer,2024-09,16,524.77,8662.05,30,79,0,2,1,10.0,Low Risk,0,N/A
CUST-13697,Krypton Enterprise Solutions,Technology,Enterprise,1-Year,Credit Card,2025-07,7,1258.8,9048.49,62,91,6,0,6,13.6,Low Risk,1,Low User Adoption
CUST-13698,Matrix Enterprise Solutions,Education,Starter,Month-to-Month,Credit Card,2024-06,2,140.87,288.87,3,71,1,2,9,13.6,Low Risk,0,N/A
CUST-13699,Neutron Enterprise Solutions,Manufacturing,Starter,1-Year,Credit Card,2025-07,6,130.19,804.84,2,28,1,1,9,9.5,Low Risk,0,N/A
CUST-13700,Optima Enterprise Solutions,Technology,Starter,Month-to-Month,Bank Transfer,2025-03,13,133.39,1781.74,5,22,0,5,5,80.2,High Risk,1,Budget Reallocation / Price
CUST-13701,Prism Enterprise Solutions,Financial Services,Starter,Month-to-Month,Credit Card,2025-06,6,89.68,559.33,1,75,3,0,9,7.9,Low Risk,0,N/A
CUST-13702,Radiant Enterprise Solutions,Healthcare,Professional,2-Year,Electronic Check,2024-03,24,546.43,12827.77,32,84,0,8,7,1.3,Low Risk,0,N/A
CUST-13703,Solaris Enterprise Solutions,Technology,Enterprise,1-Year,Credit Card,2024-07,14,1124.59,15232.09,47,39,6,1,4,47.5,Medium Risk,0,N/A
CUST-13704,Titan Enterprise Solutions,Manufacturing,Professional,2-Year,Electronic Check,2025-12,1,536.59,531.59,34,21,0,0,7,16.8,Low Risk,0,N/A
CUST-13705,Zenith Enterprise Solutions,E-Commerce,Professional,Month-to-Month,Credit Card,2026-04,2,458.79,950.89,22,88,0,0,9,7.6,Low Risk,0,N/A
CUST-13706,Strata Enterprise Solutions,Education,Professional,1-Year,Credit Card,2024-03,10,429.66,4241.03,20,62,1,2,9,3.2,Low Risk,0,N/A
CUST-13707,Synapse Enterprise Solutions,Financial Services,Enterprise,2-Year,Credit Card,2024-09,14,1506.55,21786.06,92,69,1,1,9,1.1,Low Risk,0,N/A
CUST-13708,Vortex Enterprise Solutions,E-Commerce,Starter,Month-to-Month,Bank Transfer,2026-02,3,159.14,459.97,8,57,4,3,6,76.9,High Risk,1,Executive Leadership Turnover
CUST-13709,Vector Enterprise Solutions,Manufacturing,Professional,Month-to-Month,Bank Transfer,2025-03,2,390.95,791.6,13,63,0,1,8,33.2,Low Risk,0,N/A
CUST-13710,Zenith Enterprise Solutions,E-Commerce,Starter,1-Year,Credit Card,2025-04,8,124.65,976.02,4,23,0,0,6,25.0,Low Risk,0,N/A
CUST-13711,Aegis Enterprise Solutions,Manufacturing,Professional,Month-to-Month,Credit Card,2025-12,6,363.94,2225.8,10,55,0,0,1,40.1,Medium Risk,1,Executive Leadership Turnover
CUST-13712,Orion Enterprise Solutions,Healthcare,Enterprise,1-Year,Credit Card,2025-02,1,1921.89,1982.22,139,82,3,0,7,6.3,Low Risk,0,N/A
CUST-13713,Apex Strategic Solutions,Manufacturing,Professional,Month-to-Month,Bank Transfer,2025-06,8,551.85,4408.84,35,62,2,1,8,18.2,Low Risk,0,N/A
CUST-13714,Vanguard Strategic Solutions,Healthcare,Starter,1-Year,Credit Card,2024-02,24,155.27,3730.99,5,53,0,1,9,1.9,Low Risk,0,N/A
CUST-13715,Nexus Strategic Solutions,Manufacturing,Enterprise,1-Year,Electronic Check,2025-05,14,1596.66,22026.77,103,97,3,8,7,6.6,Low Risk,0,N/A
CUST-13716,Quantum Strategic Solutions,Technology,Professional,Month-to-Month,Electronic Check,2025-03,17,326.17,5723.65,8,91,0,0,9,4.3,Low Risk,0,N/A
CUST-13717,Hyperion Strategic Solutions,Education,Enterprise,Month-to-Month,Bank Transfer,2025-11,3,1257.12,3838.9,60,74,0,0,9,16.1,Low Risk,1,Missing Core Feature
CUST-13718,Aura Strategic Solutions,Education,Professional,2-Year,Credit Card,2024-07,11,571.72,6221.62,35,24,3,2,7,8.3,Low Risk,0,N/A
CUST-13719,Catalyst Strategic Solutions,Healthcare,Starter,Month-to-Month,Credit Card,2024-03,10,127.67,1274.9,4,54,3,0,10,7.9,Low Risk,0,N/A
CUST-13720,Pulse Strategic Solutions,Education,Professional,1-Year,Bank Transfer,2025-04,11,477.61,5341.62,26,82,5,1,9,5.7,Low Risk,0,N/A
CUST-13721,Vertex Strategic Solutions,Education,Professional,Month-to-Month,Bank Transfer,2024-03,27,451.32,12301.75,23,39,3,3,10,7.2,Low Risk,0,N/A
CUST-13722,Starlight Strategic Solutions,Technology,Professional,1-Year,Credit Card,2025-04,8,428.67,3510.2,18,75,0,2,10,3.9,Low Risk,0,N/A
CUST-13723,Beacon Strategic Solutions,E-Commerce,Starter,Month-to-Month,Bank Transfer,2024-02,1,123.16,118.74,3,66,1,8,9,23.1,Low Risk,0,N/A
CUST-13724,Cobalt Strategic Solutions,Manufacturing,Professional,Month-to-Month,Credit Card,2025-10,7,299.7,2166.78,6,63,2,0,1,35.4,Medium Risk,1,Low User Adoption
CUST-13725,Crest Strategic Solutions,Healthcare,Enterprise,Month-to-Month,Bank Transfer,2024-01,30,974.23,29366.26,30,34,2,0,3,45.0,Medium Risk,0,N/A
CUST-13726,Elevation Strategic Solutions,Healthcare,Enterprise,1-Year,Bank Transfer,2026-06,1,985.15,1002.98,30,84,4,3,8,35.4,Medium Risk,0,N/A
CUST-13727,Frontier Strategic Solutions,Technology,Starter,Month-to-Month,Credit Card,2025-04,3,172.06,505.0,7,20,3,0,8,56.2,Medium Risk,1,Poor Onboarding Experience
CUST-13728,Horizon Strategic Solutions,Healthcare,Professional,Month-to-Month,Credit Card,2026-01,2,489.81,951.87,28,90,4,1,7,42.6,Medium Risk,0,N/A
CUST-13729,Integra Strategic Solutions,Technology,Enterprise,1-Year,Electronic Check,2024-09,10,1943.69,20095.5,144,91,1,1,10,1.4,Low Risk,0,N/A
CUST-13730,Kinetic Strategic Solutions,Healthcare,Enterprise,1-Year,Credit Card,2026-06,2,1097.06,2214.78,41,48,1,0,8,13.6,Low Risk,0,N/A
CUST-13731,Luminary Strategic Solutions,Financial Services,Starter,2-Year,Credit Card,2024-05,14,116.3,1645.05,3,42,0,1,5,7.9,Low Risk,0,N/A
CUST-13732,Meridian Strategic Solutions,Financial Services,Professional,1-Year,Electronic Check,2024-05,1,449.51,436.21,20,34,0,0,5,59.9,Medium Risk,0,N/A
CUST-13733,Nova Strategic Solutions,Healthcare,Starter,Month-to-Month,Credit Card,2026-03,4,171.54,689.16,9,50,0,8,4,56.2,Medium Risk,0,N/A
CUST-13734,Omni Strategic Solutions,E-Commerce,Enterprise,1-Year,Bank Transfer,2025-02,8,1018.04,8312.19,35,19,2,8,7,34.3,Low Risk,0,N/A
CUST-13735,Pinnacle Strategic Solutions,E-Commerce,Starter,Month-to-Month,Credit Card,2025-08,7,141.11,951.54,7,98,0,2,3,22.3,Low Risk,0,N/A
CUST-13736,Acro Strategic Solutions,Education,Professional,2-Year,Bank Transfer,2024-09,11,409.92,4497.5,18,96,1,0,6,1.2,Low Risk,0,N/A
CUST-13737,Boreal Strategic Solutions,Education,Enterprise,2-Year,Credit Card,2024-12,7,1440.08,9818.07,82,47,0,1,8,3.4,Low Risk,0,N/A
CUST-13738,Cortex Strategic Solutions,E-Commerce,Professional,1-Year,Electronic Check,2026-01,4,355.8,1380.86,9,69,5,0,8,26.9,Low Risk,0,N/A
CUST-13739,Equinox Strategic Solutions,Financial Services,Professional,2-Year,Credit Card,2024-11,9,520.96,4538.65,29,97,0,8,2,6.6,Low Risk,1,Executive Leadership Turnover
CUST-13740,Flux Strategic Solutions,Financial Services,Starter,2-Year,Electronic Check,2024-10,12,151.42,1886.85,7,40,1,2,10,1.1,Low Risk,0,N/A
CUST-13741,Galactic Strategic Solutions,Financial Services,Professional,Month-to-Month,Credit Card,2025-05,13,399.31,5301.15,15,35,6,3,7,64.6,Medium Risk,0,N/A
CUST-13742,Helix Strategic Solutions,Financial Services,Professional,1-Year,Credit Card,2025-10,1,480.4,479.12,26,43,3,2,1,27.9,Low Risk,1,Executive Leadership Turnover
CUST-13743,Infini Strategic Solutions,E-Commerce,Starter,Month-to-Month,Credit Card,2024-01,4,168.23,674.44,10,54,3,0,3,35.4,Medium Risk,0,N/A
CUST-13744,Krypton Strategic Solutions,Education,Starter,Month-to-Month,Credit Card,2024-06,18,113.42,2015.08,3,24,0,1,9,25.0,Low Risk,0,N/A
CUST-13745,Matrix Strategic Solutions,Manufacturing,Professional,1-Year,Electronic Check,2024-12,1,398.07,386.51,17,62,3,5,8,23.1,Low Risk,0,N/A
CUST-13746,Neutron Strategic Solutions,Financial Services,Starter,Month-to-Month,Bank Transfer,2025-07,5,184.98,943.4,10,52,0,0,7,21.4,Low Risk,0,N/A
CUST-13747,Optima Strategic Solutions,Education,Starter,Month-to-Month,Credit Card,2025-09,4,159.81,661.45,7,85,0,2,4,22.3,Low Risk,0,N/A
CUST-13748,Prism Strategic Solutions,E-Commerce,Enterprise,1-Year,Bank Transfer,2024-10,8,1815.78,14949.93,126,25,2,1,5,40.1,Medium Risk,0,N/A
CUST-13749,Radiant Strategic Solutions,E-Commerce,Enterprise,2-Year,Electronic Check,2025-02,10,1487.81,14589.2,90,32,1,0,7,8.3,Low Risk,0,N/A
CUST-13750,Solaris Strategic Solutions,E-Commerce,Enterprise,Month-to-Month,Bank Transfer,2026-05,3,1533.92,4467.15,92,79,3,0,7,14.8,Low Risk,0,N/A
CUST-13751,Titan Strategic Solutions,Manufacturing,Professional,Month-to-Month,Bank Transfer,2025-06,5,520.95,2570.59,31,75,0,2,8,21.4,Low Risk,0,N/A
CUST-13752,Zenith Strategic Solutions,Manufacturing,Enterprise,Month-to-Month,Bank Transfer,2026-03,5,1962.54,9686.99,143,73,4,2,8,48.8,Medium Risk,1,Budget Reallocation / Price
CUST-13753,Strata Strategic Solutions,Education,Starter,Month-to-Month,Bank Transfer,2025-09,10,128.3,1285.75,5,93,1,0,9,3.6,Low Risk,0,N/A
CUST-13754,Synapse Strategic Solutions,Financial Services,Starter,1-Year,Credit Card,2025-03,13,191.36,2435.32,10,64,4,21,7,77.7,High Risk,1,Competitor Migration
CUST-13755,Vortex Strategic Solutions,Financial Services,Enterprise,1-Year,Electronic Check,2025-09,6,907.14,5503.63,22,59,4,2,9,12.5,Low Risk,0,N/A
CUST-13756,Vector Strategic Solutions,E-Commerce,Professional,Month-to-Month,Credit Card,2024-04,6,437.49,2526.65,19,60,0,1,8,21.4,Low Risk,0,N/A
CUST-13757,Zenith Strategic Solutions,Healthcare,Enterprise,Month-to-Month,Credit Card,2025-10,4,1137.69,4598.81,49,61,1,1,9,7.9,Low Risk,0,N/A
CUST-13758,Aegis Strategic Solutions,Technology,Starter,Month-to-Month,Bank Transfer,2025-04,16,146.51,2364.52,6,23,1,0,6,41.3,Medium Risk,0,N/A
CUST-13759,Orion Strategic Solutions,Financial Services,Enterprise,2-Year,Credit Card,2024-09,18,1099.45,19670.62,41,37,0,0,9,1.3,Low Risk,0,N/A
CUST-13760,Apex Capital Solutions,Financial Services,Starter,Month-to-Month,Credit Card,2024-01,21,144.45,3087.41,4,91,1,14,7,7.9,Low Risk,0,N/A
CUST-13761,Vanguard Capital Solutions,E-Commerce,Professional,Month-to-Month,Bank Transfer,2024-11,8,346.33,2850.73,9,65,2,3,2,51.2,Medium Risk,0,N/A
CUST-13762,Nexus Capital Solutions,Education,Enterprise,Month-to-Month,Credit Card,2025-10,3,994.44,3069.53,29,84,0,5,7,28.9,Low Risk,0,N/A
CUST-13763,Quantum Capital Solutions,Financial Services,Starter,Month-to-Month,Bank Transfer,2026-05,1,151.76,147.76,5,26,0,3,8,75.0,High Risk,1,Missing Core Feature
CUST-13764,Hyperion Capital Solutions,Education,Enterprise,Month-to-Month,Credit Card,2026-02,1,1119.63,1141.1,45,46,2,1,4,50.0,Medium Risk,0,N/A
CUST-13765,Aura Capital Solutions,Manufacturing,Starter,1-Year,Credit Card,2024-12,13,111.06,1413.8,3,26,0,8,9,19.8,Low Risk,0,N/A
CUST-13766,Catalyst Capital Solutions,Manufacturing,Professional,1-Year,Credit Card,2025-10,6,410.75,2423.54,19,49,0,5,1,33.2,Low Risk,0,N/A
CUST-13767,Pulse Capital Solutions,Financial Services,Enterprise,Month-to-Month,Bank Transfer,2025-09,5,1892.33,9462.73,135,68,3,3,9,14.2,Low Risk,0,N/A
CUST-13768,Vertex Capital Solutions,Technology,Professional,2-Year,Bank Transfer,2026-02,2,366.52,733.37,11,70,0,1,8,6.0,Low Risk,0,N/A
CUST-13769,Starlight Capital Solutions,E-Commerce,Professional,Month-to-Month,Electronic Check,2026-04,3,313.36,945.76,6,17,1,30,7,92.4,High Risk,1,Poor Onboarding Experience
CUST-13770,Beacon Capital Solutions,Education,Starter,1-Year,Credit Card,2024-02,14,189.78,2579.54,9,80,1,1,9,1.4,Low Risk,0,N/A
CUST-13771,Cobalt Capital Solutions,Financial Services,Professional,1-Year,Bank Transfer,2025-10,5,522.26,2614.39,32,16,2,5,5,56.2,Medium Risk,1,Budget Reallocation / Price
CUST-13772,Crest Capital Solutions,Healthcare,Starter,Month-to-Month,Bank Transfer,2025-10,3,141.75,412.38,7,15,4,1,7,84.6,High Risk,1,Low User Adoption
CUST-13773,Elevation Capital Solutions,Healthcare,Professional,Month-to-Month,Bank Transfer,2024-04,17,464.1,7959.35,23,90,1,0,9,3.6,Low Risk,0,N/A
CUST-13774,Frontier Capital Solutions,E-Commerce,Enterprise,Month-to-Month,Bank Transfer,2025-05,2,1164.37,2415.41,52,74,2,1,8,28.9,Low Risk,1,Missing Core Feature
CUST-13775,Horizon Capital Solutions,E-Commerce,Professional,1-Year,Bank Transfer,2024-05,10,496.98,4837.82,26,91,2,1,8,3.6,Low Risk,0,N/A
CUST-13776,Integra Capital Solutions,Technology,Enterprise,Month-to-Month,Credit Card,2025-04,16,1795.03,29641.54,123,40,0,0,8,21.4,Low Risk,0,N/A
CUST-13777,Kinetic Capital Solutions,Manufacturing,Starter,1-Year,Credit Card,2025-04,14,125.92,1752.03,4,38,2,1,8,7.9,Low Risk,0,N/A
CUST-13778,Luminary Capital Solutions,Financial Services,Starter,Month-to-Month,Credit Card,2025-02,11,187.74,2109.3,9,29,1,2,7,41.3,Medium Risk,0,N/A
CUST-13779,Meridian Capital Solutions,Financial Services,Professional,Month-to-Month,Electronic Check,2024-07,10,354.47,3605.27,11,30,0,1,5,67.9,High Risk,1,Missing Core Feature
CUST-13780,Nova Capital Solutions,Financial Services,Enterprise,2-Year,Credit Card,2025-03,10,1819.59,18252.45,126,97,2,1,6,1.2,Low Risk,0,N/A
CUST-13781,Omni Capital Solutions,Technology,Professional,Month-to-Month,Credit Card,2025-06,11,556.93,6147.45,33,37,0,0,6,21.4,Low Risk,0,N/A
CUST-13782,Pinnacle Capital Solutions,E-Commerce,Enterprise,2-Year,Credit Card,2024-07,25,1521.25,36673.95,91,23,0,0,9,2.0,Low Risk,0,N/A
CUST-13783,Acro Capital Solutions,Education,Professional,1-Year,Electronic Check,2025-11,4,398.27,1558.47,15,84,1,0,7,3.6,Low Risk,0,N/A
CUST-13784,Boreal Capital Solutions,Technology,Starter,Month-to-Month,Credit Card,2026-05,3,136.94,421.57,4,46,0,5,1,70.1,High Risk,1,Poor Onboarding Experience
CUST-13785,Cortex Capital Solutions,Healthcare,Professional,1-Year,Credit Card,2026-03,4,518.71,2127.62,28,61,1,0,8,7.9,Low Risk,1,Poor Onboarding Experience
CUST-13786,Equinox Capital Solutions,Education,Starter,Month-to-Month,Electronic Check,2025-03,16,145.72,2423.26,4,73,0,5,2,56.2,Medium Risk,0,N/A
CUST-13787,Flux Capital Solutions,Manufacturing,Starter,Month-to-Month,Credit Card,2024-04,17,181.92,2977.64,10,38,6,0,1,70.1,High Risk,1,Budget Reallocation / Price
CUST-13788,Galactic Capital Solutions,Education,Starter,1-Year,Bank Transfer,2026-05,2,163.41,319.27,9,40,2,8,9,10.4,Low Risk,0,N/A
CUST-13789,Helix Capital Solutions,Education,Starter,2-Year,Credit Card,2024-04,27,153.81,4287.74,7,79,4,1,9,0.9,Low Risk,0,N/A
CUST-13790,Infini Capital Solutions,Manufacturing,Professional,Month-to-Month,Electronic Check,2025-09,8,451.42,3495.49,22,94,2,1,8,8.7,Low Risk,0,N/A
CUST-13791,Krypton Capital Solutions,Manufacturing,Starter,Month-to-Month,Credit Card,2025-08,1,194.99,196.1,10,63,1,8,4,65.7,High Risk,1,Executive Leadership Turnover
CUST-13792,Matrix Capital Solutions,Financial Services,Starter,2-Year,Credit Card,2025-12,2,187.11,384.9,9,32,2,2,10,6.0,Low Risk,0,N/A
CUST-13793,Neutron Capital Solutions,Manufacturing,Enterprise,Month-to-Month,Bank Transfer,2025-01,11,1548.61,16709.72,97,22,1,45,9,72.1,High Risk,0,N/A
CUST-13794,Optima Capital Solutions,Technology,Starter,Month-to-Month,Credit Card,2026-04,1,107.38,107.18,3,43,0,0,8,33.2,Low Risk,0,N/A
CUST-13795,Prism Capital Solutions,Technology,Starter,1-Year,Electronic Check,2025-06,5,180.12,886.26,10,95,2,0,8,3.6,Low Risk,0,N/A
CUST-13796,Radiant Capital Solutions,Financial Services,Starter,Month-to-Month,Bank Transfer,2026-01,5,159.0,817.73,7,72,1,1,3,35.4,Medium Risk,0,N/A
CUST-13797,Solaris Capital Solutions,Financial Services,Starter,Month-to-Month,Bank Transfer,2024-08,4,145.64,591.13,6,59,2,14,9,14.2,Low Risk,0,N/A
CUST-13798,Titan Capital Solutions,Financial Services,Professional,2-Year,Credit Card,2024-12,8,532.43,4285.67,31,23,0,30,2,72.1,High Risk,1,Budget Reallocation / Price
CUST-13799,Zenith Capital Solutions,Technology,Starter,Month-to-Month,Electronic Check,2025-03,2,119.37,243.0,1,42,1,0,9,13.6,Low Risk,0,N/A
CUST-13800,Strata Capital Solutions,Healthcare,Starter,Month-to-Month,Bank Transfer,2026-05,3,151.6,450.93,5,71,0,1,9,16.1,Low Risk,0,N/A
CUST-13801,Synapse Capital Solutions,Technology,Professional,1-Year,Electronic Check,2026-03,3,532.38,1596.5,30,33,5,2,4,83.9,High Risk,1,Missing Core Feature
CUST-13802,Vortex Capital Solutions,E-Commerce,Enterprise,Month-to-Month,Bank Transfer,2025-04,11,1180.83,12618.96,54,17,2,1,8,41.3,Medium Risk,1,Competitor Migration
CUST-13803,Vector Capital Solutions,Education,Starter,1-Year,Credit Card,2025-02,11,143.54,1576.95,5,26,1,1,7,21.4,Low Risk,0,N/A
CUST-13804,Zenith Capital Solutions,E-Commerce,Starter,Month-to-Month,Credit Card,2024-06,25,188.56,4780.41,9,42,1,1,8,9.5,Low Risk,0,N/A
CUST-13805,Aegis Capital Solutions,E-Commerce,Starter,1-Year,Bank Transfer,2025-11,2,117.63,244.3,2,78,1,3,1,24.0,Low Risk,0,N/A
CUST-13806,Orion Capital Solutions,Education,Starter,Month-to-Month,Electronic Check,2026-01,2,111.99,232.03,3,50,0,0,7,33.2,Low Risk,0,N/A
CUST-13807,Apex Insight Solutions,Technology,Professional,Month-to-Month,Credit Card,2026-01,1,296.68,304.6,5,68,6,21,7,94.3,High Risk,0,N/A
CUST-13808,Vanguard Insight Solutions,Financial Services,Professional,2-Year,Credit Card,2025-09,5,329.05,1671.41,7,91,2,1,6,1.2,Low Risk,0,N/A
CUST-13809,Nexus Insight Solutions,Technology,Starter,Month-to-Month,Electronic Check,2025-01,17,170.44,3010.67,10,75,0,2,7,21.4,Low Risk,0,N/A
CUST-13810,Quantum Insight Solutions,E-Commerce,Professional,Month-to-Month,Credit Card,2026-05,2,531.55,1045.06,30,56,0,2,6,33.2,Low Risk,0,N/A
CUST-13811,Hyperion Insight Solutions,Technology,Enterprise,Month-to-Month,Bank Transfer,2025-03,12,1134.79,13826.88,48,17,0,0,7,46.3,Medium Risk,1,Competitor Migration
CUST-13812,Aura Insight Solutions,Financial Services,Professional,1-Year,Bank Transfer,2025-12,6,309.02,1921.94,5,97,1,0,9,1.4,Low Risk,0,N/A
CUST-13813,Catalyst Insight Solutions,E-Commerce,Starter,Month-to-Month,Bank Transfer,2025-06,3,140.2,421.46,5,79,0,21,2,83.2,High Risk,1,Budget Reallocation / Price
CUST-13814,Pulse Insight Solutions,Education,Professional,Month-to-Month,Credit Card,2025-07,4,508.0,2092.7,29,91,1,1,7,8.7,Low Risk,0,N/A
CUST-13815,Vertex Insight Solutions,Education,Starter,Month-to-Month,Bank Transfer,2024-07,17,192.3,3242.57,10,72,3,2,5,35.4,Medium Risk,0,N/A
CUST-13816,Starlight Insight Solutions,Manufacturing,Professional,Month-to-Month,Credit Card,2025-06,14,335.09,4782.37,9,70,5,0,10,26.9,Low Risk,0,N/A
CUST-13817,Beacon Insight Solutions,Healthcare,Starter,1-Year,Electronic Check,2025-09,10,176.79,1713.31,8,45,1,21,5,66.8,High Risk,1,Competitor Migration
CUST-13818,Cobalt Insight Solutions,Manufacturing,Professional,Month-to-Month,Electronic Check,2025-01,1,423.97,433.47,17,40,4,8,4,89.1,High Risk,0,N/A
CUST-13819,Crest Insight Solutions,Education,Starter,Month-to-Month,Credit Card,2025-02,14,170.81,2437.45,9,38,1,8,7,29.9,Low Risk,0,N/A
CUST-13820,Elevation Insight Solutions,E-Commerce,Enterprise,1-Year,Bank Transfer,2025-08,8,1815.16,14609.83,125,24,1,0,8,21.4,Low Risk,0,N/A
CUST-13821,Frontier Insight Solutions,Financial Services,Enterprise,1-Year,Credit Card,2024-07,2,2010.24,4173.12,148,61,0,1,2,32.1,Low Risk,0,N/A
CUST-13822,Horizon Insight Solutions,Healthcare,Starter,Month-to-Month,Bank Transfer,2025-06,12,113.82,1396.43,1,75,1,1,3,35.4,Medium Risk,0,N/A
CUST-13823,Integra Insight Solutions,Technology,Professional,Month-to-Month,Bank Transfer,2025-07,5,524.31,2601.2,31,17,1,14,10,34.3,Low Risk,1,Poor Onboarding Experience
CUST-13824,Kinetic Insight Solutions,Healthcare,Professional,Month-to-Month,Credit Card,2025-11,6,399.15,2460.71,16,19,0,0,10,25.0,Low Risk,0,N/A
CUST-13825,Luminary Insight Solutions,Manufacturing,Professional,1-Year,Credit Card,2024-01,19,488.42,9601.32,27,94,3,8,7,3.2,Low Risk,0,N/A
CUST-13826,Meridian Insight Solutions,Manufacturing,Starter,2-Year,Bank Transfer,2024-01,30,145.57,4355.63,5,56,0,0,1,3.9,Low Risk,0,N/A
CUST-13827,Nova Insight Solutions,Healthcare,Starter,Month-to-Month,Electronic Check,2026-02,3,182.57,528.5,10,45,6,5,8,76.9,High Risk,1,Executive Leadership Turnover
CUST-13828,Omni Insight Solutions,E-Commerce,Professional,Month-to-Month,Bank Transfer,2024-06,5,463.18,2396.37,23,69,0,8,8,34.3,Low Risk,1,Budget Reallocation / Price
CUST-13829,Pinnacle Insight Solutions,Healthcare,Enterprise,Month-to-Month,Credit Card,2024-12,2,911.17,1860.83,22,75,3,5,10,23.1,Low Risk,0,N/A
CUST-13830,Acro Insight Solutions,Education,Professional,Month-to-Month,Bank Transfer,2024-11,4,450.51,1731.37,23,47,1,5,7,29.9,Low Risk,0,N/A
CUST-13831,Boreal Insight Solutions,E-Commerce,Professional,1-Year,Electronic Check,2025-04,11,520.96,5814.95,32,15,0,1,9,11.4,Low Risk,0,N/A
CUST-13832,Cortex Insight Solutions,Financial Services,Starter,Month-to-Month,Credit Card,2025-10,3,163.98,480.61,6,33,3,0,6,56.2,Medium Risk,1,Competitor Migration
CUST-13833,Equinox Insight Solutions,Healthcare,Starter,Month-to-Month,Credit Card,2024-07,20,191.5,3860.55,9,88,1,2,9,1.7,Low Risk,0,N/A
CUST-13834,Flux Insight Solutions,Healthcare,Enterprise,Month-to-Month,Credit Card,2025-07,1,1426.81,1411.89,81,76,0,3,8,28.9,Low Risk,0,N/A
CUST-13835,Galactic Insight Solutions,Technology,Starter,Month-to-Month,Electronic Check,2025-09,2,168.78,341.56,7,32,1,1,2,76.0,High Risk,0,N/A
CUST-13836,Helix Insight Solutions,Technology,Professional,1-Year,Credit Card,2025-08,4,374.35,1557.2,11,82,0,0,4,10.0,Low Risk,0,N/A
CUST-13837,Infini Insight Solutions,Manufacturing,Professional,1-Year,Bank Transfer,2025-07,4,513.31,1983.38,29,15,2,0,6,21.4,Low Risk,0,N/A
CUST-13838,Krypton Insight Solutions,Financial Services,Starter,1-Year,Bank Transfer,2024-04,19,170.25,3196.94,7,27,0,1,6,13.6,Low Risk,0,N/A
CUST-13839,Matrix Insight Solutions,Manufacturing,Professional,2-Year,Bank Transfer,2024-09,9,383.22,3408.48,15,16,1,0,10,3.4,Low Risk,0,N/A
CUST-13840,Neutron Insight Solutions,Financial Services,Professional,2-Year,Credit Card,2024-02,22,477.48,10419.78,24,62,0,1,7,1.6,Low Risk,0,N/A
CUST-13841,Optima Insight Solutions,Healthcare,Starter,Month-to-Month,Bank Transfer,2025-09,5,118.18,573.81,1,49,1,5,7,29.9,Low Risk,0,N/A
CUST-13842,Prism Insight Solutions,Education,Professional,Month-to-Month,Credit Card,2024-12,13,380.59,4994.21,12,70,3,5,9,14.2,Low Risk,1,Budget Reallocation / Price
CUST-13843,Radiant Insight Solutions,Manufacturing,Enterprise,Month-to-Month,Credit Card,2026-05,3,1720.87,5338.86,115,42,3,1,8,28.9,Low Risk,1,Missing Core Feature
CUST-13844,Solaris Insight Solutions,Financial Services,Professional,2-Year,Electronic Check,2024-02,23,364.66,8431.81,12,39,0,0,8,1.6,Low Risk,0,N/A
CUST-13845,Titan Insight Solutions,E-Commerce,Enterprise,Month-to-Month,Credit Card,2026-06,2,943.74,1913.99,24,78,0,3,9,13.6,Low Risk,0,N/A
CUST-13846,Zenith Insight Solutions,Healthcare,Starter,1-Year,Bank Transfer,2025-02,14,100.1,1357.57,2,32,0,1,10,11.4,Low Risk,0,N/A
CUST-13847,Strata Insight Solutions,Healthcare,Enterprise,2-Year,Credit Card,2024-04,9,1424.76,12323.33,83,62,5,0,7,10.9,Low Risk,0,N/A
CUST-13848,Synapse Insight Solutions,Financial Services,Starter,Month-to-Month,Credit Card,2025-09,3,140.32,418.06,4,61,1,1,9,13.6,Low Risk,0,N/A
CUST-13849,Vortex Insight Solutions,Manufacturing,Starter,Month-to-Month,Bank Transfer,2024-12,18,163.71,2856.22,6,88,2,8,8,15.4,Low Risk,0,N/A
CUST-13850,Vector Insight Solutions,E-Commerce,Enterprise,2-Year,Bank Transfer,2025-10,9,1031.45,9248.96,33,57,1,0,8,2.8,Low Risk,0,N/A
CUST-13851,Zenith Insight Solutions,Education,Enterprise,2-Year,Electronic Check,2026-04,1,1146.47,1188.22,47,59,2,5,10,3.7,Low Risk,0,N/A
CUST-13852,Aegis Insight Solutions,Financial Services,Professional,1-Year,Bank Transfer,2024-04,15,337.1,5222.64,7,26,0,5,7,38.9,Medium Risk,1,Competitor Migration
CUST-13853,Orion Insight Solutions,E-Commerce,Professional,2-Year,Bank Transfer,2024-11,8,446.17,3550.39,22,96,2,0,10,0.5,Low Risk,0,N/A
CUST-13854,Apex Dynamic Solutions,Manufacturing,Professional,Month-to-Month,Credit Card,2024-09,10,404.14,4002.99,16,31,0,5,3,80.2,High Risk,1,Competitor Migration
CUST-13855,Vanguard Dynamic Solutions,Financial Services,Professional,Month-to-Month,Credit Card,2024-04,10,386.99,3881.51,14,64,3,1,5,35.4,Medium Risk,1,Budget Reallocation / Price
CUST-13856,Nexus Dynamic Solutions,Technology,Professional,Month-to-Month,Credit Card,2025-09,4,500.23,2072.35,29,24,2,0,7,41.3,Medium Risk,0,N/A
CUST-13857,Quantum Dynamic Solutions,Technology,Starter,Month-to-Month,Bank Transfer,2026-03,5,167.13,856.13,9,39,1,3,5,51.2,Medium Risk,0,N/A
CUST-13858,Hyperion Dynamic Solutions,Technology,Professional,1-Year,Electronic Check,2025-06,3,393.67,1223.31,17,36,0,1,8,16.1,Low Risk,0,N/A
CUST-13859,Aura Dynamic Solutions,Financial Services,Professional,1-Year,Bank Transfer,2025-10,8,322.04,2513.52,8,53,0,1,7,9.5,Low Risk,1,Poor Onboarding Experience
CUST-13860,Catalyst Dynamic Solutions,E-Commerce,Starter,Month-to-Month,Credit Card,2025-03,16,143.65,2251.13,7,90,1,5,7,15.4,Low Risk,0,N/A
CUST-13861,Pulse Dynamic Solutions,Financial Services,Starter,Month-to-Month,Credit Card,2024-09,11,135.85,1544.79,6,55,0,8,8,34.3,Low Risk,1,Budget Reallocation / Price
CUST-13862,Vertex Dynamic Solutions,Manufacturing,Enterprise,Month-to-Month,Bank Transfer,2025-02,3,1409.89,4163.45,80,72,0,5,8,48.8,Medium Risk,1,Missing Core Feature
CUST-13863,Starlight Dynamic Solutions,Financial Services,Starter,2-Year,Electronic Check,2024-01,4,131.73,521.84,4,61,1,0,7,2.8,Low Risk,0,N/A
CUST-13864,Beacon Dynamic Solutions,Financial Services,Enterprise,Month-to-Month,Credit Card,2026-05,3,1676.34,5031.77,109,49,0,2,5,55.0,Medium Risk,1,Poor Onboarding Experience
CUST-13865,Cobalt Dynamic Solutions,Technology,Professional,Month-to-Month,Credit Card,2025-10,5,420.39,2134.0,20,59,0,2,3,40.1,Medium Risk,0,N/A
CUST-13866,Crest Dynamic Solutions,Financial Services,Starter,2-Year,Credit Card,2024-02,28,133.49,3742.94,4,74,0,1,8,1.6,Low Risk,0,N/A
CUST-13867,Elevation Dynamic Solutions,Manufacturing,Starter,Month-to-Month,Electronic Check,2024-10,17,175.15,2863.97,9,32,3,3,10,34.3,Low Risk,0,N/A
CUST-13868,Frontier Dynamic Solutions,Manufacturing,Professional,1-Year,Credit Card,2025-01,9,440.48,3806.57,19,47,0,0,8,9.5,Low Risk,0,N/A
CUST-13869,Horizon Dynamic Solutions,Financial Services,Professional,1-Year,Credit Card,2026-03,5,338.09,1673.9,8,76,0,0,4,10.0,Low Risk,0,N/A
CUST-13870,Integra Dynamic Solutions,Education,Enterprise,Month-to-Month,Credit Card,2026-03,4,1881.42,7615.38,136,93,3,0,9,3.6,Low Risk,0,N/A
CUST-13871,Kinetic Dynamic Solutions,Technology,Starter,Month-to-Month,Bank Transfer,2026-03,2,98.11,191.61,1,36,1,5,9,23.1,Low Risk,0,N/A
CUST-13872,Luminary Dynamic Solutions,Financial Services,Enterprise,1-Year,Electronic Check,2024-04,7,1931.6,13665.56,139,59,3,2,6,7.9,Low Risk,0,N/A
CUST-13873,Meridian Dynamic Solutions,Technology,Professional,1-Year,Bank Transfer,2024-09,1,470.16,465.9,24,55,0,2,5,32.1,Low Risk,0,N/A
CUST-13874,Nova Dynamic Solutions,Technology,Professional,Month-to-Month,Bank Transfer,2024-12,14,472.02,6832.54,24,54,2,21,10,45.0,Medium Risk,1,Budget Reallocation / Price
CUST-13875,Omni Dynamic Solutions,Healthcare,Professional,Month-to-Month,Credit Card,2025-10,3,311.95,966.79,6,36,0,0,7,33.2,Low Risk,0,N/A
CUST-13876,Pinnacle Dynamic Solutions,Healthcare,Professional,1-Year,Credit Card,2026-05,3,461.67,1383.47,24,87,0,1,8,7.6,Low Risk,0,N/A
CUST-13877,Acro Dynamic Solutions,Healthcare,Professional,Month-to-Month,Credit Card,2024-04,6,466.08,2759.15,24,80,3,5,8,15.4,Low Risk,0,N/A
CUST-13878,Boreal Dynamic Solutions,E-Commerce,Starter,Month-to-Month,Bank Transfer,2025-03,2,129.49,253.7,4,41,0,0,4,55.0,Medium Risk,0,N/A
CUST-13879,Cortex Dynamic Solutions,Education,Professional,Month-to-Month,Credit Card,2025-09,5,509.8,2515.52,27,37,0,0,7,21.4,Low Risk,0,N/A
CUST-13880,Equinox Dynamic Solutions,Education,Professional,Month-to-Month,Credit Card,2025-05,12,400.41,4879.16,15,95,0,1,7,10.4,Low Risk,0,N/A
CUST-13881,Flux Dynamic Solutions,Financial Services,Starter,1-Year,Bank Transfer,2024-11,8,130.53,1068.45,5,58,0,0,2,20.6,Low Risk,1,Budget Reallocation / Price
CUST-13882,Galactic Dynamic Solutions,E-Commerce,Enterprise,Month-to-Month,Credit Card,2025-07,11,964.41,10583.23,25,87,3,3,4,31.0,Low Risk,0,N/A
CUST-13883,Helix Dynamic Solutions,Financial Services,Professional,Month-to-Month,Credit Card,2025-10,2,388.53,790.47,15,19,3,5,4,85.8,High Risk,0,N/A
CUST-13884,Infini Dynamic Solutions,Healthcare,Professional,Month-to-Month,Electronic Check,2025-02,17,556.72,9283.86,35,43,0,0,6,21.4,Low Risk,0,N/A
CUST-13885,Krypton Dynamic Solutions,Healthcare,Enterprise,1-Year,Credit Card,2025-12,2,1801.66,3469.67,124,29,0,1,9,19.0,Low Risk,1,Executive Leadership Turnover
CUST-13886,Matrix Dynamic Solutions,Financial Services,Starter,Month-to-Month,Credit Card,2025-06,9,179.25,1561.68,10,19,2,21,8,87.0,High Risk,1,Low User Adoption
CUST-13887,Neutron Dynamic Solutions,Healthcare,Professional,2-Year,Credit Card,2025-01,7,372.02,2540.03,14,58,1,0,8,2.8,Low Risk,0,N/A
CUST-13888,Optima Dynamic Solutions,E-Commerce,Enterprise,2-Year,Electronic Check,2025-03,3,1300.03,3835.59,68,87,1,0,8,2.2,Low Risk,0,N/A
CUST-13889,Prism Dynamic Solutions,Financial Services,Starter,Month-to-Month,Credit Card,2025-09,7,182.54,1286.29,9,15,3,5,6,57.4,Medium Risk,1,Executive Leadership Turnover
CUST-13890,Radiant Dynamic Solutions,Technology,Professional,Month-to-Month,Credit Card,2024-03,20,514.56,10695.6,29,62,0,2,7,11.4,Low Risk,0,N/A
CUST-13891,Solaris Dynamic Solutions,Manufacturing,Professional,Month-to-Month,Bank Transfer,2025-07,11,449.61,5108.4,23,30,3,2,6,41.3,Medium Risk,0,N/A
CUST-13892,Titan Dynamic Solutions,E-Commerce,Starter,2-Year,Bank Transfer,2025-11,1,103.57,106.99,2,19,0,0,6,16.8,Low Risk,0,N/A
CUST-13893,Zenith Dynamic Solutions,Manufacturing,Professional,2-Year,Credit Card,2024-11,7,534.62,3770.22,33,40,0,1,4,7.9,Low Risk,0,N/A
CUST-13894,Strata Dynamic Solutions,E-Commerce,Professional,1-Year,Electronic Check,2024-12,18,417.06,7609.92,18,49,0,0,4,20.6,Low Risk,1,Executive Leadership Turnover
CUST-13895,Synapse Dynamic Solutions,E-Commerce,Starter,1-Year,Electronic Check,2024-07,20,108.16,2079.82,2,66,2,2,6,3.9,Low Risk,0,N/A
CUST-13896,Vortex Dynamic Solutions,Financial Services,Professional,2-Year,Credit Card,2025-10,3,329.21,1026.32,7,74,0,1,8,6.0,Low Risk,0,N/A
CUST-13897,Vector Dynamic Solutions,Financial Services,Professional,Month-to-Month,Bank Transfer,2025-05,5,466.3,2381.7,24,41,0,0,3,40.1,Medium Risk,0,N/A
CUST-13898,Zenith Dynamic Solutions,Healthcare,Professional,2-Year,Electronic Check,2025-02,2,343.6,687.87,10,69,0,21,1,59.9,Medium Risk,0,N/A
CUST-13899,Aegis Dynamic Solutions,Manufacturing,Starter,1-Year,Electronic Check,2025-12,6,124.67,724.31,5,94,1,1,9,1.4,Low Risk,0,N/A
CUST-13900,Orion Dynamic Solutions,Technology,Starter,Month-to-Month,Bank Transfer,2024-08,22,108.54,2369.07,1,49,1,0,4,20.6,Low Risk,0,N/A
CUST-13901,Apex Applied Solutions,Healthcare,Professional,Month-to-Month,Electronic Check,2024-10,15,359.53,5300.36,13,32,0,0,5,67.9,High Risk,1,Competitor Migration
CUST-13902,Vanguard Applied Solutions,Healthcare,Professional,1-Year,Bank Transfer,2024-01,18,498.42,8783.01,28,25,1,3,6,34.3,Low Risk,0,N/A
CUST-13903,Nexus Applied Solutions,Manufacturing,Professional,2-Year,Credit Card,2024-11,6,535.63,3090.16,31,72,2,14,7,5.2,Low Risk,0,N/A
CUST-13904,Quantum Applied Solutions,Technology,Professional,Month-to-Month,Credit Card,2026-01,4,437.07,1683.82,22,64,0,0,4,40.1,Medium Risk,0,N/A
CUST-13905,Hyperion Applied Solutions,E-Commerce,Starter,1-Year,Credit Card,2024-01,20,110.28,2238.47,1,70,2,1,9,1.6,Low Risk,0,N/A
CUST-13906,Aura Applied Solutions,Manufacturing,Starter,Month-to-Month,Bank Transfer,2024-02,5,160.46,773.51,8,59,3,0,8,18.2,Low Risk,1,Poor Onboarding Experience
CUST-13907,Catalyst Applied Solutions,Education,Starter,1-Year,Bank Transfer,2024-12,7,180.74,1238.88,8,74,0,0,8,9.5,Low Risk,0,N/A
CUST-13908,Pulse Applied Solutions,Technology,Starter,Month-to-Month,Electronic Check,2025-02,9,117.78,1037.62,3,71,2,8,2,51.2,Medium Risk,0,N/A
CUST-13909,Vertex Applied Solutions,Technology,Starter,Month-to-Month,Bank Transfer,2025-06,13,180.01,2411.89,10,53,0,1,7,21.4,Low Risk,1,Budget Reallocation / Price
CUST-13910,Starlight Applied Solutions,Technology,Professional,2-Year,Credit Card,2025-09,5,531.52,2592.96,31,87,0,0,9,0.6,Low Risk,0,N/A
CUST-13911,Beacon Applied Solutions,Education,Starter,Month-to-Month,Credit Card,2026-06,1,151.58,147.16,8,57,0,8,6,48.8,Medium Risk,1,Executive Leadership Turnover
CUST-13912,Cobalt Applied Solutions,Healthcare,Enterprise,Month-to-Month,Bank Transfer,2024-06,23,1385.58,32757.72,75,91,1,2,5,10.0,Low Risk,0,N/A
CUST-13913,Crest Applied Solutions,Financial Services,Enterprise,Month-to-Month,Credit Card,2024-12,6,1886.03,10869.43,136,30,2,1,10,21.4,Low Risk,0,N/A
CUST-13914,Elevation Applied Solutions,E-Commerce,Starter,1-Year,Credit Card,2025-09,2,112.87,220.4,3,56,0,0,6,16.1,Low Risk,0,N/A
CUST-13915,Frontier Applied Solutions,E-Commerce,Enterprise,Month-to-Month,Credit Card,2024-01,31,918.25,28866.0,23,39,2,2,5,20.6,Low Risk,0,N/A
CUST-13916,Horizon Applied Solutions,Healthcare,Starter,Month-to-Month,Electronic Check,2026-06,2,187.5,372.19,10,36,1,0,3,50.0,Medium Risk,0,N/A
CUST-13917,Integra Applied Solutions,Financial Services,Professional,Month-to-Month,Credit Card,2025-09,8,553.97,4557.8,35,93,5,1,6,28.9,Low Risk,0,N/A
CUST-13918,Kinetic Applied Solutions,Healthcare,Starter,Month-to-Month,Electronic Check,2024-03,23,171.29,4034.99,9,44,0,0,8,11.4,Low Risk,0,N/A
CUST-13919,Luminary Applied Solutions,Education,Professional,1-Year,Bank Transfer,2025-09,7,351.41,2417.19,9,76,0,2,3,10.0,Low Risk,0,N/A
CUST-13920,Meridian Applied Solutions,Technology,Enterprise,1-Year,Credit Card,2024-04,14,1658.19,23569.47,110,20,2,1,8,21.4,Low Risk,0,N/A
CUST-13921,Nova Applied Solutions,E-Commerce,Starter,Month-to-Month,Bank Transfer,2025-05,8,158.04,1270.96,7,87,0,1,6,10.4,Low Risk,1,Missing Core Feature
CUST-13922,Omni Applied Solutions,E-Commerce,Starter,1-Year,Bank Transfer,2025-12,3,153.03,473.23,6,72,1,0,8,13.6,Low Risk,0,N/A
CUST-13923,Pinnacle Applied Solutions,E-Commerce,Professional,1-Year,Credit Card,2024-10,16,341.92,5312.71,11,24,0,0,7,25.0,Low Risk,1,Executive Leadership Turnover
CUST-13924,Acro Applied Solutions,Healthcare,Enterprise,1-Year,Credit Card,2026-03,1,1693.35,1645.55,112,32,1,0,10,16.1,Low Risk,0,N/A
CUST-13925,Boreal Applied Solutions,Technology,Professional,1-Year,Bank Transfer,2025-07,9,361.51,3286.51,12,94,2,0,8,3.6,Low Risk,0,N/A
CUST-13926,Cortex Applied Solutions,Manufacturing,Professional,2-Year,Bank Transfer,2026-03,4,518.95,2149.23,29,92,0,2,7,1.5,Low Risk,0,N/A
CUST-13927,Equinox Applied Solutions,Healthcare,Starter,1-Year,Bank Transfer,2025-07,13,111.22,1423.26,1,64,3,3,9,6.0,Low Risk,0,N/A
CUST-13928,Flux Applied Solutions,Education,Starter,Month-to-Month,Bank Transfer,2026-05,2,170.19,344.08,9,34,3,1,2,76.0,High Risk,1,Low User Adoption
CUST-13929,Galactic Applied Solutions,Manufacturing,Professional,1-Year,Bank Transfer,2024-06,19,335.07,6232.7,8,80,0,0,8,2.1,Low Risk,0,N/A
CUST-13930,Helix Applied Solutions,Education,Starter,2-Year,Credit Card,2025-06,2,132.49,258.51,2,24,2,2,8,14.2,Low Risk,0,N/A
CUST-13931,Infini Applied Solutions,Education,Starter,1-Year,Bank Transfer,2024-11,2,123.95,241.28,1,51,0,5,4,47.5,Medium Risk,1,Low User Adoption
CUST-13932,Krypton Applied Solutions,Manufacturing,Enterprise,Month-to-Month,Electronic Check,2025-09,5,902.47,4685.25,21,29,2,1,8,41.3,Medium Risk,0,N/A
CUST-13933,Matrix Applied Solutions,E-Commerce,Enterprise,Month-to-Month,Credit Card,2024-11,4,1504.58,5784.3,89,98,2,0,5,19.0,Low Risk,1,Poor Onboarding Experience
CUST-13934,Neutron Applied Solutions,Education,Starter,Month-to-Month,Credit Card,2024-06,6,125.68,731.68,5,68,3,1,6,18.2,Low Risk,0,N/A
CUST-13935,Optima Applied Solutions,Manufacturing,Starter,Month-to-Month,Bank Transfer,2025-05,2,134.43,264.01,6,30,1,3,6,71.1,High Risk,1,Low User Adoption
CUST-13936,Prism Applied Solutions,E-Commerce,Starter,2-Year,Bank Transfer,2026-05,1,120.47,120.68,4,22,3,5,8,24.0,Low Risk,0,N/A
CUST-13937,Radiant Applied Solutions,Education,Enterprise,1-Year,Credit Card,2026-06,1,1173.37,1161.23,50,21,0,1,4,59.9,Medium Risk,0,N/A
CUST-13938,Solaris Applied Solutions,Financial Services,Professional,Month-to-Month,Credit Card,2024-01,4,476.01,1879.15,23,49,5,1,9,26.9,Low Risk,0,N/A
CUST-13939,Titan Applied Solutions,Healthcare,Enterprise,Month-to-Month,Bank Transfer,2025-03,4,1773.33,7125.1,122,65,1,0,7,18.2,Low Risk,0,N/A
CUST-13940,Zenith Applied Solutions,E-Commerce,Professional,2-Year,Credit Card,2026-04,2,495.16,978.28,26,83,0,1,9,1.0,Low Risk,0,N/A
CUST-13941,Strata Applied Solutions,Technology,Starter,2-Year,Electronic Check,2025-06,1,139.6,141.8,5,38,6,0,3,35.4,Medium Risk,1,Missing Core Feature
CUST-13942,Synapse Applied Solutions,Manufacturing,Starter,Month-to-Month,Bank Transfer,2024-09,10,126.59,1295.92,2,54,1,1,8,18.2,Low Risk,0,N/A
CUST-13943,Vortex Applied Solutions,Manufacturing,Professional,1-Year,Bank Transfer,2024-01,30,385.79,11339.21,14,26,1,1,8,11.4,Low Risk,0,N/A
CUST-13944,Vector Applied Solutions,Financial Services,Starter,Month-to-Month,Credit Card,2024-07,21,126.64,2654.48,5,20,0,1,7,28.9,Low Risk,0,N/A
CUST-13945,Zenith Applied Solutions,E-Commerce,Professional,1-Year,Credit Card,2024-09,14,328.07,4767.1,8,54,2,1,9,3.2,Low Risk,0,N/A
CUST-13946,Aegis Applied Solutions,Manufacturing,Professional,1-Year,Electronic Check,2026-05,1,341.58,349.25,9,80,0,1,7,7.6,Low Risk,0,N/A
CUST-13947,Orion Applied Solutions,Financial Services,Enterprise,Month-to-Month,Electronic Check,2024-10,16,1019.43,15914.24,34,74,0,3,9,16.8,Low Risk,0,N/A
CUST-13948,Apex Core Solutions,E-Commerce,Starter,Month-to-Month,Credit Card,2024-09,19,168.1,3083.59,10,52,5,1,8,31.0,Low Risk,0,N/A
CUST-13949,Vanguard Core Solutions,Manufacturing,Starter,1-Year,Credit Card,2026-03,5,150.46,744.06,8,63,0,1,3,20.6,Low Risk,0,N/A
CUST-13950,Nexus Core Solutions,Manufacturing,Professional,2-Year,Credit Card,2026-06,1,522.1,504.91,31,54,1,3,10,3.7,Low Risk,0,N/A
CUST-13951,Quantum Core Solutions,Healthcare,Enterprise,Month-to-Month,Electronic Check,2025-11,5,1591.09,7850.55,101,27,2,1,7,41.3,Medium Risk,0,N/A
CUST-13952,Hyperion Core Solutions,Technology,Enterprise,2-Year,Bank Transfer,2025-05,12,1148.91,13640.47,50,17,2,2,9,3.4,Low Risk,0,N/A
CUST-13953,Aura Core Solutions,E-Commerce,Professional,1-Year,Electronic Check,2024-06,12,470.29,5831.14,23,58,0,1,3,20.6,Low Risk,1,Executive Leadership Turnover
CUST-13954,Catalyst Core Solutions,Healthcare,Starter,Month-to-Month,Bank Transfer,2024-02,27,193.43,5279.31,10,81,1,1,8,4.3,Low Risk,0,N/A
CUST-13955,Pulse Core Solutions,Education,Enterprise,Month-to-Month,Electronic Check,2024-06,19,934.67,18222.14,22,92,3,5,8,7.9,Low Risk,0,N/A
CUST-13956,Vertex Core Solutions,Technology,Professional,Month-to-Month,Electronic Check,2025-06,10,291.26,2876.41,5,42,0,0,1,40.1,Medium Risk,1,Poor Onboarding Experience
CUST-13957,Starlight Core Solutions,Financial Services,Enterprise,Month-to-Month,Electronic Check,2025-02,11,926.71,10452.21,24,15,0,1,8,46.3,Medium Risk,1,Executive Leadership Turnover
CUST-13958,Beacon Core Solutions,Manufacturing,Starter,Month-to-Month,Electronic Check,2025-12,5,152.87,781.33,6,87,0,1,7,10.4,Low Risk,0,N/A
CUST-13959,Cobalt Core Solutions,Manufacturing,Enterprise,Month-to-Month,Bank Transfer,2026-01,5,1332.39,6615.59,69,39,1,1,9,7.9,Low Risk,0,N/A
CUST-13960,Crest Core Solutions,Healthcare,Starter,Month-to-Month,Bank Transfer,2026-06,2,172.01,338.49,8,55,0,1,10,16.1,Low Risk,0,N/A
CUST-13961,Elevation Core Solutions,Education,Professional,Month-to-Month,Electronic Check,2025-11,8,489.47,3802.44,27,84,1,0,8,8.7,Low Risk,0,N/A
CUST-13962,Frontier Core Solutions,Financial Services,Enterprise,Month-to-Month,Credit Card,2026-02,5,1875.83,9636.21,133,75,0,1,6,21.4,Low Risk,1,Budget Reallocation / Price
CUST-13963,Horizon Core Solutions,Manufacturing,Starter,1-Year,Credit Card,2025-05,10,175.65,1767.32,9,62,3,0,9,3.2,Low Risk,0,N/A
CUST-13964,Integra Core Solutions,Manufacturing,Professional,1-Year,Bank Transfer,2026-05,1,440.23,441.57,19,17,0,0,8,37.8,Medium Risk,0,N/A
CUST-13965,Kinetic Core Solutions,Financial Services,Starter,1-Year,Bank Transfer,2026-05,2,125.1,254.76,3,17,0,0,7,37.8,Medium Risk,0,N/A
CUST-13966,Luminary Core Solutions,Financial Services,Enterprise,1-Year,Credit Card,2024-08,8,1296.05,10210.71,67,21,1,2,5,40.1,Medium Risk,1,Budget Reallocation / Price
CUST-13967,Meridian Core Solutions,Education,Professional,2-Year,Bank Transfer,2024-03,24,533.1,12857.99,30,20,3,2,6,4.1,Low Risk,0,N/A
CUST-13968,Nova Core Solutions,Technology,Professional,Month-to-Month,Credit Card,2025-04,1,526.63,544.65,30,88,1,2,8,14.8,Low Risk,0,N/A
CUST-13969,Omni Core Solutions,Education,Professional,1-Year,Electronic Check,2026-05,2,538.68,1044.44,31,65,1,0,1,27.9,Low Risk,0,N/A
CUST-13970,Pinnacle Core Solutions,Technology,Starter,2-Year,Bank Transfer,2025-11,7,145.64,990.32,6,32,0,21,8,51.2,Medium Risk,0,N/A
CUST-13971,Acro Core Solutions,Technology,Starter,Month-to-Month,Bank Transfer,2026-02,1,199.59,203.88,10,47,0,0,7,33.2,Low Risk,0,N/A
CUST-13972,Boreal Core Solutions,Education,Starter,2-Year,Credit Card,2025-02,5,156.95,804.99,6,38,0,0,6,3.4,Low Risk,0,N/A
CUST-13973,Cortex Core Solutions,Manufacturing,Starter,Month-to-Month,Bank Transfer,2024-08,21,100.21,2097.07,1,76,2,3,1,17.5,Low Risk,0,N/A
CUST-13974,Equinox Core Solutions,Technology,Professional,1-Year,Credit Card,2025-08,4,345.34,1372.57,11,33,0,1,10,11.4,Low Risk,0,N/A
CUST-13975,Flux Core Solutions,E-Commerce,Professional,Month-to-Month,Credit Card,2024-07,6,389.74,2427.68,13,50,0,3,7,34.3,Low Risk,1,Executive Leadership Turnover
CUST-13976,Galactic Core Solutions,Manufacturing,Professional,2-Year,Credit Card,2025-04,10,458.99,4542.8,22,70,2,1,8,2.8,Low Risk,0,N/A
CUST-13977,Helix Core Solutions,Financial Services,Starter,Month-to-Month,Credit Card,2024-09,13,171.78,2208.7,10,83,2,5,8,15.4,Low Risk,0,N/A
CUST-13978,Infini Core Solutions,E-Commerce,Starter,Month-to-Month,Electronic Check,2024-11,4,129.35,499.52,3,26,1,1,7,41.3,Medium Risk,1,Executive Leadership Turnover
CUST-13979,Krypton Core Solutions,Financial Services,Professional,Month-to-Month,Credit Card,2025-02,7,439.78,3002.92,20,89,1,3,10,6.6,Low Risk,0,N/A
CUST-13980,Matrix Core Solutions,Manufacturing,Professional,2-Year,Electronic Check,2025-04,16,545.66,8734.41,32,87,4,21,9,16.1,Low Risk,0,N/A
CUST-13981,Neutron Core Solutions,Manufacturing,Professional,1-Year,Credit Card,2024-06,1,431.37,432.58,19,57,2,0,9,5.7,Low Risk,0,N/A
CUST-13982,Optima Core Solutions,Financial Services,Professional,Month-to-Month,Bank Transfer,2025-02,11,351.8,3741.6,9,26,1,1,6,41.3,Medium Risk,1,Competitor Migration
CUST-13983,Prism Core Solutions,Technology,Starter,Month-to-Month,Credit Card,2025-09,10,121.18,1234.28,2,79,1,1,2,19.0,Low Risk,0,N/A
CUST-13984,Radiant Core Solutions,Education,Professional,2-Year,Bank Transfer,2026-03,4,401.57,1587.0,15,21,2,0,1,18.2,Low Risk,0,N/A
CUST-13985,Solaris Core Solutions,Healthcare,Professional,2-Year,Electronic Check,2024-11,12,409.29,4866.63,19,36,0,1,8,3.4,Low Risk,0,N/A
CUST-13986,Titan Core Solutions,Financial Services,Starter,Month-to-Month,Credit Card,2026-02,2,178.15,347.18,10,55,0,1,4,55.0,Medium Risk,0,N/A
CUST-13987,Zenith Core Solutions,E-Commerce,Professional,Month-to-Month,Bank Transfer,2024-05,3,313.5,921.99,7,50,1,0,8,28.9,Low Risk,0,N/A
CUST-13988,Strata Core Solutions,Education,Starter,1-Year,Bank Transfer,2025-10,4,144.1,585.9,6,34,1,0,8,21.4,Low Risk,1,Executive Leadership Turnover
CUST-13989,Synapse Core Solutions,Technology,Professional,Month-to-Month,Credit Card,2025-12,3,532.21,1582.59,31,94,1,1,7,14.8,Low Risk,1,Budget Reallocation / Price
CUST-13990,Vortex Core Solutions,Manufacturing,Enterprise,1-Year,Credit Card,2026-05,2,1975.72,3853.3,147,80,0,1,4,16.8,Low Risk,1,Executive Leadership Turnover
CUST-13991,Vector Core Solutions,Technology,Professional,Month-to-Month,Credit Card,2024-09,12,389.02,4828.83,13,87,1,2,1,19.0,Low Risk,1,Poor Onboarding Experience
CUST-13992,Zenith Core Solutions,Technology,Professional,2-Year,Electronic Check,2024-05,14,426.36,6000.65,19,52,1,30,7,21.4,Low Risk,0,N/A
CUST-13993,Aegis Core Solutions,Manufacturing,Professional,Month-to-Month,Electronic Check,2024-08,3,366.38,1058.94,13,33,2,2,9,33.2,Low Risk,0,N/A
CUST-13994,Orion Core Solutions,Healthcare,Professional,1-Year,Bank Transfer,2025-05,2,450.6,872.1,23,25,0,0,10,19.0,Low Risk,1,Executive Leadership Turnover
CUST-13995,Apex Prime Solutions,Healthcare,Professional,Month-to-Month,Credit Card,2024-02,11,437.39,4806.88,21,52,3,3,8,29.9,Low Risk,1,Competitor Migration
CUST-13996,Vanguard Prime Solutions,Technology,Professional,Month-to-Month,Credit Card,2025-08,1,550.21,540.83,32,20,0,0,8,61.1,Medium Risk,1,Competitor Migration
CUST-13997,Nexus Prime Solutions,E-Commerce,Professional,Month-to-Month,Electronic Check,2026-05,3,373.89,1089.4,14,54,1,45,5,90.5,High Risk,1,Competitor Migration
CUST-13998,Quantum Prime Solutions,Healthcare,Professional,1-Year,Bank Transfer,2025-11,7,495.78,3353.06,26,76,0,3,8,7.9,Low Risk,0,N/A
CUST-13999,Hyperion Prime Solutions,E-Commerce,Enterprise,1-Year,Credit Card,2025-06,3,1519.17,4404.35,91,32,0,0,4,59.9,Medium Risk,0,N/A
CUST-14000,Aura Prime Solutions,Financial Services,Enterprise,Month-to-Month,Credit Card,2025-12,5,1712.47,8307.26,113,36,2,0,8,18.2,Low Risk,0,N/A
CUST-14001,Catalyst Prime Solutions,Financial Services,Professional,2-Year,Credit Card,2026-03,5,481.94,2450.74,26,98,3,0,9,0.5,Low Risk,0,N/A
CUST-14002,Pulse Prime Solutions,Financial Services,Starter,1-Year,Credit Card,2024-04,8,159.91,1313.44,8,29,1,3,10,16.8,Low Risk,0,N/A
CUST-14003,Vertex Prime Solutions,Healthcare,Starter,Month-to-Month,Electronic Check,2024-11,20,93.57,1839.47,1,69,3,2,6,9.5,Low Risk,0,N/A
CUST-14004,Starlight Prime Solutions,Manufacturing,Starter,1-Year,Bank Transfer,2026-04,3,125.76,382.75,2,86,2,1,7,6.3,Low Risk,0,N/A
CUST-14005,Beacon Prime Solutions,Education,Enterprise,Month-to-Month,Credit Card,2025-08,3,1646.71,5064.26,109,64,0,0,1,55.0,Medium Risk,1,Poor Onboarding Experience
CUST-14006,Cobalt Prime Solutions,Manufacturing,Enterprise,Month-to-Month,Credit Card,2025-12,7,965.6,6801.82,27,96,0,21,2,73.1,High Risk,1,Budget Reallocation / Price
CUST-14007,Crest Prime Solutions,Manufacturing,Starter,Month-to-Month,Credit Card,2024-09,8,117.21,913.09,2,45,0,0,8,21.4,Low Risk,0,N/A
CUST-14008,Elevation Prime Solutions,Technology,Enterprise,1-Year,Electronic Check,2024-02,18,2010.51,34864.7,150,32,0,30,6,76.0,High Risk,1,Competitor Migration
CUST-14009,Frontier Prime Solutions,Manufacturing,Starter,1-Year,Credit Card,2025-05,1,144.92,139.3,6,52,1,0,7,13.6,Low Risk,0,N/A
CUST-14010,Horizon Prime Solutions,Technology,Starter,1-Year,Electronic Check,2026-05,3,163.35,472.17,9,93,2,3,9,4.7,Low Risk,0,N/A
CUST-14011,Integra Prime Solutions,E-Commerce,Professional,Month-to-Month,Credit Card,2025-05,6,323.27,1892.58,6,74,2,3,5,51.2,Medium Risk,0,N/A
CUST-14012,Kinetic Prime Solutions,E-Commerce,Starter,1-Year,Electronic Check,2024-11,1,133.36,136.94,6,65,3,14,4,42.6,Medium Risk,0,N/A
CUST-14013,Luminary Prime Solutions,Technology,Enterprise,2-Year,Electronic Check,2025-10,7,1650.91,11923.7,109,92,3,3,8,2.3,Low Risk,0,N/A
CUST-14014,Meridian Prime Solutions,E-Commerce,Professional,1-Year,Electronic Check,2025-12,6,407.34,2405.92,17,47,1,5,4,28.9,Low Risk,1,Low User Adoption
CUST-14015,Nova Prime Solutions,Technology,Starter,Month-to-Month,Credit Card,2025-03,9,118.29,1042.49,1,39,1,0,8,18.2,Low Risk,1,Poor Onboarding Experience
CUST-14016,Omni Prime Solutions,Healthcare,Starter,1-Year,Electronic Check,2025-10,9,111.15,1018.78,3,43,0,1,9,3.9,Low Risk,0,N/A
CUST-14017,Pinnacle Prime Solutions,Healthcare,Professional,Month-to-Month,Bank Transfer,2025-04,16,368.53,5697.65,13,66,1,1,7,18.2,Low Risk,0,N/A
CUST-14018,Acro Prime Solutions,Education,Professional,Month-to-Month,Bank Transfer,2024-04,17,298.16,5118.66,6,63,0,3,7,34.3,Low Risk,0,N/A
CUST-14019,Boreal Prime Solutions,Education,Enterprise,1-Year,Bank Transfer,2024-05,13,1561.29,21042.24,97,90,1,1,9,1.4,Low Risk,0,N/A
CUST-14020,Cortex Prime Solutions,Education,Starter,Month-to-Month,Bank Transfer,2025-04,12,155.16,1803.78,6,78,2,1,3,19.0,Low Risk,0,N/A
CUST-14021,Equinox Prime Solutions,Healthcare,Professional,Month-to-Month,Bank Transfer,2025-12,5,438.25,2122.08,22,50,0,1,10,9.5,Low Risk,0,N/A
CUST-14022,Flux Prime Solutions,Healthcare,Professional,Month-to-Month,Electronic Check,2025-10,5,314.56,1602.98,7,28,1,1,8,41.3,Medium Risk,1,Poor Onboarding Experience
CUST-14023,Galactic Prime Solutions,Financial Services,Professional,1-Year,Electronic Check,2025-03,8,322.45,2516.16,7,44,3,1,2,17.5,Low Risk,1,Budget Reallocation / Price
CUST-14024,Helix Prime Solutions,Technology,Starter,Month-to-Month,Credit Card,2024-03,21,182.52,3823.07,10,19,1,5,4,61.1,Medium Risk,0,N/A
CUST-14025,Infini Prime Solutions,E-Commerce,Enterprise,Month-to-Month,Bank Transfer,2025-02,13,904.2,11364.29,20,16,1,1,7,41.3,Medium Risk,0,N/A
CUST-14026,Krypton Prime Solutions,Education,Enterprise,Month-to-Month,Bank Transfer,2024-01,16,1307.77,20124.78,67,55,1,1,7,18.2,Low Risk,0,N/A
CUST-14027,Matrix Prime Solutions,E-Commerce,Starter,Month-to-Month,Electronic Check,2025-07,3,138.69,412.88,4,79,1,1,8,14.8,Low Risk,0,N/A
CUST-14028,Neutron Prime Solutions,Education,Professional,Month-to-Month,Bank Transfer,2024-11,9,472.81,4226.71,25,90,5,14,8,43.8,Medium Risk,1,Missing Core Feature
CUST-14029,Optima Prime Solutions,Manufacturing,Enterprise,Month-to-Month,Credit Card,2024-02,1,1232.34,1237.45,59,40,2,1,2,50.0,Medium Risk,0,N/A
CUST-14030,Prism Prime Solutions,E-Commerce,Starter,Month-to-Month,Bank Transfer,2026-04,1,123.39,123.85,4,79,1,5,6,25.0,Low Risk,0,N/A
CUST-14031,Radiant Prime Solutions,Technology,Enterprise,2-Year,Electronic Check,2026-04,4,1303.92,5268.38,67,79,2,0,7,1.2,Low Risk,0,N/A
CUST-14032,Solaris Prime Solutions,Healthcare,Starter,1-Year,Credit Card,2025-04,3,159.76,466.8,9,77,1,0,1,14.2,Low Risk,0,N/A
CUST-14033,Titan Prime Solutions,E-Commerce,Enterprise,Month-to-Month,Credit Card,2024-09,4,1834.81,7056.22,131,75,1,0,6,18.2,Low Risk,0,N/A
CUST-14034,Zenith Prime Solutions,Technology,Starter,Month-to-Month,Bank Transfer,2026-03,2,119.68,231.31,1,30,0,1,1,79.4,High Risk,0,N/A
CUST-14035,Strata Prime Solutions,Education,Enterprise,1-Year,Credit Card,2024-04,12,1453.71,17818.34,83,96,1,3,3,14.8,Low Risk,0,N/A
CUST-14036,Synapse Prime Solutions,Healthcare,Starter,1-Year,Electronic Check,2024-11,13,137.08,1790.72,4,24,1,8,9,16.8,Low Risk,0,N/A
CUST-14037,Vortex Prime Solutions,Technology,Starter,Month-to-Month,Electronic Check,2024-11,20,183.05,3687.52,9,71,0,8,10,8.7,Low Risk,0,N/A
CUST-14038,Vector Prime Solutions,Financial Services,Professional,Month-to-Month,Bank Transfer,2025-10,10,519.34,5335.83,28,16,3,3,5,76.9,High Risk,1,Competitor Migration
CUST-14039,Zenith Prime Solutions,E-Commerce,Starter,Month-to-Month,Electronic Check,2025-07,7,117.33,826.58,2,84,3,0,7,8.7,Low Risk,0,N/A
CUST-14040,Aegis Prime Solutions,E-Commerce,Professional,2-Year,Credit Card,2025-03,15,471.54,7003.4,23,18,2,1,8,8.3,Low Risk,0,N/A
CUST-14041,Orion Prime Solutions,E-Commerce,Enterprise,1-Year,Credit Card,2025-08,8,1558.92,12405.2,95,71,2,1,9,3.2,Low Risk,0,N/A
CUST-14042,Apex Direct Solutions,Healthcare,Professional,Month-to-Month,Bank Transfer,2025-03,11,529.7,5709.32,30,19,2,1,4,63.4,Medium Risk,0,N/A
CUST-14043,Vanguard Direct Solutions,E-Commerce,Starter,Month-to-Month,Credit Card,2025-11,2,134.31,259.0,4,37,1,2,7,28.9,Low Risk,0,N/A
CUST-14044,Nexus Direct Solutions,Healthcare,Professional,Month-to-Month,Electronic Check,2024-01,24,465.16,10838.12,22,61,0,21,10,32.1,Low Risk,0,N/A
CUST-14045,Quantum Direct Solutions,Healthcare,Starter,Month-to-Month,Credit Card,2024-06,26,149.49,3972.48,6,95,1,8,10,3.2,Low Risk,0,N/A
CUST-14046,Hyperion Direct Solutions,Healthcare,Professional,1-Year,Electronic Check,2025-04,13,522.13,6958.31,31,94,2,0,7,3.6,Low Risk,0,N/A
CUST-14047,Aura Direct Solutions,Technology,Professional,Month-to-Month,Credit Card,2025-08,12,504.87,5952.8,28,16,1,0,8,41.3,Medium Risk,1,Executive Leadership Turnover
CUST-14048,Catalyst Direct Solutions,Financial Services,Starter,Month-to-Month,Electronic Check,2025-03,1,117.2,113.68,2,96,1,8,8,25.0,Low Risk,0,N/A
CUST-14049,Pulse Direct Solutions,Education,Professional,1-Year,Credit Card,2026-03,5,498.54,2537.42,29,63,0,0,7,9.5,Low Risk,0,N/A
CUST-14050,Vertex Direct Solutions,Technology,Enterprise,2-Year,Credit Card,2026-01,6,1436.65,8388.16,84,65,5,0,1,23.1,Low Risk,0,N/A
CUST-14051,Starlight Direct Solutions,Education,Professional,Month-to-Month,Electronic Check,2024-12,13,337.16,4249.4,7,69,1,0,9,7.9,Low Risk,1,Poor Onboarding Experience
CUST-14052,Beacon Direct Solutions,Technology,Starter,1-Year,Credit Card,2025-11,1,156.55,158.66,6,75,3,8,9,10.4,Low Risk,0,N/A
CUST-14053,Cobalt Direct Solutions,Technology,Starter,2-Year,Credit Card,2025-01,2,105.98,214.23,2,55,0,8,7,10.9,Low Risk,0,N/A
CUST-14054,Crest Direct Solutions,E-Commerce,Starter,Month-to-Month,Credit Card,2026-06,1,130.34,135.12,2,50,1,14,7,43.8,Medium Risk,1,Competitor Migration
CUST-14055,Elevation Direct Solutions,Healthcare,Enterprise,Month-to-Month,Credit Card,2026-01,3,1641.25,4877.21,107,94,0,2,7,17.5,Low Risk,1,Competitor Migration
CUST-14056,Frontier Direct Solutions,Healthcare,Professional,Month-to-Month,Bank Transfer,2025-03,10,486.77,4673.55,27,48,0,0,9,9.5,Low Risk,0,N/A
CUST-14057,Horizon Direct Solutions,Manufacturing,Starter,Month-to-Month,Bank Transfer,2025-01,14,139.59,1955.4,6,93,1,5,9,6.6,Low Risk,0,N/A
CUST-14058,Integra Direct Solutions,Technology,Enterprise,Month-to-Month,Bank Transfer,2024-09,9,1348.77,11960.58,73,85,4,0,8,28.9,Low Risk,0,N/A
CUST-14059,Kinetic Direct Solutions,Financial Services,Enterprise,Month-to-Month,Credit Card,2026-01,1,946.4,954.05,24,81,0,14,7,28.9,Low Risk,1,Competitor Migration
CUST-14060,Luminary Direct Solutions,Financial Services,Professional,1-Year,Bank Transfer,2026-06,2,403.74,802.91,17,25,0,0,8,37.8,Medium Risk,1,Competitor Migration
CUST-14061,Meridian Direct Solutions,Financial Services,Enterprise,Month-to-Month,Credit Card,2024-01,24,1432.81,35569.87,80,93,1,2,4,10.0,Low Risk,1,Missing Core Feature
CUST-14062,Nova Direct Solutions,Technology,Enterprise,1-Year,Electronic Check,2025-10,4,1356.37,5394.44,74,65,0,2,5,20.6,Low Risk,0,N/A
CUST-14063,Omni Direct Solutions,E-Commerce,Professional,1-Year,Electronic Check,2024-06,23,318.39,7563.23,8,52,5,3,4,45.0,Medium Risk,0,N/A
CUST-14064,Pinnacle Direct Solutions,Healthcare,Starter,2-Year,Credit Card,2024-04,17,103.97,1755.39,1,42,4,45,8,53.7,Medium Risk,1,Missing Core Feature
CUST-14065,Acro Direct Solutions,Manufacturing,Starter,1-Year,Credit Card,2024-01,16,162.5,2676.37,8,94,3,0,4,8.3,Low Risk,0,N/A
CUST-14066,Boreal Direct Solutions,Healthcare,Starter,Month-to-Month,Bank Transfer,2024-07,3,151.28,452.4,6,62,0,1,8,33.2,Low Risk,0,N/A
CUST-14067,Cortex Direct Solutions,Healthcare,Professional,1-Year,Credit Card,2025-11,1,406.93,415.27,16,88,0,0,7,7.6,Low Risk,0,N/A
CUST-14068,Equinox Direct Solutions,E-Commerce,Professional,Month-to-Month,Bank Transfer,2025-09,3,456.82,1356.8,22,52,0,1,9,16.1,Low Risk,1,Competitor Migration
CUST-14069,Flux Direct Solutions,Manufacturing,Professional,2-Year,Bank Transfer,2026-04,4,358.31,1404.83,11,44,0,3,5,14.2,Low Risk,1,Competitor Migration
CUST-14070,Galactic Direct Solutions,E-Commerce,Starter,Month-to-Month,Credit Card,2024-06,11,182.38,2003.8,9,47,0,1,4,40.1,Medium Risk,0,N/A
CUST-14071,Helix Direct Solutions,Manufacturing,Starter,Month-to-Month,Credit Card,2025-11,2,152.89,307.89,6,71,1,0,6,28.9,Low Risk,1,Poor Onboarding Experience
CUST-14072,Infini Direct Solutions,Education,Professional,Month-to-Month,Bank Transfer,2024-06,19,415.2,8049.6,17,46,1,0,9,3.9,Low Risk,0,N/A
CUST-14073,Krypton Direct Solutions,Financial Services,Professional,1-Year,Bank Transfer,2024-01,25,334.69,8209.17,8,85,2,2,7,1.7,Low Risk,0,N/A
CUST-14074,Matrix Direct Solutions,Healthcare,Professional,Month-to-Month,Credit Card,2026-06,2,505.73,1046.97,30,69,0,3,1,70.1,High Risk,0,N/A
CUST-14075,Neutron Direct Solutions,Healthcare,Starter,Month-to-Month,Electronic Check,2024-09,20,137.58,2854.31,4,51,1,1,6,9.5,Low Risk,0,N/A
CUST-14076,Optima Direct Solutions,E-Commerce,Starter,2-Year,Credit Card,2025-10,4,138.4,569.34,3,15,0,1,4,21.4,Low Risk,1,Low User Adoption
CUST-14077,Prism Direct Solutions,Manufacturing,Starter,2-Year,Credit Card,2025-05,15,170.95,2590.12,8,38,0,0,9,1.3,Low Risk,0,N/A
CUST-14078,Radiant Direct Solutions,Technology,Professional,1-Year,Bank Transfer,2024-12,9,522.27,4805.17,30,77,1,0,8,3.6,Low Risk,0,N/A
CUST-14079,Solaris Direct Solutions,Healthcare,Professional,Month-to-Month,Bank Transfer,2024-01,26,564.31,14509.04,35,36,0,2,10,4.7,Low Risk,0,N/A
CUST-14080,Titan Direct Solutions,E-Commerce,Professional,Month-to-Month,Credit Card,2024-11,20,521.47,10713.7,30,47,4,0,9,14.8,Low Risk,0,N/A
CUST-14081,Zenith Direct Solutions,Financial Services,Starter,Month-to-Month,Credit Card,2024-01,8,118.95,981.76,1,76,2,0,3,19.0,Low Risk,0,N/A
CUST-14082,Strata Direct Solutions,Manufacturing,Starter,Month-to-Month,Electronic Check,2025-06,13,136.34,1747.83,5,89,1,2,10,3.6,Low Risk,0,N/A
CUST-14083,Synapse Direct Solutions,Financial Services,Starter,2-Year,Credit Card,2025-01,2,110.91,218.09,3,17,5,2,8,41.3,Medium Risk,0,N/A
CUST-14084,Vortex Direct Solutions,Financial Services,Enterprise,Month-to-Month,Electronic Check,2026-05,1,1137.27,1134.65,46,45,1,5,7,43.8,Medium Risk,0,N/A
CUST-14085,Vector Direct Solutions,Education,Starter,Month-to-Month,Credit Card,2025-02,17,115.42,2038.4,1,50,1,0,9,7.9,Low Risk,0,N/A
CUST-14086,Zenith Direct Solutions,Education,Professional,Month-to-Month,Credit Card,2024-11,10,465.74,4597.7,22,38,3,3,8,29.9,Low Risk,0,N/A
CUST-14087,Aegis Direct Solutions,Manufacturing,Enterprise,Month-to-Month,Credit Card,2025-03,16,1614.11,26248.81,102,21,0,30,8,89.1,High Risk,1,Executive Leadership Turnover
CUST-14088,Orion Direct Solutions,Technology,Starter,1-Year,Electronic Check,2025-08,3,122.16,373.91,4,29,1,1,5,55.0,Medium Risk,1,Budget Reallocation / Price
CUST-14089,Apex NextGen Solutions,Technology,Starter,2-Year,Credit Card,2025-02,14,190.68,2609.99,9,46,3,0,8,2.8,Low Risk,0,N/A
CUST-14090,Vanguard NextGen Solutions,E-Commerce,Starter,Month-to-Month,Electronic Check,2024-04,4,99.75,405.69,2,81,2,2,6,8.7,Low Risk,0,N/A
CUST-14091,Nexus NextGen Solutions,Technology,Professional,Month-to-Month,Credit Card,2024-04,16,509.35,8005.25,28,41,0,2,7,21.4,Low Risk,0,N/A
CUST-14092,Quantum NextGen Solutions,Technology,Starter,Month-to-Month,Credit Card,2024-01,23,180.04,4057.44,8,26,1,0,3,45.0,Medium Risk,1,Poor Onboarding Experience
CUST-14093,Hyperion NextGen Solutions,Healthcare,Starter,Month-to-Month,Credit Card,2026-06,2,131.23,262.19,5,25,2,2,8,56.2,Medium Risk,1,Low User Adoption
CUST-14094,Aura NextGen Solutions,Education,Professional,2-Year,Credit Card,2024-12,10,529.9,5467.82,32,45,1,2,9,1.1,Low Risk,0,N/A
CUST-14095,Catalyst NextGen Solutions,Financial Services,Starter,1-Year,Bank Transfer,2024-10,20,141.68,2721.56,5,49,0,0,9,1.9,Low Risk,0,N/A
CUST-14096,Pulse NextGen Solutions,Manufacturing,Starter,1-Year,Credit Card,2024-07,7,184.43,1279.11,10,25,1,2,8,21.4,Low Risk,0,N/A
CUST-14097,Vertex NextGen Solutions,Technology,Professional,1-Year,Credit Card,2024-01,11,534.5,5654.0,31,87,3,2,8,3.6,Low Risk,0,N/A
CUST-14098,Starlight NextGen Solutions,Technology,Starter,1-Year,Credit Card,2025-01,12,152.36,1834.22,8,27,0,5,6,38.9,Medium Risk,1,Missing Core Feature
CUST-14099,Beacon NextGen Solutions,Financial Services,Starter,Month-to-Month,Credit Card,2025-11,4,158.63,628.69,8,91,0,1,9,4.3,Low Risk,0,N/A
CUST-14100,Cobalt NextGen Solutions,Education,Starter,Month-to-Month,Credit Card,2025-05,2,199.26,382.81,10,33,2,1,8,56.2,Medium Risk,0,N/A
CUST-14101,Crest NextGen Solutions,Education,Enterprise,1-Year,Credit Card,2024-06,2,1739.76,3556.49,116,25,1,0,9,16.1,Low Risk,1,Executive Leadership Turnover
CUST-14102,Elevation NextGen Solutions,Technology,Professional,2-Year,Bank Transfer,2024-11,17,404.0,6657.2,18,84,0,2,8,1.5,Low Risk,0,N/A
CUST-14103,Frontier NextGen Solutions,Education,Professional,Month-to-Month,Bank Transfer,2024-01,15,402.95,6181.18,18,79,3,1,6,8.7,Low Risk,0,N/A
CUST-14104,Horizon NextGen Solutions,Technology,Starter,Month-to-Month,Credit Card,2025-02,11,134.16,1452.3,3,78,0,1,6,10.4,Low Risk,0,N/A
CUST-14105,Integra NextGen Solutions,E-Commerce,Professional,1-Year,Bank Transfer,2025-07,10,513.85,4944.49,30,17,5,0,9,31.0,Low Risk,0,N/A
CUST-14106,Kinetic NextGen Solutions,Manufacturing,Enterprise,1-Year,Bank Transfer,2025-07,7,1622.12,11124.26,105,36,1,8,4,28.9,Low Risk,1,Budget Reallocation / Price
CUST-14107,Luminary NextGen Solutions,Manufacturing,Professional,1-Year,Credit Card,2026-05,3,526.28,1604.3,29,21,1,1,8,33.2,Low Risk,0,N/A
CUST-14108,Meridian NextGen Solutions,Financial Services,Professional,1-Year,Bank Transfer,2026-01,3,331.99,1018.57,10,76,1,1,7,6.3,Low Risk,0,N/A
CUST-14109,Nova NextGen Solutions,Technology,Starter,1-Year,Credit Card,2025-03,8,115.71,926.54,3,70,0,0,9,3.9,Low Risk,0,N/A
CUST-14110,Omni NextGen Solutions,Technology,Professional,1-Year,Credit Card,2024-06,7,339.08,2468.01,9,92,1,1,9,1.4,Low Risk,1,Poor Onboarding Experience
CUST-14111,Pinnacle NextGen Solutions,E-Commerce,Starter,Month-to-Month,Electronic Check,2024-07,5,152.02,779.87,7,70,0,1,9,9.5,Low Risk,0,N/A
CUST-14112,Acro NextGen Solutions,Technology,Starter,Month-to-Month,Credit Card,2024-05,21,161.48,3315.87,9,95,4,0,6,16.1,Low Risk,0,N/A
CUST-14113,Boreal NextGen Solutions,Financial Services,Enterprise,Month-to-Month,Credit Card,2024-04,18,1772.49,32407.82,122,62,0,0,3,40.1,Medium Risk,0,N/A
CUST-14114,Cortex NextGen Solutions,Healthcare,Starter,1-Year,Credit Card,2026-05,2,146.22,302.58,7,58,0,0,7,16.1,Low Risk,0,N/A
CUST-14115,Equinox NextGen Solutions,Healthcare,Starter,Month-to-Month,Bank Transfer,2025-11,7,142.69,974.39,5,47,1,1,8,18.2,Low Risk,0,N/A
CUST-14116,Flux NextGen Solutions,Manufacturing,Starter,Month-to-Month,Bank Transfer,2026-01,5,96.26,465.27,1,80,0,0,7,10.4,Low Risk,0,N/A
CUST-14117,Galactic NextGen Solutions,Education,Enterprise,Month-to-Month,Electronic Check,2025-10,2,1623.27,3166.14,105,32,4,3,3,96.3,High Risk,1,Low User Adoption
CUST-14118,Helix NextGen Solutions,Education,Starter,Month-to-Month,Credit Card,2024-03,19,118.92,2254.68,1,53,0,2,6,11.4,Low Risk,0,N/A
CUST-14119,Infini NextGen Solutions,E-Commerce,Professional,1-Year,Bank Transfer,2024-07,14,555.87,7660.82,34,72,3,0,4,17.5,Low Risk,1,Competitor Migration
CUST-14120,Krypton NextGen Solutions,Financial Services,Professional,Month-to-Month,Electronic Check,2025-03,11,440.72,4734.75,20,63,0,5,8,34.3,Low Risk,0,N/A
CUST-14121,Matrix NextGen Solutions,Technology,Starter,2-Year,Bank Transfer,2025-03,3,112.47,329.11,3,66,6,1,10,7.9,Low Risk,0,N/A
CUST-14122,Neutron NextGen Solutions,Education,Starter,1-Year,Credit Card,2025-12,2,125.89,250.61,2,23,0,1,10,19.0,Low Risk,0,N/A
CUST-14123,Optima NextGen Solutions,Technology,Enterprise,Month-to-Month,Credit Card,2025-09,5,1373.39,6866.22,74,31,0,14,8,62.2,Medium Risk,1,Missing Core Feature
CUST-14124,Prism NextGen Solutions,Education,Enterprise,Month-to-Month,Credit Card,2024-04,1,1418.63,1367.2,82,48,1,0,6,28.9,Low Risk,0,N/A
CUST-14125,Radiant NextGen Solutions,Manufacturing,Starter,Month-to-Month,Credit Card,2024-12,3,171.45,501.25,7,17,0,5,6,75.0,High Risk,1,Executive Leadership Turnover
CUST-14126,Solaris NextGen Solutions,E-Commerce,Professional,1-Year,Electronic Check,2025-12,5,511.53,2566.73,29,16,0,3,5,61.1,Medium Risk,1,Low User Adoption
CUST-14127,Titan NextGen Solutions,Technology,Professional,1-Year,Credit Card,2025-03,16,420.45,6546.48,18,66,0,0,6,9.5,Low Risk,0,N/A
CUST-14128,Zenith NextGen Solutions,Manufacturing,Starter,Month-to-Month,Electronic Check,2026-01,3,148.26,461.52,7,58,2,0,6,28.9,Low Risk,0,N/A
CUST-14129,Strata NextGen Solutions,Technology,Enterprise,Month-to-Month,Credit Card,2025-03,4,1765.69,6933.38,123,86,0,0,8,10.4,Low Risk,0,N/A
CUST-14130,Synapse NextGen Solutions,Manufacturing,Professional,1-Year,Credit Card,2025-06,5,372.89,1899.54,13,82,1,2,9,1.4,Low Risk,0,N/A
CUST-14131,Vortex NextGen Solutions,Financial Services,Enterprise,Month-to-Month,Credit Card,2025-03,5,1083.49,5408.63,40,94,2,0,4,19.0,Low Risk,0,N/A
CUST-14132,Vector NextGen Solutions,Healthcare,Starter,Month-to-Month,Credit Card,2025-03,13,168.49,2208.08,10,51,2,0,9,7.9,Low Risk,0,N/A
CUST-14133,Zenith NextGen Solutions,Financial Services,Starter,1-Year,Credit Card,2026-03,2,137.37,273.45,3,71,0,21,9,41.3,Medium Risk,0,N/A
CUST-14134,Aegis NextGen Solutions,Education,Starter,Month-to-Month,Bank Transfer,2026-04,2,199.19,400.39,10,47,1,1,2,50.0,Medium Risk,1,Competitor Migration
CUST-14135,Orion NextGen Solutions,Manufacturing,Starter,Month-to-Month,Bank Transfer,2026-06,1,198.81,197.89,10,80,3,0,9,6.3,Low Risk,0,N/A
CUST-14136,Apex Adaptive Solutions,Manufacturing,Professional,Month-to-Month,Bank Transfer,2024-02,13,455.85,5907.37,22,80,0,0,3,22.3,Low Risk,0,N/A
CUST-14137,Vanguard Adaptive Solutions,Manufacturing,Starter,Month-to-Month,Electronic Check,2026-01,4,145.64,597.86,7,35,2,5,4,51.2,Medium Risk,1,Low User Adoption
CUST-14138,Nexus Adaptive Solutions,Financial Services,Starter,1-Year,Credit Card,2025-11,5,145.83,715.13,6,90,1,1,8,3.6,Low Risk,0,N/A
CUST-14139,Quantum Adaptive Solutions,Education,Starter,Month-to-Month,Bank Transfer,2024-01,3,166.16,510.43,9,31,2,0,9,33.2,Low Risk,0,N/A
CUST-14140,Hyperion Adaptive Solutions,Education,Enterprise,Month-to-Month,Bank Transfer,2024-02,12,1554.59,17944.4,96,92,0,2,7,10.4,Low Risk,0,N/A
CUST-14141,Aura Adaptive Solutions,Manufacturing,Professional,Month-to-Month,Bank Transfer,2025-11,5,491.28,2367.11,25,23,3,1,9,21.4,Low Risk,0,N/A
CUST-14142,Catalyst Adaptive Solutions,Education,Professional,Month-to-Month,Credit Card,2025-01,14,432.05,6039.44,21,72,0,2,1,40.1,Medium Risk,1,Executive Leadership Turnover
CUST-14143,Pulse Adaptive Solutions,Healthcare,Starter,Month-to-Month,Credit Card,2026-03,5,143.31,740.43,5,59,1,3,4,51.2,Medium Risk,1,Budget Reallocation / Price
CUST-14144,Vertex Adaptive Solutions,Technology,Starter,1-Year,Bank Transfer,2025-12,3,139.26,412.04,6,64,1,0,2,27.9,Low Risk,0,N/A
CUST-14145,Starlight Adaptive Solutions,E-Commerce,Starter,Month-to-Month,Credit Card,2024-06,4,96.37,393.33,1,24,1,0,9,21.4,Low Risk,0,N/A
CUST-14146,Beacon Adaptive Solutions,E-Commerce,Starter,2-Year,Bank Transfer,2025-01,18,144.62,2691.61,6,56,3,1,1,6.6,Low Risk,0,N/A
CUST-14147,Cobalt Adaptive Solutions,Financial Services,Professional,Month-to-Month,Bank Transfer,2025-01,2,301.34,588.18,5,74,0,30,7,82.5,High Risk,1,Low User Adoption
CUST-14148,Crest Adaptive Solutions,Manufacturing,Starter,1-Year,Credit Card,2025-02,13,179.2,2299.88,9,79,1,0,2,8.3,Low Risk,0,N/A
CUST-14149,Elevation Adaptive Solutions,Education,Starter,Month-to-Month,Bank Transfer,2024-11,6,141.48,866.9,6,42,2,1,10,7.9,Low Risk,0,N/A
CUST-14150,Frontier Adaptive Solutions,E-Commerce,Enterprise,Month-to-Month,Credit Card,2025-04,9,1413.34,12859.76,79,32,3,0,10,21.4,Low Risk,0,N/A
CUST-14151,Horizon Adaptive Solutions,Financial Services,Starter,1-Year,Electronic Check,2025-03,8,175.78,1355.29,10,92,4,1,8,13.6,Low Risk,0,N/A
CUST-14152,Integra Adaptive Solutions,Financial Services,Professional,Month-to-Month,Credit Card,2025-12,3,445.51,1350.75,23,48,0,5,8,48.8,Medium Risk,1,Budget Reallocation / Price
CUST-14153,Kinetic Adaptive Solutions,Financial Services,Starter,Month-to-Month,Bank Transfer,2025-05,14,140.48,1900.25,5,81,1,5,8,15.4,Low Risk,0,N/A
CUST-14154,Luminary Adaptive Solutions,Education,Enterprise,Month-to-Month,Credit Card,2025-03,2,1242.18,2479.93,61,95,0,2,6,17.5,Low Risk,1,Executive Leadership Turnover
CUST-14155,Meridian Adaptive Solutions,E-Commerce,Professional,1-Year,Electronic Check,2025-07,5,348.9,1766.06,12,75,2,2,6,7.9,Low Risk,0,N/A
CUST-14156,Nova Adaptive Solutions,Manufacturing,Starter,Month-to-Month,Electronic Check,2025-01,16,167.57,2770.7,9,73,0,1,5,40.1,Medium Risk,0,N/A
CUST-14157,Omni Adaptive Solutions,Education,Starter,1-Year,Bank Transfer,2025-03,4,167.95,650.0,8,63,0,1,8,9.5,Low Risk,0,N/A
CUST-14158,Pinnacle Adaptive Solutions,E-Commerce,Enterprise,Month-to-Month,Electronic Check,2024-10,3,1708.57,5049.65,114,78,0,1,6,17.5,Low Risk,0,N/A
CUST-14159,Acro Adaptive Solutions,Education,Starter,Month-to-Month,Bank Transfer,2024-03,1,120.57,123.32,4,36,2,5,8,43.8,Medium Risk,1,Missing Core Feature
CUST-14160,Boreal Adaptive Solutions,Manufacturing,Professional,Month-to-Month,Bank Transfer,2024-05,2,315.45,655.9,7,25,1,5,7,71.1,High Risk,1,Missing Core Feature
CUST-14161,Cortex Adaptive Solutions,Education,Professional,1-Year,Electronic Check,2026-05,1,402.88,397.15,18,39,2,0,8,13.6,Low Risk,0,N/A
CUST-14162,Equinox Adaptive Solutions,Education,Professional,Month-to-Month,Bank Transfer,2024-01,24,386.95,9248.62,13,78,0,0,7,5.2,Low Risk,0,N/A
CUST-14163,Flux Adaptive Solutions,Education,Starter,Month-to-Month,Credit Card,2025-10,8,128.73,1056.52,5,22,4,1,9,53.7,Medium Risk,0,N/A
CUST-14164,Galactic Adaptive Solutions,Education,Starter,1-Year,Electronic Check,2024-01,16,155.27,2524.23,7,37,1,0,9,3.2,Low Risk,0,N/A
CUST-14165,Helix Adaptive Solutions,Education,Enterprise,Month-to-Month,Credit Card,2025-11,4,1875.17,7549.99,132,41,3,1,8,18.2,Low Risk,0,N/A
CUST-14166,Infini Adaptive Solutions,Financial Services,Enterprise,1-Year,Credit Card,2025-11,4,1001.71,3861.28,31,80,2,1,8,3.6,Low Risk,0,N/A
CUST-14167,Krypton Adaptive Solutions,Healthcare,Professional,2-Year,Credit Card,2024-07,14,357.07,5046.15,13,31,2,2,9,3.4,Low Risk,0,N/A
CUST-14168,Matrix Adaptive Solutions,Financial Services,Starter,Month-to-Month,Bank Transfer,2024-10,15,151.27,2251.04,5,56,0,0,7,21.4,Low Risk,0,N/A
CUST-14169,Neutron Adaptive Solutions,Education,Starter,Month-to-Month,Credit Card,2024-05,8,140.74,1096.4,7,81,0,14,1,35.4,Medium Risk,0,N/A
CUST-14170,Optima Adaptive Solutions,E-Commerce,Professional,1-Year,Credit Card,2025-09,5,421.83,2185.52,18,69,0,1,1,20.6,Low Risk,1,Competitor Migration
CUST-14171,Prism Adaptive Solutions,Technology,Starter,1-Year,Bank Transfer,2024-11,18,160.62,2814.01,9,42,2,8,8,14.2,Low Risk,0,N/A
CUST-14172,Radiant Adaptive Solutions,Healthcare,Starter,Month-to-Month,Credit Card,2025-01,2,127.84,257.4,5,81,0,1,8,17.5,Low Risk,1,Low User Adoption
CUST-14173,Solaris Adaptive Solutions,Manufacturing,Starter,Month-to-Month,Credit Card,2024-07,5,140.68,697.5,3,37,1,3,7,29.9,Low Risk,0,N/A
CUST-14174,Titan Adaptive Solutions,Manufacturing,Professional,Month-to-Month,Bank Transfer,2025-05,7,410.84,2863.48,19,40,0,8,3,56.2,Medium Risk,0,N/A
CUST-14175,Zenith Adaptive Solutions,Education,Starter,Month-to-Month,Credit Card,2026-03,3,108.82,339.27,3,47,1,0,1,50.0,Medium Risk,1,Budget Reallocation / Price
CUST-14176,Strata Adaptive Solutions,Manufacturing,Enterprise,1-Year,Bank Transfer,2024-06,22,1988.07,42873.52,146,58,1,5,5,16.1,Low Risk,0,N/A
CUST-14177,Synapse Adaptive Solutions,Financial Services,Professional,2-Year,Electronic Check,2026-04,2,432.42,857.93,21,33,2,3,9,10.9,Low Risk,0,N/A
CUST-14178,Vortex Adaptive Solutions,Technology,Enterprise,2-Year,Credit Card,2025-02,13,1424.57,19119.16,83,76,2,14,6,2.3,Low Risk,0,N/A
CUST-14179,Vector Adaptive Solutions,Technology,Professional,Month-to-Month,Bank Transfer,2024-08,11,561.22,6017.53,34,43,1,1,10,7.9,Low Risk,0,N/A
CUST-14180,Zenith Adaptive Solutions,Manufacturing,Professional,2-Year,Credit Card,2024-02,11,505.22,5381.7,28,70,1,0,9,1.1,Low Risk,0,N/A
CUST-14181,Aegis Adaptive Solutions,Manufacturing,Starter,1-Year,Electronic Check,2025-03,13,161.19,2038.18,9,34,0,0,8,25.0,Low Risk,0,N/A
CUST-14182,Orion Adaptive Solutions,Financial Services,Professional,Month-to-Month,Electronic Check,2025-11,4,508.91,2107.71,29,72,0,0,9,9.5,Low Risk,0,N/A
CUST-14183,Apex Secure Solutions,Technology,Starter,Month-to-Month,Credit Card,2025-03,10,153.83,1514.14,6,76,0,0,9,4.3,Low Risk,0,N/A
CUST-14184,Vanguard Secure Solutions,Financial Services,Starter,1-Year,Credit Card,2024-02,26,193.13,5180.54,10,77,4,3,7,12.5,Low Risk,0,N/A
CUST-14185,Nexus Secure Solutions,Education,Professional,1-Year,Electronic Check,2026-01,5,305.73,1535.99,6,32,0,2,1,45.0,Medium Risk,0,N/A
CUST-14186,Quantum Secure Solutions,Healthcare,Starter,2-Year,Credit Card,2025-11,6,173.79,1043.54,9,17,6,0,8,27.9,Low Risk,1,Competitor Migration
CUST-14187,Hyperion Secure Solutions,Technology,Starter,Month-to-Month,Electronic Check,2025-03,8,140.93,1154.02,6,28,0,3,7,62.2,Medium Risk,0,N/A
CUST-14188,Aura Secure Solutions,Financial Services,Professional,2-Year,Credit Card,2024-04,25,446.94,11139.95,21,93,1,3,8,1.1,Low Risk,0,N/A
CUST-14189,Catalyst Secure Solutions,Healthcare,Professional,2-Year,Credit Card,2024-02,20,479.42,9645.96,25,90,0,1,9,0.3,Low Risk,0,N/A
CUST-14190,Pulse Secure Solutions,Manufacturing,Starter,Month-to-Month,Bank Transfer,2024-09,14,168.8,2371.3,10,73,1,8,9,14.2,Low Risk,0,N/A
CUST-14191,Vertex Secure Solutions,E-Commerce,Professional,Month-to-Month,Credit Card,2024-02,15,555.5,8581.35,34,98,1,2,7,8.7,Low Risk,0,N/A
CUST-14192,Starlight Secure Solutions,Financial Services,Starter,Month-to-Month,Credit Card,2024-02,4,143.53,566.51,5,58,0,0,9,9.5,Low Risk,0,N/A
CUST-14193,Beacon Secure Solutions,E-Commerce,Starter,1-Year,Credit Card,2024-05,11,132.22,1451.56,2,79,0,5,1,17.5,Low Risk,1,Executive Leadership Turnover
CUST-14194,Cobalt Secure Solutions,Healthcare,Professional,Month-to-Month,Credit Card,2026-03,2,564.6,1105.84,34,77,2,3,10,11.4,Low Risk,0,N/A
CUST-14195,Crest Secure Solutions,Technology,Professional,1-Year,Credit Card,2026-04,2,358.55,713.61,12,84,0,1,8,7.6,Low Risk,0,N/A
CUST-14196,Elevation Secure Solutions,E-Commerce,Professional,Month-to-Month,Bank Transfer,2024-01,12,337.37,4093.27,8,39,2,1,7,18.2,Low Risk,0,N/A
CUST-14197,Frontier Secure Solutions,E-Commerce,Starter,1-Year,Bank Transfer,2025-11,7,110.48,802.88,1,95,1,1,7,3.6,Low Risk,0,N/A
CUST-14198,Horizon Secure Solutions,Healthcare,Professional,Month-to-Month,Credit Card,2025-01,1,445.27,446.83,23,56,0,5,1,70.1,High Risk,0,N/A
CUST-14199,Integra Secure Solutions,Technology,Starter,Month-to-Month,Credit Card,2025-06,4,89.82,350.75,1,29,6,1,10,53.7,Medium Risk,0,N/A
CUST-14200,Kinetic Secure Solutions,Education,Starter,1-Year,Bank Transfer,2026-06,1,184.4,186.97,10,38,0,3,3,47.5,Medium Risk,1,Low User Adoption
CUST-14201,Luminary Secure Solutions,Healthcare,Professional,Month-to-Month,Credit Card,2025-10,6,527.54,3269.98,32,51,2,8,10,14.2,Low Risk,0,N/A
CUST-14202,Meridian Secure Solutions,Education,Professional,1-Year,Electronic Check,2025-12,6,341.66,2032.24,10,73,4,0,6,26.9,Low Risk,0,N/A
CUST-14203,Nova Secure Solutions,E-Commerce,Professional,Month-to-Month,Electronic Check,2025-10,7,513.23,3503.82,29,30,0,1,10,25.0,Low Risk,0,N/A
CUST-14204,Omni Secure Solutions,E-Commerce,Starter,2-Year,Credit Card,2026-05,1,161.58,162.87,9,18,1,1,9,6.0,Low Risk,0,N/A
CUST-14205,Pinnacle Secure Solutions,Healthcare,Professional,Month-to-Month,Bank Transfer,2025-01,7,312.17,2181.39,7,55,2,21,9,45.0,Medium Risk,1,Poor Onboarding Experience
CUST-14206,Acro Secure Solutions,Technology,Starter,1-Year,Credit Card,2025-12,1,146.0,146.09,7,92,0,1,4,16.8,Low Risk,0,N/A
CUST-14207,Boreal Secure Solutions,Financial Services,Starter,1-Year,Bank Transfer,2026-06,2,172.04,333.97,8,18,2,0,4,55.0,Medium Risk,0,N/A
CUST-14208,Cortex Secure Solutions,Technology,Starter,2-Year,Credit Card,2025-05,13,107.63,1390.11,3,98,0,0,9,0.6,Low Risk,0,N/A
CUST-14209,Equinox Secure Solutions,Education,Professional,2-Year,Credit Card,2025-08,12,340.91,3953.59,11,49,0,2,9,1.3,Low Risk,0,N/A
CUST-14210,Flux Secure Solutions,E-Commerce,Professional,2-Year,Bank Transfer,2024-04,10,550.88,5666.63,33,98,0,2,7,1.5,Low Risk,0,N/A
CUST-14211,Galactic Secure Solutions,Technology,Professional,1-Year,Bank Transfer,2025-12,3,521.42,1615.14,31,94,2,1,9,2.5,Low Risk,0,N/A
CUST-14212,Helix Secure Solutions,Financial Services,Starter,1-Year,Bank Transfer,2026-02,5,158.88,791.97,7,42,2,0,9,3.2,Low Risk,0,N/A
CUST-14213,Infini Secure Solutions,Healthcare,Professional,1-Year,Credit Card,2024-05,11,504.49,5404.97,27,75,2,2,6,7.9,Low Risk,0,N/A
CUST-14214,Krypton Secure Solutions,Manufacturing,Starter,2-Year,Bank Transfer,2025-04,6,120.67,748.88,2,62,0,0,9,1.3,Low Risk,0,N/A
CUST-14215,Matrix Secure Solutions,Education,Starter,Month-to-Month,Bank Transfer,2024-09,14,104.85,1470.27,1,75,5,0,8,48.8,Medium Risk,1,Poor Onboarding Experience
CUST-14216,Neutron Secure Solutions,Manufacturing,Starter,Month-to-Month,Bank Transfer,2024-01,13,159.68,2108.15,8,69,0,3,8,34.3,Low Risk,1,Low User Adoption
CUST-14217,Optima Secure Solutions,Technology,Professional,Month-to-Month,Electronic Check,2024-04,16,433.21,7024.43,19,64,0,0,7,21.4,Low Risk,0,N/A
CUST-14218,Prism Secure Solutions,Financial Services,Starter,Month-to-Month,Bank Transfer,2025-08,6,112.76,679.83,1,63,0,2,6,21.4,Low Risk,0,N/A
CUST-14219,Radiant Secure Solutions,Technology,Enterprise,1-Year,Credit Card,2026-03,3,1495.47,4434.91,89,66,0,0,9,6.9,Low Risk,0,N/A
CUST-14220,Solaris Secure Solutions,Technology,Starter,2-Year,Electronic Check,2025-09,7,175.56,1232.74,8,39,1,0,8,2.8,Low Risk,0,N/A
CUST-14221,Titan Secure Solutions,E-Commerce,Enterprise,2-Year,Electronic Check,2024-08,11,1917.71,21736.21,141,28,1,2,3,18.2,Low Risk,1,Missing Core Feature
CUST-14222,Zenith Secure Solutions,Technology,Professional,Month-to-Month,Electronic Check,2024-03,25,519.2,12898.83,31,47,1,2,7,9.5,Low Risk,0,N/A
CUST-14223,Strata Secure Solutions,Technology,Professional,Month-to-Month,Electronic Check,2025-05,14,497.3,6983.85,27,55,0,1,8,21.4,Low Risk,0,N/A
CUST-14224,Synapse Secure Solutions,Manufacturing,Enterprise,Month-to-Month,Bank Transfer,2025-01,11,1840.4,20155.95,129,24,0,1,8,46.3,Medium Risk,0,N/A
CUST-14225,Vortex Secure Solutions,Education,Starter,Month-to-Month,Credit Card,2025-03,17,155.29,2631.94,8,56,0,1,9,9.5,Low Risk,0,N/A
CUST-14226,Vector Secure Solutions,E-Commerce,Starter,1-Year,Credit Card,2024-07,10,157.32,1539.43,6,84,2,5,6,6.6,Low Risk,0,N/A
CUST-14227,Zenith Secure Solutions,Healthcare,Enterprise,2-Year,Bank Transfer,2026-03,3,1690.29,5007.7,113,69,1,1,2,11.4,Low Risk,1,Executive Leadership Turnover
CUST-14228,Aegis Secure Solutions,E-Commerce,Starter,1-Year,Credit Card,2025-06,1,171.07,168.69,7,62,0,30,8,64.6,Medium Risk,1,Low User Adoption
CUST-14229,Orion Secure Solutions,E-Commerce,Starter,1-Year,Bank Transfer,2025-11,7,112.28,767.16,2,20,1,2,8,21.4,Low Risk,0,N/A
CUST-14230,Apex Venture Solutions,Healthcare,Starter,1-Year,Bank Transfer,2025-05,4,143.01,565.53,6,43,0,0,8,9.5,Low Risk,0,N/A
CUST-14231,Vanguard Venture Solutions,Financial Services,Professional,Month-to-Month,Electronic Check,2025-09,3,555.73,1667.19,34,16,4,5,7,91.3,High Risk,1,Budget Reallocation / Price
CUST-14232,Nexus Venture Solutions,E-Commerce,Enterprise,Month-to-Month,Bank Transfer,2025-06,2,1077.22,2214.61,42,15,0,0,4,79.4,High Risk,1,Poor Onboarding Experience
CUST-14233,Quantum Venture Solutions,E-Commerce,Professional,1-Year,Credit Card,2024-10,20,450.11,9142.48,21,89,3,1,10,0.7,Low Risk,0,N/A
CUST-14234,Hyperion Venture Solutions,E-Commerce,Starter,1-Year,Bank Transfer,2026-01,2,136.23,264.1,3,60,0,0,4,32.1,Low Risk,0,N/A
CUST-14235,Aura Venture Solutions,Healthcare,Starter,1-Year,Electronic Check,2025-04,3,159.97,467.13,8,90,1,1,7,6.3,Low Risk,0,N/A
CUST-14236,Catalyst Venture Solutions,Healthcare,Professional,Month-to-Month,Bank Transfer,2025-10,1,508.15,524.68,30,75,3,0,7,28.9,Low Risk,0,N/A
CUST-14237,Pulse Venture Solutions,Financial Services,Starter,2-Year,Electronic Check,2024-09,19,164.74,3234.95,9,29,1,1,7,4.1,Low Risk,0,N/A
CUST-14238,Vertex Venture Solutions,Technology,Enterprise,2-Year,Electronic Check,2024-08,9,1338.79,12182.54,72,91,1,0,9,0.5,Low Risk,0,N/A
CUST-14239,Starlight Venture Solutions,Education,Starter,Month-to-Month,Bank Transfer,2025-12,6,135.16,840.25,6,67,2,1,8,18.2,Low Risk,0,N/A
CUST-14240,Beacon Venture Solutions,Manufacturing,Professional,Month-to-Month,Credit Card,2025-03,17,498.03,8699.02,26,65,0,5,6,34.3,Low Risk,0,N/A
CUST-14241,Cobalt Venture Solutions,E-Commerce,Starter,Month-to-Month,Credit Card,2024-01,3,144.32,424.74,6,33,0,2,9,37.8,Medium Risk,0,N/A
CUST-14242,Crest Venture Solutions,Education,Professional,Month-to-Month,Electronic Check,2024-11,19,454.18,8471.73,23,61,0,0,9,4.7,Low Risk,0,N/A
CUST-14243,Elevation Venture Solutions,Education,Professional,1-Year,Bank Transfer,2024-09,12,401.71,4629.44,15,90,1,0,4,8.3,Low Risk,0,N/A
CUST-14244,Frontier Venture Solutions,Technology,Professional,1-Year,Bank Transfer,2025-03,3,357.65,1041.31,11,46,3,2,1,27.9,Low Risk,0,N/A
CUST-14245,Horizon Venture Solutions,Healthcare,Enterprise,Month-to-Month,Bank Transfer,2025-06,8,1129.66,9074.32,45,92,1,0,2,19.0,Low Risk,1,Budget Reallocation / Price
CUST-14246,Integra Venture Solutions,Financial Services,Starter,Month-to-Month,Credit Card,2025-11,7,155.22,1113.21,6,33,0,2,10,25.0,Low Risk,0,N/A
CUST-14247,Kinetic Venture Solutions,Financial Services,Enterprise,Month-to-Month,Electronic Check,2025-04,7,1886.6,13112.69,137,91,2,2,8,8.7,Low Risk,0,N/A
CUST-14248,Luminary Venture Solutions,Manufacturing,Enterprise,1-Year,Bank Transfer,2025-05,11,1935.13,22122.85,139,78,0,0,8,4.3,Low Risk,0,N/A
CUST-14249,Meridian Venture Solutions,Education,Starter,1-Year,Electronic Check,2026-05,2,179.14,344.61,9,25,1,1,4,55.0,Medium Risk,1,Poor Onboarding Experience
CUST-14250,Nova Venture Solutions,Financial Services,Professional,2-Year,Credit Card,2025-03,8,476.26,3751.24,27,36,1,0,4,6.6,Low Risk,0,N/A
CUST-14251,Omni Venture Solutions,Manufacturing,Starter,Month-to-Month,Bank Transfer,2024-02,14,166.69,2378.49,7,41,0,0,5,40.1,Medium Risk,0,N/A
CUST-14252,Pinnacle Venture Solutions,Healthcare,Enterprise,2-Year,Bank Transfer,2025-04,12,1051.1,12406.49,38,18,0,0,8,10.0,Low Risk,0,N/A
CUST-14253,Acro Venture Solutions,Technology,Professional,Month-to-Month,Credit Card,2026-04,1,481.79,476.53,27,30,2,0,8,56.2,Medium Risk,1,Missing Core Feature
CUST-14254,Boreal Venture Solutions,Technology,Professional,1-Year,Electronic Check,2026-03,3,326.12,1011.47,6,20,2,5,8,48.8,Medium Risk,1,Low User Adoption
CUST-14255,Cortex Venture Solutions,E-Commerce,Professional,Month-to-Month,Credit Card,2024-10,5,485.94,2423.39,26,35,1,5,7,29.9,Low Risk,0,N/A
CUST-14256,Equinox Venture Solutions,Financial Services,Professional,Month-to-Month,Electronic Check,2025-07,3,536.89,1563.06,31,78,1,0,8,14.8,Low Risk,1,Budget Reallocation / Price
CUST-14257,Flux Venture Solutions,E-Commerce,Enterprise,Month-to-Month,Bank Transfer,2026-04,2,1581.84,3085.45,99,26,1,0,10,33.2,Low Risk,0,N/A
CUST-14258,Galactic Venture Solutions,Technology,Enterprise,Month-to-Month,Credit Card,2025-12,6,1869.15,10874.15,135,43,2,1,7,18.2,Low Risk,0,N/A
CUST-14259,Helix Venture Solutions,Financial Services,Starter,Month-to-Month,Electronic Check,2025-01,5,174.09,886.56,10,44,6,8,6,64.6,Medium Risk,1,Competitor Migration
CUST-14260,Infini Venture Solutions,Healthcare,Professional,Month-to-Month,Credit Card,2024-02,28,552.41,15843.47,34,70,0,1,7,11.4,Low Risk,0,N/A
CUST-14261,Krypton Venture Solutions,Financial Services,Starter,2-Year,Credit Card,2024-03,12,169.98,2074.43,7,96,3,2,5,2.9,Low Risk,1,Competitor Migration
CUST-14262,Matrix Venture Solutions,Manufacturing,Enterprise,1-Year,Credit Card,2026-05,3,1142.19,3344.17,46,54,1,0,8,13.6,Low Risk,0,N/A
CUST-14263,Neutron Venture Solutions,Manufacturing,Professional,Month-to-Month,Bank Transfer,2025-01,3,336.34,972.16,8,27,4,1,9,67.9,High Risk,1,Missing Core Feature
CUST-14264,Optima Venture Solutions,Financial Services,Enterprise,Month-to-Month,Credit Card,2026-04,4,1172.18,4776.49,51,28,0,2,8,46.3,Medium Risk,1,Missing Core Feature
CUST-14265,Prism Venture Solutions,E-Commerce,Enterprise,1-Year,Credit Card,2026-05,2,1906.64,3927.13,136,79,0,0,8,7.6,Low Risk,0,N/A
CUST-14266,Radiant Venture Solutions,Healthcare,Starter,2-Year,Bank Transfer,2024-04,13,102.1,1300.41,1,94,2,1,8,1.2,Low Risk,0,N/A
CUST-14267,Solaris Venture Solutions,Healthcare,Enterprise,1-Year,Credit Card,2026-05,2,1186.71,2311.35,52,72,0,3,8,26.9,Low Risk,0,N/A
CUST-14268,Titan Venture Solutions,Education,Starter,Month-to-Month,Electronic Check,2024-12,20,175.86,3433.58,8,32,0,0,9,13.6,Low Risk,0,N/A
CUST-14269,Zenith Venture Solutions,Financial Services,Professional,1-Year,Bank Transfer,2025-11,5,468.7,2264.5,23,41,6,5,7,41.3,Medium Risk,0,N/A
CUST-14270,Strata Venture Solutions,Technology,Professional,Month-to-Month,Credit Card,2024-03,26,386.42,9658.03,13,24,1,1,9,11.4,Low Risk,0,N/A
CUST-14271,Synapse Venture Solutions,Technology,Professional,2-Year,Bank Transfer,2025-10,6,435.21,2553.26,20,53,4,1,5,23.1,Low Risk,0,N/A
CUST-14272,Vortex Venture Solutions,Technology,Starter,Month-to-Month,Electronic Check,2025-07,8,154.57,1189.21,5,39,0,0,6,21.4,Low Risk,0,N/A
CUST-14273,Vector Venture Solutions,Financial Services,Starter,2-Year,Bank Transfer,2026-05,2,104.74,205.63,1,29,1,5,7,24.0,Low Risk,1,Low User Adoption
CUST-14274,Zenith Venture Solutions,E-Commerce,Professional,Month-to-Month,Bank Transfer,2026-06,1,321.13,328.35,8,93,0,2,9,7.6,Low Risk,0,N/A
CUST-14275,Aegis Venture Solutions,E-Commerce,Professional,2-Year,Credit Card,2025-05,5,527.26,2632.81,32,57,1,0,4,6.6,Low Risk,0,N/A
CUST-14276,Orion Venture Solutions,E-Commerce,Professional,2-Year,Credit Card,2025-02,16,326.35,5354.19,9,31,0,1,5,21.4,Low Risk,0,N/A
CUST-14277,Apex Smart Solutions,Financial Services,Enterprise,Month-to-Month,Electronic Check,2024-02,13,1676.61,22407.49,109,71,1,2,2,35.4,Medium Risk,0,N/A
CUST-14278,Vanguard Smart Solutions,Manufacturing,Starter,Month-to-Month,Bank Transfer,2025-12,4,147.3,612.64,7,28,0,2,5,67.9,High Risk,1,Executive Leadership Turnover
CUST-14279,Nexus Smart Solutions,Financial Services,Starter,Month-to-Month,Bank Transfer,2024-09,19,130.61,2574.14,4,73,0,1,7,11.4,Low Risk,0,N/A
CUST-14280,Quantum Smart Solutions,Education,Professional,Month-to-Month,Electronic Check,2026-04,2,575.55,1129.14,35,58,0,14,5,70.1,High Risk,0,N/A
CUST-14281,Hyperion Smart Solutions,E-Commerce,Professional,Month-to-Month,Credit Card,2024-04,8,295.74,2406.09,5,76,3,1,9,3.6,Low Risk,0,N/A
CUST-14282,Aura Smart Solutions,Education,Starter,Month-to-Month,Credit Card,2025-09,3,112.38,327.24,3,20,0,1,8,61.1,Medium Risk,1,Budget Reallocation / Price
CUST-14283,Catalyst Smart Solutions,Technology,Starter,Month-to-Month,Bank Transfer,2026-06,1,173.75,172.52,9,60,3,3,4,65.7,High Risk,1,Executive Leadership Turnover
CUST-14284,Pulse Smart Solutions,Manufacturing,Starter,Month-to-Month,Credit Card,2025-02,11,154.54,1697.17,7,79,1,2,6,8.7,Low Risk,1,Low User Adoption
CUST-14285,Vertex Smart Solutions,Education,Enterprise,1-Year,Electronic Check,2024-10,11,1164.89,12805.18,49,56,0,0,7,9.5,Low Risk,0,N/A
CUST-14286,Starlight Smart Solutions,Financial Services,Professional,Month-to-Month,Bank Transfer,2025-09,9,549.59,4844.95,32,82,2,0,10,3.6,Low Risk,0,N/A
CUST-14287,Beacon Smart Solutions,Financial Services,Starter,1-Year,Bank Transfer,2024-09,4,185.37,756.68,9,63,1,0,9,3.2,Low Risk,0,N/A
CUST-14288,Cobalt Smart Solutions,Education,Enterprise,1-Year,Credit Card,2026-05,1,1137.97,1181.42,49,69,1,0,7,13.6,Low Risk,0,N/A
CUST-14289,Crest Smart Solutions,E-Commerce,Professional,1-Year,Electronic Check,2026-05,1,487.1,477.78,25,73,1,0,3,27.9,Low Risk,0,N/A
CUST-14290,Elevation Smart Solutions,Financial Services,Professional,Month-to-Month,Credit Card,2024-11,14,529.78,7645.46,31,57,0,2,4,40.1,Medium Risk,0,N/A
CUST-14291,Frontier Smart Solutions,Technology,Professional,Month-to-Month,Credit Card,2025-03,14,382.54,5376.2,14,61,2,1,4,35.4,Medium Risk,0,N/A
CUST-14292,Horizon Smart Solutions,Healthcare,Starter,Month-to-Month,Credit Card,2025-07,7,132.04,899.51,5,89,2,3,7,15.4,Low Risk,1,Executive Leadership Turnover
CUST-14293,Integra Smart Solutions,Manufacturing,Starter,Month-to-Month,Credit Card,2024-07,25,145.49,3557.14,5,58,1,2,8,9.5,Low Risk,0,N/A
CUST-14294,Kinetic Smart Solutions,Education,Starter,Month-to-Month,Credit Card,2024-09,9,164.09,1433.23,7,72,1,1,7,18.2,Low Risk,0,N/A
CUST-14295,Luminary Smart Solutions,E-Commerce,Starter,Month-to-Month,Bank Transfer,2026-03,1,131.65,133.43,2,85,6,1,8,42.6,Medium Risk,0,N/A
CUST-14296,Meridian Smart Solutions,Manufacturing,Professional,1-Year,Bank Transfer,2025-12,5,432.03,2120.73,19,86,2,0,9,1.4,Low Risk,0,N/A
CUST-14297,Nova Smart Solutions,Manufacturing,Starter,1-Year,Credit Card,2025-06,11,185.91,1990.8,10,55,2,0,4,17.5,Low Risk,0,N/A
CUST-14298,Omni Smart Solutions,Technology,Starter,Month-to-Month,Bank Transfer,2024-03,6,137.29,828.07,3,36,1,1,9,7.9,Low Risk,0,N/A
CUST-14299,Pinnacle Smart Solutions,Healthcare,Professional,Month-to-Month,Bank Transfer,2025-03,9,308.59,2809.75,5,43,4,2,10,26.9,Low Risk,1,Budget Reallocation / Price
CUST-14300,Acro Smart Solutions,Manufacturing,Enterprise,1-Year,Bank Transfer,2026-04,2,1455.57,2980.29,85,84,1,0,8,6.3,Low Risk,0,N/A
CUST-14301,Boreal Smart Solutions,Education,Professional,2-Year,Bank Transfer,2024-11,2,345.51,678.23,10,80,0,2,7,2.7,Low Risk,0,N/A
CUST-14302,Cortex Smart Solutions,Education,Professional,1-Year,Credit Card,2024-01,7,504.74,3602.6,28,56,0,0,9,3.9,Low Risk,0,N/A
CUST-14303,Equinox Smart Solutions,Manufacturing,Starter,Month-to-Month,Electronic Check,2025-05,15,151.4,2256.22,6,77,1,2,3,19.0,Low Risk,0,N/A
CUST-14304,Flux Smart Solutions,Manufacturing,Professional,Month-to-Month,Bank Transfer,2024-10,19,368.16,6738.94,14,63,0,2,8,11.4,Low Risk,0,N/A
CUST-14305,Galactic Smart Solutions,E-Commerce,Starter,Month-to-Month,Bank Transfer,2026-02,2,113.9,234.8,3,63,0,0,10,16.1,Low Risk,0,N/A
CUST-14306,Helix Smart Solutions,E-Commerce,Starter,2-Year,Credit Card,2026-03,5,147.93,767.1,6,79,0,3,9,1.1,Low Risk,0,N/A
CUST-14307,Infini Smart Solutions,Education,Enterprise,Month-to-Month,Credit Card,2025-08,5,1832.92,9056.43,130,80,0,5,7,18.2,Low Risk,0,N/A
CUST-14308,Krypton Smart Solutions,Education,Starter,Month-to-Month,Credit Card,2026-01,4,168.21,662.45,7,73,5,1,8,48.8,Medium Risk,1,Competitor Migration
CUST-14309,Matrix Smart Solutions,E-Commerce,Professional,Month-to-Month,Bank Transfer,2025-01,3,509.04,1579.1,30,93,1,0,7,14.8,Low Risk,1,Low User Adoption
CUST-14310,Neutron Smart Solutions,Education,Professional,1-Year,Electronic Check,2026-02,3,336.63,1012.72,8,31,3,5,8,48.8,Medium Risk,0,N/A
CUST-14311,Optima Smart Solutions,E-Commerce,Professional,Month-to-Month,Credit Card,2025-06,7,312.61,2237.8,5,56,1,1,7,18.2,Low Risk,0,N/A
CUST-14312,Prism Smart Solutions,Education,Starter,Month-to-Month,Bank Transfer,2024-11,14,152.29,2213.14,5,64,0,1,8,21.4,Low Risk,0,N/A
CUST-14313,Radiant Smart Solutions,Manufacturing,Professional,1-Year,Credit Card,2026-02,2,321.81,622.86,8,37,0,0,6,16.1,Low Risk,0,N/A
CUST-14314,Solaris Smart Solutions,Healthcare,Professional,1-Year,Electronic Check,2026-05,1,518.51,518.44,28,53,1,1,10,5.7,Low Risk,0,N/A
CUST-14315,Titan Smart Solutions,Technology,Enterprise,Month-to-Month,Credit Card,2026-03,5,1090.61,5237.91,43,42,2,2,8,18.2,Low Risk,0,N/A
CUST-14316,Zenith Smart Solutions,Healthcare,Professional,1-Year,Credit Card,2026-05,1,471.15,485.56,23,23,0,1,8,37.8,Medium Risk,1,Poor Onboarding Experience
CUST-14317,Strata Smart Solutions,Education,Starter,Month-to-Month,Credit Card,2025-04,10,188.11,1886.9,9,92,1,8,3,31.0,Low Risk,1,Competitor Migration
CUST-14318,Synapse Smart Solutions,Healthcare,Enterprise,1-Year,Credit Card,2025-06,14,1801.79,25603.86,125,33,2,2,3,40.1,Medium Risk,0,N/A
CUST-14319,Vortex Smart Solutions,Education,Professional,Month-to-Month,Bank Transfer,2025-02,15,552.74,8147.73,35,40,4,1,6,48.8,Medium Risk,0,N/A
CUST-14320,Vector Smart Solutions,Education,Professional,Month-to-Month,Electronic Check,2024-03,29,460.6,13844.33,24,55,1,1,8,9.5,Low Risk,1,Executive Leadership Turnover
CUST-14321,Zenith Smart Solutions,Manufacturing,Starter,2-Year,Credit Card,2024-06,8,133.96,1103.45,3,23,2,1,7,8.3,Low Risk,0,N/A
CUST-14322,Aegis Smart Solutions,Education,Professional,1-Year,Bank Transfer,2026-06,1,449.36,439.64,23,86,1,1,3,14.2,Low Risk,1,Competitor Migration
CUST-14323,Orion Smart Solutions,Education,Professional,1-Year,Electronic Check,2025-04,10,490.32,4828.27,25,71,1,5,3,28.9,Low Risk,0,N/A
CUST-14324,Apex Data Health,Technology,Starter,1-Year,Bank Transfer,2024-05,11,164.12,1849.71,9,46,1,0,8,7.9,Low Risk,0,N/A
CUST-14325,Vanguard Data Health,Manufacturing,Starter,Month-to-Month,Bank Transfer,2025-07,3,139.64,432.75,5,79,2,0,2,29.9,Low Risk,1,Poor Onboarding Experience
CUST-14326,Nexus Data Health,Manufacturing,Enterprise,Month-to-Month,Credit Card,2026-01,5,916.23,4671.84,22,37,4,0,6,48.8,Medium Risk,1,Executive Leadership Turnover
CUST-14327,Quantum Data Health,Healthcare,Enterprise,Month-to-Month,Credit Card,2025-01,7,1548.55,10660.72,97,28,0,1,4,67.9,High Risk,0,N/A
CUST-14328,Hyperion Data Health,Technology,Enterprise,Month-to-Month,Credit Card,2025-10,9,1928.26,17268.16,139,93,1,2,10,3.6,Low Risk,0,N/A
CUST-14329,Aura Data Health,Healthcare,Professional,2-Year,Bank Transfer,2026-01,5,403.89,1953.78,18,78,1,3,8,2.3,Low Risk,0,N/A
CUST-14330,Catalyst Data Health,Financial Services,Starter,2-Year,Bank Transfer,2025-07,11,107.45,1187.39,1,37,0,1,3,7.9,Low Risk,0,N/A
CUST-14331,Pulse Data Health,Financial Services,Enterprise,2-Year,Electronic Check,2025-05,1,1608.56,1579.52,101,20,0,8,10,13.0,Low Risk,0,N/A
CUST-14332,Vertex Data Health,Manufacturing,Starter,1-Year,Credit Card,2024-11,3,106.71,326.78,1,75,2,0,5,27.9,Low Risk,0,N/A
CUST-14333,Starlight Data Health,E-Commerce,Starter,1-Year,Credit Card,2026-03,4,120.14,481.41,1,57,4,1,4,47.5,Medium Risk,0,N/A
CUST-14334,Beacon Data Health,Financial Services,Starter,Month-to-Month,Credit Card,2024-02,28,122.58,3299.09,4,37,2,0,5,20.6,Low Risk,0,N/A
CUST-14335,Cobalt Data Health,Healthcare,Starter,Month-to-Month,Bank Transfer,2026-04,1,125.62,128.47,4,70,0,1,3,55.0,Medium Risk,0,N/A
CUST-14336,Crest Data Health,E-Commerce,Enterprise,2-Year,Credit Card,2024-06,17,2026.86,34020.24,150,65,3,0,7,2.8,Low Risk,0,N/A
CUST-14337,Elevation Data Health,Financial Services,Starter,Month-to-Month,Credit Card,2025-11,3,143.47,434.76,5,54,3,2,7,28.9,Low Risk,1,Poor Onboarding Experience
CUST-14338,Frontier Data Health,Education,Starter,1-Year,Bank Transfer,2026-05,1,116.48,121.0,4,58,1,0,3,27.9,Low Risk,0,N/A
CUST-14339,Horizon Data Health,Healthcare,Starter,Month-to-Month,Electronic Check,2025-06,11,144.39,1647.39,7,19,2,2,8,41.3,Medium Risk,0,N/A
CUST-14340,Integra Data Health,Education,Enterprise,Month-to-Month,Bank Transfer,2024-07,3,1460.08,4338.55,84,37,3,5,9,23.1,Low Risk,0,N/A
CUST-14341,Kinetic Data Health,Financial Services,Starter,1-Year,Electronic Check,2026-05,1,168.94,172.39,9,16,1,0,5,55.0,Medium Risk,0,N/A
CUST-14342,Luminary Data Health,Education,Professional,Month-to-Month,Credit Card,2024-07,6,551.36,3424.12,33,50,1,0,5,35.4,Medium Risk,0,N/A
CUST-14343,Meridian Data Health,Technology,Starter,Month-to-Month,Credit Card,2024-02,24,119.53,2942.54,2,73,1,1,5,20.6,Low Risk,1,Poor Onboarding Experience
CUST-14344,Nova Data Health,Technology,Enterprise,Month-to-Month,Bank Transfer,2025-12,7,1820.59,12974.78,127,43,2,5,7,29.9,Low Risk,1,Low User Adoption
CUST-14345,Omni Data Health,E-Commerce,Starter,Month-to-Month,Credit Card,2026-04,4,110.38,456.9,2,56,0,1,6,21.4,Low Risk,0,N/A
CUST-14346,Pinnacle Data Health,Manufacturing,Starter,Month-to-Month,Electronic Check,2026-05,3,138.74,410.7,3,21,0,1,5,79.4,High Risk,0,N/A
CUST-14347,Acro Data Health,Manufacturing,Starter,1-Year,Bank Transfer,2025-06,8,126.53,1023.99,4,49,0,2,8,9.5,Low Risk,0,N/A
CUST-14348,Boreal Data Health,Education,Professional,2-Year,Bank Transfer,2025-09,9,387.44,3524.89,13,19,2,0,7,8.3,Low Risk,0,N/A
CUST-14349,Cortex Data Health,Manufacturing,Starter,Month-to-Month,Credit Card,2024-08,23,181.82,4176.81,9,50,3,1,8,9.5,Low Risk,0,N/A
CUST-14350,Equinox Data Health,Manufacturing,Professional,1-Year,Bank Transfer,2025-10,3,530.88,1623.32,30,15,0,5,9,31.0,Low Risk,0,N/A
CUST-14351,Flux Data Health,E-Commerce,Starter,2-Year,Bank Transfer,2025-12,2,151.45,304.41,5,16,0,0,6,16.8,Low Risk,1,Low User Adoption
CUST-14352,Galactic Data Health,Manufacturing,Enterprise,Month-to-Month,Bank Transfer,2025-10,8,1748.58,13452.7,119,41,0,0,10,9.5,Low Risk,0,N/A
CUST-14353,Helix Data Health,Technology,Starter,1-Year,Bank Transfer,2024-03,3,125.18,374.58,2,29,1,0,6,33.2,Low Risk,0,N/A
CUST-14354,Infini Data Health,E-Commerce,Starter,Month-to-Month,Bank Transfer,2025-12,3,171.72,531.78,7,44,4,1,6,63.4,Medium Risk,1,Executive Leadership Turnover
CUST-14355,Krypton Data Health,Financial Services,Enterprise,Month-to-Month,Bank Transfer,2024-05,17,959.25,16251.38,25,96,1,0,7,8.7,Low Risk,0,N/A
CUST-14356,Matrix Data Health,Technology,Professional,Month-to-Month,Credit Card,2025-04,8,397.94,3092.47,15,33,4,0,7,75.0,High Risk,1,Budget Reallocation / Price
CUST-14357,Neutron Data Health,Financial Services,Professional,Month-to-Month,Electronic Check,2025-11,8,453.59,3701.9,21,37,0,14,4,56.2,Medium Risk,1,Competitor Migration
CUST-14358,Optima Data Health,E-Commerce,Starter,2-Year,Bank Transfer,2025-11,5,174.66,856.69,10,18,0,1,8,10.0,Low Risk,0,N/A
CUST-14359,Prism Data Health,Manufacturing,Enterprise,1-Year,Bank Transfer,2025-05,2,1254.25,2557.92,62,79,1,0,7,6.3,Low Risk,1,Budget Reallocation / Price
CUST-14360,Radiant Data Health,Technology,Starter,Month-to-Month,Bank Transfer,2025-09,5,175.27,847.69,9,89,0,2,8,10.4,Low Risk,0,N/A
CUST-14361,Solaris Data Health,Education,Professional,1-Year,Electronic Check,2024-05,10,574.4,5557.86,35,19,1,8,8,34.3,Low Risk,0,N/A
CUST-14362,Titan Data Health,Healthcare,Starter,1-Year,Credit Card,2024-06,25,155.12,3813.1,8,56,0,3,8,8.7,Low Risk,0,N/A
CUST-14363,Zenith Data Health,Manufacturing,Starter,2-Year,Credit Card,2025-03,4,127.01,518.26,5,86,0,1,5,3.6,Low Risk,0,N/A
CUST-14364,Strata Data Health,Education,Enterprise,Month-to-Month,Credit Card,2025-06,11,1318.67,14815.81,68,61,2,2,3,35.4,Medium Risk,1,Competitor Migration
CUST-14365,Synapse Data Health,E-Commerce,Starter,Month-to-Month,Electronic Check,2025-07,11,158.13,1806.66,8,92,0,1,7,10.4,Low Risk,0,N/A
CUST-14366,Vortex Data Health,E-Commerce,Enterprise,1-Year,Bank Transfer,2026-01,2,1405.04,2843.55,79,78,0,0,7,7.6,Low Risk,1,Missing Core Feature
CUST-14367,Vector Data Health,Technology,Professional,1-Year,Bank Transfer,2026-01,5,392.57,1992.37,15,65,0,0,2,20.6,Low Risk,0,N/A
CUST-14368,Zenith Data Health,E-Commerce,Starter,1-Year,Credit Card,2025-04,8,146.9,1143.89,5,56,4,0,1,47.5,Medium Risk,1,Missing Core Feature
CUST-14369,Aegis Data Health,Manufacturing,Professional,Month-to-Month,Bank Transfer,2026-03,5,511.28,2511.33,30,41,0,14,8,34.3,Low Risk,0,N/A
CUST-14370,Orion Data Health,Manufacturing,Enterprise,1-Year,Electronic Check,2026-04,4,1687.16,6703.7,113,35,3,3,6,14.2,Low Risk,0,N/A
CUST-14371,Apex Cloud Health,E-Commerce,Professional,Month-to-Month,Electronic Check,2026-05,1,339.42,337.04,7,67,2,0,5,50.0,Medium Risk,1,Missing Core Feature
CUST-14372,Vanguard Cloud Health,E-Commerce,Starter,1-Year,Credit Card,2026-01,4,110.21,449.2,3,59,1,5,6,14.2,Low Risk,0,N/A
CUST-14373,Nexus Cloud Health,Technology,Professional,Month-to-Month,Electronic Check,2025-12,7,381.9,2595.8,15,64,1,14,8,29.9,Low Risk,0,N/A
CUST-14374,Quantum Cloud Health,E-Commerce,Starter,Month-to-Month,Electronic Check,2026-01,4,131.56,512.47,5,43,0,30,8,72.1,High Risk,0,N/A
CUST-14375,Hyperion Cloud Health,Education,Starter,Month-to-Month,Credit Card,2026-01,2,177.36,367.47,9,95,1,1,8,14.8,Low Risk,1,Low User Adoption
CUST-14376,Aura Cloud Health,Manufacturing,Enterprise,Month-to-Month,Credit Card,2026-04,4,1135.96,4651.7,46,71,0,3,3,56.2,Medium Risk,1,Executive Leadership Turnover
CUST-14377,Catalyst Cloud Health,Education,Professional,1-Year,Credit Card,2024-11,1,350.46,355.11,11,19,1,1,8,33.2,Low Risk,0,N/A
CUST-14378,Pulse Cloud Health,Manufacturing,Starter,Month-to-Month,Electronic Check,2026-04,1,144.35,145.62,4,64,3,5,9,23.1,Low Risk,0,N/A
CUST-14379,Vertex Cloud Health,Technology,Professional,Month-to-Month,Credit Card,2026-05,2,473.06,970.93,23,44,1,8,8,43.8,Medium Risk,0,N/A
CUST-14380,Starlight Cloud Health,Healthcare,Professional,Month-to-Month,Credit Card,2025-01,1,399.06,400.94,17,17,2,1,7,56.2,Medium Risk,1,Executive Leadership Turnover
CUST-14381,Beacon Cloud Health,Technology,Professional,1-Year,Credit Card,2024-04,3,561.86,1681.42,35,73,0,0,8,16.1,Low Risk,1,Executive Leadership Turnover
CUST-14382,Cobalt Cloud Health,Technology,Enterprise,2-Year,Credit Card,2025-12,6,1964.34,11980.48,143,83,2,0,7,1.2,Low Risk,0,N/A
CUST-14383,Crest Cloud Health,E-Commerce,Professional,1-Year,Bank Transfer,2026-05,3,328.56,980.41,6,18,0,8,4,74.1,High Risk,1,Poor Onboarding Experience
CUST-14384,Elevation Cloud Health,Education,Professional,1-Year,Credit Card,2025-01,14,322.55,4531.77,7,38,3,1,7,7.9,Low Risk,1,Competitor Migration
CUST-14385,Frontier Cloud Health,Manufacturing,Starter,2-Year,Credit Card,2025-05,5,171.64,864.98,10,18,1,3,5,29.9,Low Risk,0,N/A
CUST-14386,Horizon Cloud Health,E-Commerce,Professional,Month-to-Month,Credit Card,2026-05,2,377.16,781.55,13,36,1,5,8,43.8,Medium Risk,0,N/A
CUST-14387,Integra Cloud Health,Education,Professional,Month-to-Month,Electronic Check,2024-11,10,557.75,5661.32,33,74,0,3,4,56.2,Medium Risk,1,Poor Onboarding Experience
CUST-14388,Kinetic Cloud Health,Healthcare,Professional,1-Year,Bank Transfer,2025-04,4,415.58,1601.62,18,79,1,14,8,6.6,Low Risk,0,N/A
CUST-14389,Luminary Cloud Health,Healthcare,Enterprise,Month-to-Month,Electronic Check,2026-06,2,1160.92,2258.71,49,87,1,1,10,6.3,Low Risk,1,Competitor Migration
CUST-14390,Meridian Cloud Health,Technology,Professional,Month-to-Month,Credit Card,2024-07,17,372.61,6132.4,12,36,0,1,5,40.1,Medium Risk,1,Budget Reallocation / Price
CUST-14391,Nova Cloud Health,Financial Services,Enterprise,1-Year,Bank Transfer,2026-05,1,1762.51,1706.94,122,36,1,45,8,59.9,Medium Risk,1,Budget Reallocation / Price
CUST-14392,Omni Cloud Health,Healthcare,Professional,Month-to-Month,Bank Transfer,2024-11,4,402.67,1600.61,17,71,2,1,8,18.2,Low Risk,0,N/A
CUST-14393,Pinnacle Cloud Health,Manufacturing,Enterprise,1-Year,Bank Transfer,2024-05,17,969.0,17090.38,26,93,3,1,10,1.4,Low Risk,0,N/A
CUST-14394,Acro Cloud Health,Education,Professional,Month-to-Month,Bank Transfer,2024-01,13,507.48,6830.07,27,27,0,5,7,62.2,Medium Risk,0,N/A
CUST-14395,Boreal Cloud Health,Manufacturing,Professional,1-Year,Electronic Check,2024-01,14,409.37,5604.19,19,91,1,3,3,14.8,Low Risk,0,N/A
CUST-14396,Cortex Cloud Health,E-Commerce,Starter,Month-to-Month,Bank Transfer,2024-04,8,133.62,1059.13,5,69,0,1,8,21.4,Low Risk,0,N/A
CUST-14397,Equinox Cloud Health,Manufacturing,Enterprise,Month-to-Month,Bank Transfer,2025-08,2,1918.52,3694.97,139,33,1,1,9,33.2,Low Risk,0,N/A
CUST-14398,Flux Cloud Health,Healthcare,Enterprise,1-Year,Credit Card,2026-03,5,1980.15,9962.13,147,58,0,3,10,7.2,Low Risk,0,N/A
CUST-14399,Galactic Cloud Health,Education,Enterprise,2-Year,Credit Card,2026-02,4,1401.89,5423.81,78,40,0,1,9,1.3,Low Risk,0,N/A
CUST-14400,Helix Cloud Health,Education,Enterprise,2-Year,Credit Card,2025-02,10,1311.27,13577.52,69,96,0,3,9,1.1,Low Risk,0,N/A
CUST-14401,Infini Cloud Health,Healthcare,Enterprise,1-Year,Credit Card,2025-01,12,988.28,11631.22,28,84,1,2,8,3.6,Low Risk,0,N/A
CUST-14402,Krypton Cloud Health,E-Commerce,Professional,2-Year,Electronic Check,2024-03,29,458.52,13282.55,24,51,1,0,7,1.3,Low Risk,0,N/A
CUST-14403,Matrix Cloud Health,Healthcare,Professional,Month-to-Month,Bank Transfer,2025-02,3,330.79,1010.57,7,73,4,5,4,89.1,High Risk,1,Missing Core Feature
CUST-14404,Neutron Cloud Health,E-Commerce,Professional,Month-to-Month,Credit Card,2025-01,4,331.84,1278.42,9,74,0,0,8,21.4,Low Risk,1,Missing Core Feature
CUST-14405,Optima Cloud Health,Financial Services,Enterprise,Month-to-Month,Credit Card,2024-09,2,1479.83,2895.06,89,65,1,8,9,23.1,Low Risk,0,N/A
CUST-14406,Prism Cloud Health,Healthcare,Starter,2-Year,Electronic Check,2026-02,3,120.95,352.15,1,22,4,2,8,41.3,Medium Risk,0,N/A
CUST-14407,Radiant Cloud Health,Manufacturing,Starter,Month-to-Month,Bank Transfer,2026-05,2,170.81,339.15,10,18,0,1,8,61.1,Medium Risk,1,Low User Adoption
CUST-14408,Solaris Cloud Health,Technology,Professional,Month-to-Month,Bank Transfer,2025-03,7,460.96,3271.62,24,50,0,0,7,21.4,Low Risk,1,Poor Onboarding Experience
CUST-14409,Titan Cloud Health,Healthcare,Professional,Month-to-Month,Credit Card,2024-08,4,385.66,1533.4,15,63,4,0,10,26.9,Low Risk,0,N/A
CUST-14410,Zenith Cloud Health,Education,Professional,1-Year,Credit Card,2024-12,13,465.92,6108.4,22,27,0,5,10,19.8,Low Risk,0,N/A
CUST-14411,Strata Cloud Health,Financial Services,Enterprise,Month-to-Month,Credit Card,2025-08,6,1259.9,7542.43,60,42,0,5,6,34.3,Low Risk,0,N/A
CUST-14412,Synapse Cloud Health,Manufacturing,Professional,Month-to-Month,Bank Transfer,2024-04,27,466.03,12088.14,24,31,1,2,8,25.0,Low Risk,0,N/A
CUST-14413,Vortex Cloud Health,Healthcare,Enterprise,Month-to-Month,Credit Card,2024-11,12,1616.43,19424.57,103,52,5,0,7,48.8,Medium Risk,1,Low User Adoption
CUST-14414,Vector Cloud Health,Financial Services,Professional,2-Year,Credit Card,2025-11,1,547.23,547.89,32,64,1,1,8,5.0,Low Risk,0,N/A
CUST-14415,Zenith Cloud Health,Manufacturing,Enterprise,1-Year,Electronic Check,2024-10,9,1531.25,13268.53,93,15,1,0,7,21.4,Low Risk,0,N/A
CUST-14416,Aegis Cloud Health,Education,Starter,1-Year,Bank Transfer,2025-07,9,124.7,1119.15,5,88,1,0,1,8.3,Low Risk,0,N/A
CUST-14417,Orion Cloud Health,Healthcare,Starter,Month-to-Month,Bank Transfer,2025-07,4,187.76,741.77,9,41,0,1,9,9.5,Low Risk,0,N/A
CUST-14418,Apex Digital Health,Manufacturing,Professional,Month-to-Month,Bank Transfer,2026-01,2,335.37,651.42,9,72,1,0,5,50.0,Medium Risk,1,Competitor Migration
CUST-14419,Vanguard Digital Health,Financial Services,Professional,Month-to-Month,Credit Card,2025-11,1,451.32,437.91,22,53,2,1,7,28.9,Low Risk,1,Missing Core Feature
CUST-14420,Nexus Digital Health,Technology,Starter,Month-to-Month,Credit Card,2025-05,13,142.04,1775.36,6,59,0,2,8,21.4,Low Risk,0,N/A
CUST-14421,Quantum Digital Health,Education,Starter,Month-to-Month,Bank Transfer,2026-05,2,160.28,324.0,9,77,2,5,7,25.0,Low Risk,1,Low User Adoption
CUST-14422,Hyperion Digital Health,Financial Services,Enterprise,1-Year,Bank Transfer,2024-07,16,1565.7,25629.73,97,37,0,0,8,9.5,Low Risk,0,N/A
CUST-14423,Aura Digital Health,Technology,Starter,Month-to-Month,Credit Card,2025-02,7,92.59,664.94,1,98,2,0,2,19.0,Low Risk,0,N/A
CUST-14424,Catalyst Digital Health,Technology,Starter,Month-to-Month,Bank Transfer,2025-02,14,97.79,1420.21,1,69,1,1,6,18.2,Low Risk,0,N/A
CUST-14425,Pulse Digital Health,Manufacturing,Professional,Month-to-Month,Electronic Check,2024-02,19,353.4,6491.89,11,51,1,0,7,9.5,Low Risk,0,N/A
CUST-14426,Vertex Digital Health,Manufacturing,Enterprise,Month-to-Month,Electronic Check,2024-02,3,913.07,2801.45,20,53,1,8,7,43.8,Medium Risk,0,N/A
CUST-14427,Starlight Digital Health,Education,Starter,Month-to-Month,Credit Card,2025-03,8,145.65,1165.96,4,26,0,2,7,46.3,Medium Risk,1,Missing Core Feature
CUST-14428,Beacon Digital Health,Manufacturing,Professional,Month-to-Month,Bank Transfer,2025-02,14,353.45,4944.59,12,95,2,21,8,47.5,Medium Risk,0,N/A
CUST-14429,Cobalt Digital Health,Healthcare,Starter,2-Year,Credit Card,2024-06,20,114.95,2377.45,3,36,1,0,4,3.2,Low Risk,0,N/A
CUST-14430,Crest Digital Health,Technology,Professional,Month-to-Month,Bank Transfer,2025-01,5,489.0,2426.74,26,72,0,1,10,9.5,Low Risk,0,N/A
CUST-14431,Elevation Digital Health,Financial Services,Professional,2-Year,Electronic Check,2025-12,5,344.88,1759.16,10,27,0,21,8,51.2,Medium Risk,0,N/A
CUST-14432,Frontier Digital Health,Healthcare,Professional,Month-to-Month,Electronic Check,2024-06,3,466.08,1348.83,22,91,1,1,2,29.9,Low Risk,0,N/A
CUST-14433,Horizon Digital Health,Healthcare,Starter,1-Year,Bank Transfer,2024-05,14,128.13,1848.16,5,24,3,0,7,21.4,Low Risk,0,N/A
CUST-14434,Integra Digital Health,Technology,Professional,Month-to-Month,Credit Card,2025-11,1,381.71,381.12,14,60,2,0,9,13.6,Low Risk,0,N/A
CUST-14435,Kinetic Digital Health,Manufacturing,Starter,Month-to-Month,Credit Card,2026-02,2,139.72,284.92,5,78,1,1,9,6.3,Low Risk,0,N/A
CUST-14436,Luminary Digital Health,Financial Services,Starter,1-Year,Bank Transfer,2025-06,11,167.92,1884.66,9,77,1,3,10,2.7,Low Risk,0,N/A
CUST-14437,Meridian Digital Health,Manufacturing,Starter,1-Year,Credit Card,2026-04,4,103.08,423.58,2,72,1,2,6,7.9,Low Risk,0,N/A
CUST-14438,Nova Digital Health,Technology,Professional,Month-to-Month,Credit Card,2024-06,15,505.89,7624.18,27,59,1,0,1,35.4,Medium Risk,0,N/A
CUST-14439,Omni Digital Health,E-Commerce,Enterprise,1-Year,Electronic Check,2025-05,5,1302.01,6740.35,68,81,0,1,4,10.0,Low Risk,0,N/A
CUST-14440,Pinnacle Digital Health,E-Commerce,Starter,1-Year,Credit Card,2026-02,5,161.55,782.6,7,68,3,0,5,17.5,Low Risk,0,N/A
CUST-14441,Acro Digital Health,Healthcare,Professional,Month-to-Month,Credit Card,2025-03,16,501.42,8269.78,28,15,0,14,7,62.2,Medium Risk,1,Missing Core Feature
CUST-14442,Boreal Digital Health,Healthcare,Professional,Month-to-Month,Bank Transfer,2024-12,8,353.31,2800.96,11,86,0,5,8,18.2,Low Risk,0,N/A
CUST-14443,Cortex Digital Health,Healthcare,Enterprise,Month-to-Month,Credit Card,2024-03,6,1604.81,9563.84,103,90,6,1,8,28.9,Low Risk,0,N/A
CUST-14444,Equinox Digital Health,Education,Professional,Month-to-Month,Bank Transfer,2026-04,1,531.11,541.59,31,58,3,0,9,13.6,Low Risk,0,N/A
CUST-14445,Flux Digital Health,Technology,Professional,Month-to-Month,Credit Card,2025-05,1,472.34,489.67,25,89,0,0,6,17.5,Low Risk,0,N/A
CUST-14446,Galactic Digital Health,Manufacturing,Starter,Month-to-Month,Bank Transfer,2024-12,16,178.91,2935.42,9,22,0,0,8,46.3,Medium Risk,1,Executive Leadership Turnover
CUST-14447,Helix Digital Health,Healthcare,Enterprise,2-Year,Bank Transfer,2025-05,10,1298.36,13349.87,66,65,4,8,9,8.3,Low Risk,0,N/A
CUST-14448,Infini Digital Health,Education,Professional,2-Year,Electronic Check,2024-09,22,347.91,7390.07,8,85,2,21,9,2.1,Low Risk,0,N/A
CUST-14449,Krypton Digital Health,Healthcare,Professional,Month-to-Month,Credit Card,2026-01,3,381.7,1126.27,12,51,1,0,8,28.9,Low Risk,1,Competitor Migration
CUST-14450,Matrix Digital Health,Healthcare,Professional,1-Year,Bank Transfer,2024-11,13,560.3,7196.57,35,70,2,5,3,28.9,Low Risk,0,N/A
CUST-14451,Neutron Digital Health,Manufacturing,Professional,Month-to-Month,Electronic Check,2024-10,22,541.32,12159.06,33,22,1,1,9,11.4,Low Risk,0,N/A
CUST-14452,Optima Digital Health,Education,Enterprise,Month-to-Month,Electronic Check,2025-01,4,1941.64,7902.89,140,51,2,1,1,35.4,Medium Risk,1,Low User Adoption
CUST-14453,Prism Digital Health,Healthcare,Professional,1-Year,Electronic Check,2026-05,2,442.07,904.65,20,40,0,5,9,12.5,Low Risk,0,N/A
CUST-14454,Radiant Digital Health,Manufacturing,Starter,1-Year,Bank Transfer,2024-10,12,159.33,1876.23,6,98,1,2,9,1.4,Low Risk,0,N/A
CUST-14455,Solaris Digital Health,Manufacturing,Professional,1-Year,Credit Card,2024-01,22,394.44,8949.0,14,65,3,0,9,1.6,Low Risk,0,N/A
CUST-14456,Titan Digital Health,Financial Services,Enterprise,2-Year,Bank Transfer,2025-02,15,1881.9,27875.69,136,88,4,30,8,33.2,Low Risk,0,N/A
CUST-14457,Zenith Digital Health,E-Commerce,Starter,1-Year,Bank Transfer,2024-06,26,93.38,2468.9,1,76,3,1,8,1.7,Low Risk,0,N/A
CUST-14458,Strata Digital Health,Manufacturing,Starter,2-Year,Electronic Check,2025-03,13,182.98,2339.82,10,81,1,2,7,1.2,Low Risk,0,N/A
CUST-14459,Synapse Digital Health,E-Commerce,Starter,Month-to-Month,Electronic Check,2024-09,2,121.1,241.06,2,89,1,30,8,62.2,Medium Risk,0,N/A
CUST-14460,Vortex Digital Health,Education,Enterprise,Month-to-Month,Credit Card,2024-07,10,1138.55,11737.43,49,50,0,0,3,40.1,Medium Risk,0,N/A
CUST-14461,Vector Digital Health,Healthcare,Professional,Month-to-Month,Credit Card,2026-01,4,421.22,1668.61,18,79,2,5,5,31.0,Low Risk,1,Competitor Migration
CUST-14462,Zenith Digital Health,Healthcare,Enterprise,Month-to-Month,Credit Card,2024-10,7,1324.78,8935.67,71,68,1,14,8,29.9,Low Risk,0,N/A
CUST-14463,Aegis Digital Health,E-Commerce,Professional,Month-to-Month,Bank Transfer,2024-12,14,466.21,6273.63,24,89,0,1,8,10.4,Low Risk,0,N/A
CUST-14464,Orion Digital Health,Healthcare,Professional,2-Year,Credit Card,2025-12,7,563.01,3905.32,35,47,2,0,9,1.1,Low Risk,0,N/A
CUST-14465,Apex Bio Health,E-Commerce,Professional,Month-to-Month,Credit Card,2025-01,12,383.98,4596.49,16,36,1,8,2,51.2,Medium Risk,1,Budget Reallocation / Price
CUST-14466,Vanguard Bio Health,Education,Professional,1-Year,Credit Card,2024-05,5,409.69,2084.67,17,31,3,21,1,86.4,High Risk,1,Budget Reallocation / Price
CUST-14467,Nexus Bio Health,Manufacturing,Enterprise,Month-to-Month,Bank Transfer,2025-09,1,1877.2,1802.3,135,25,1,14,5,85.8,High Risk,1,Competitor Migration
CUST-14468,Quantum Bio Health,E-Commerce,Enterprise,Month-to-Month,Electronic Check,2024-01,9,1930.18,17793.57,139,69,1,45,8,67.9,High Risk,1,Executive Leadership Turnover
CUST-14469,Hyperion Bio Health,Education,Professional,Month-to-Month,Bank Transfer,2025-02,16,518.61,8616.28,30,28,0,0,7,46.3,Medium Risk,1,Competitor Migration
CUST-14470,Aura Bio Health,E-Commerce,Enterprise,1-Year,Credit Card,2025-02,14,915.17,12717.78,20,60,1,2,9,3.2,Low Risk,0,N/A
CUST-14471,Catalyst Bio Health,Healthcare,Starter,2-Year,Bank Transfer,2025-01,3,139.58,402.81,3,18,0,0,1,33.2,Low Risk,0,N/A
CUST-14472,Pulse Bio Health,Manufacturing,Enterprise,Month-to-Month,Credit Card,2026-05,2,1420.08,2950.19,80,82,1,2,7,14.8,Low Risk,0,N/A
CUST-14473,Vertex Bio Health,Manufacturing,Starter,2-Year,Credit Card,2025-11,5,159.07,815.88,8,41,0,0,3,7.9,Low Risk,0,N/A
CUST-14474,Starlight Bio Health,E-Commerce,Professional,2-Year,Credit Card,2024-03,8,394.13,3029.41,17,36,6,0,10,4.5,Low Risk,0,N/A
CUST-14475,Beacon Bio Health,Education,Enterprise,Month-to-Month,Credit Card,2024-05,26,1962.85,50868.92,143,28,1,5,7,38.9,Medium Risk,1,Low User Adoption
CUST-14476,Cobalt Bio Health,E-Commerce,Professional,1-Year,Credit Card,2025-12,1,468.69,472.54,26,94,0,1,5,16.8,Low Risk,0,N/A
CUST-14477,Crest Bio Health,Financial Services,Starter,1-Year,Credit Card,2024-06,20,160.06,3081.63,9,25,1,0,6,11.4,Low Risk,0,N/A
CUST-14478,Elevation Bio Health,Manufacturing,Starter,Month-to-Month,Bank Transfer,2024-03,25,116.01,2827.32,1,85,1,1,9,1.7,Low Risk,0,N/A
CUST-14479,Frontier Bio Health,Financial Services,Starter,Month-to-Month,Bank Transfer,2024-08,17,170.64,2989.11,9,54,0,0,8,21.4,Low Risk,0,N/A
CUST-14480,Horizon Bio Health,Manufacturing,Professional,Month-to-Month,Bank Transfer,2026-05,2,337.09,697.17,10,47,2,0,8,28.9,Low Risk,0,N/A
CUST-14481,Integra Bio Health,Technology,Enterprise,Month-to-Month,Electronic Check,2025-04,13,1295.77,16926.96,65,50,3,1,8,18.2,Low Risk,0,N/A
CUST-14482,Kinetic Bio Health,Financial Services,Enterprise,Month-to-Month,Bank Transfer,2026-02,1,1644.1,1680.92,106,29,2,0,6,56.2,Medium Risk,0,N/A
CUST-14483,Luminary Bio Health,Technology,Professional,Month-to-Month,Credit Card,2026-02,4,315.95,1310.45,6,80,0,1,3,22.3,Low Risk,0,N/A
CUST-14484,Meridian Bio Health,Education,Starter,Month-to-Month,Electronic Check,2026-05,3,119.73,355.57,4,60,1,3,7,43.8,Medium Risk,0,N/A
CUST-14485,Nova Bio Health,Healthcare,Starter,Month-to-Month,Electronic Check,2026-03,5,106.24,550.46,1,35,1,2,8,18.2,Low Risk,0,N/A
CUST-14486,Omni Bio Health,Manufacturing,Professional,Month-to-Month,Electronic Check,2026-03,1,555.32,541.15,33,71,0,0,10,16.1,Low Risk,0,N/A
CUST-14487,Pinnacle Bio Health,E-Commerce,Professional,Month-to-Month,Credit Card,2024-06,16,408.12,6353.36,17,21,0,3,3,80.2,High Risk,1,Poor Onboarding Experience
CUST-14488,Acro Bio Health,Technology,Professional,1-Year,Bank Transfer,2026-02,5,308.24,1545.63,5,26,0,0,4,45.0,Medium Risk,0,N/A
CUST-14489,Boreal Bio Health,Financial Services,Enterprise,Month-to-Month,Bank Transfer,2024-03,23,1631.04,36704.7,104,81,1,0,7,4.3,Low Risk,0,N/A
CUST-14490,Cortex Bio Health,E-Commerce,Starter,1-Year,Credit Card,2026-06,2,175.18,350.57,9,24,0,14,8,53.7,Medium Risk,1,Competitor Migration
CUST-14491,Equinox Bio Health,Education,Starter,Month-to-Month,Credit Card,2025-04,15,114.96,1660.18,1,93,1,0,7,8.7,Low Risk,0,N/A
CUST-14492,Flux Bio Health,E-Commerce,Professional,Month-to-Month,Electronic Check,2025-07,10,387.72,3792.14,16,23,0,1,9,25.0,Low Risk,0,N/A
CUST-14493,Galactic Bio Health,Education,Professional,Month-to-Month,Credit Card,2026-02,1,468.14,458.98,25,89,1,0,4,29.9,Low Risk,1,Budget Reallocation / Price
CUST-14494,Helix Bio Health,Healthcare,Starter,2-Year,Credit Card,2026-06,1,179.84,186.99,9,16,1,2,8,14.2,Low Risk,1,Missing Core Feature
CUST-14495,Infini Bio Health,Manufacturing,Professional,Month-to-Month,Bank Transfer,2026-03,5,375.74,1870.97,13,70,0,5,8,34.3,Low Risk,0,N/A
CUST-14496,Krypton Bio Health,Healthcare,Enterprise,2-Year,Electronic Check,2024-11,8,1628.78,13068.71,106,80,2,1,8,1.2,Low Risk,0,N/A
CUST-14497,Matrix Bio Health,Financial Services,Starter,Month-to-Month,Electronic Check,2024-04,1,139.51,143.64,5,30,2,0,10,33.2,Low Risk,0,N/A
CUST-14498,Neutron Bio Health,E-Commerce,Starter,1-Year,Bank Transfer,2025-02,3,137.75,397.34,5,59,2,0,6,13.6,Low Risk,1,Low User Adoption
CUST-14499,Optima Bio Health,Technology,Professional,Month-to-Month,Credit Card,2024-10,19,536.74,10483.72,33,38,0,0,8,11.4,Low Risk,0,N/A
CUST-14500,Prism Bio Health,Manufacturing,Starter,1-Year,Electronic Check,2026-04,3,171.36,531.45,8,35,5,0,9,20.6,Low Risk,0,N/A
CUST-14501,Radiant Bio Health,Technology,Professional,2-Year,Credit Card,2024-10,16,310.9,4910.8,6,40,2,0,7,2.8,Low Risk,0,N/A
CUST-14502,Solaris Bio Health,Education,Professional,Month-to-Month,Bank Transfer,2025-10,10,345.67,3568.23,11,61,4,21,3,95.7,High Risk,1,Missing Core Feature
CUST-14503,Titan Bio Health,E-Commerce,Professional,Month-to-Month,Bank Transfer,2024-09,14,414.26,5807.29,16,87,0,1,7,10.4,Low Risk,0,N/A
CUST-14504,Zenith Bio Health,Healthcare,Professional,Month-to-Month,Credit Card,2026-01,1,444.93,446.67,20,54,0,2,7,33.2,Low Risk,1,Low User Adoption
CUST-14505,Strata Bio Health,Financial Services,Starter,1-Year,Credit Card,2025-02,10,123.31,1235.17,2,60,1,0,8,7.9,Low Risk,0,N/A
CUST-14506,Synapse Bio Health,Technology,Enterprise,2-Year,Credit Card,2025-12,3,1484.04,4485.61,88,49,4,1,7,18.2,Low Risk,0,N/A
CUST-14507,Vortex Bio Health,Education,Starter,Month-to-Month,Credit Card,2024-08,1,139.09,139.55,6,95,4,0,3,64.6,Medium Risk,0,N/A
CUST-14508,Vector Bio Health,Healthcare,Starter,1-Year,Credit Card,2026-06,1,134.37,132.67,4,19,2,5,10,26.9,Low Risk,0,N/A
CUST-14509,Zenith Bio Health,Healthcare,Professional,Month-to-Month,Credit Card,2024-03,18,448.51,8246.51,22,69,0,0,9,9.5,Low Risk,0,N/A
CUST-14510,Aegis Bio Health,E-Commerce,Professional,1-Year,Electronic Check,2024-02,26,321.66,8459.55,6,61,2,0,9,1.6,Low Risk,0,N/A
CUST-14511,Orion Bio Health,E-Commerce,Starter,Month-to-Month,Credit Card,2024-10,19,97.24,1819.88,1,73,3,0,5,20.6,Low Risk,1,Low User Adoption
CUST-14512,Apex Cyber Health,E-Commerce,Enterprise,Month-to-Month,Credit Card,2026-04,1,1402.25,1402.01,77,38,0,0,9,16.1,Low Risk,0,N/A
CUST-14513,Vanguard Cyber Health,Manufacturing,Professional,2-Year,Bank Transfer,2025-06,10,530.7,5131.18,33,23,0,5,6,17.5,Low Risk,1,Poor Onboarding Experience
CUST-14514,Nexus Cyber Health,Technology,Starter,Month-to-Month,Electronic Check,2025-07,7,160.06,1078.76,9,21,2,1,5,63.4,Medium Risk,0,N/A
CUST-14515,Quantum Cyber Health,Financial Services,Professional,2-Year,Credit Card,2025-05,9,516.45,4781.73,28,58,2,0,9,1.1,Low Risk,0,N/A
CUST-14516,Hyperion Cyber Health,Financial Services,Starter,Month-to-Month,Electronic Check,2026-04,4,127.37,500.2,3,41,0,14,2,56.2,Medium Risk,0,N/A
CUST-14517,Aura Cyber Health,Technology,Starter,Month-to-Month,Bank Transfer,2025-09,3,168.43,510.68,7,61,0,2,2,55.0,Medium Risk,1,Competitor Migration
CUST-14518,Catalyst Cyber Health,Education,Enterprise,Month-to-Month,Bank Transfer,2025-07,6,1509.92,9228.96,93,32,0,2,7,46.3,Medium Risk,0,N/A
CUST-14519,Pulse Cyber Health,Financial Services,Starter,1-Year,Credit Card,2025-03,2,152.18,303.75,7,78,0,0,8,7.6,Low Risk,0,N/A
CUST-14520,Vertex Cyber Health,E-Commerce,Professional,Month-to-Month,Bank Transfer,2024-11,12,314.93,3842.35,7,48,1,0,4,35.4,Medium Risk,0,N/A
CUST-14521,Starlight Cyber Health,E-Commerce,Professional,Month-to-Month,Credit Card,2026-02,5,404.55,2039.98,17,15,1,8,3,76.9,High Risk,1,Missing Core Feature
CUST-14522,Beacon Cyber Health,Financial Services,Professional,Month-to-Month,Credit Card,2024-12,20,386.04,7660.03,16,53,0,1,7,11.4,Low Risk,0,N/A
CUST-14523,Cobalt Cyber Health,E-Commerce,Starter,Month-to-Month,Credit Card,2025-08,6,136.53,810.04,5,63,2,8,9,14.2,Low Risk,0,N/A
CUST-14524,Crest Cyber Health,E-Commerce,Enterprise,Month-to-Month,Bank Transfer,2024-03,25,1039.12,25681.47,37,56,0,2,9,4.7,Low Risk,1,Missing Core Feature
CUST-14525,Elevation Cyber Health,E-Commerce,Professional,Month-to-Month,Bank Transfer,2024-05,24,467.14,10919.02,23,28,1,3,2,61.1,Medium Risk,1,Budget Reallocation / Price
CUST-14526,Frontier Cyber Health,Technology,Professional,2-Year,Bank Transfer,2025-08,9,333.4,2907.07,9,98,1,1,7,1.2,Low Risk,0,N/A
CUST-14527,Horizon Cyber Health,Education,Starter,Month-to-Month,Credit Card,2024-08,11,153.72,1686.37,8,78,0,0,8,10.4,Low Risk,0,N/A
CUST-14528,Integra Cyber Health,Manufacturing,Professional,Month-to-Month,Credit Card,2026-04,3,565.12,1727.49,34,35,0,1,5,55.0,Medium Risk,1,Executive Leadership Turnover
CUST-14529,Kinetic Cyber Health,Manufacturing,Starter,2-Year,Bank Transfer,2026-06,1,140.96,146.43,6,51,0,1,9,2.4,Low Risk,0,N/A
CUST-14530,Luminary Cyber Health,Manufacturing,Starter,Month-to-Month,Bank Transfer,2024-04,10,165.57,1664.68,7,53,2,1,9,7.9,Low Risk,0,N/A
CUST-14531,Meridian Cyber Health,Education,Starter,Month-to-Month,Credit Card,2025-07,11,123.19,1300.99,4,21,0,14,10,38.9,Medium Risk,0,N/A
CUST-14532,Nova Cyber Health,E-Commerce,Starter,Month-to-Month,Bank Transfer,2025-09,6,149.72,865.69,6,97,0,8,7,18.2,Low Risk,0,N/A
CUST-14533,Omni Cyber Health,Financial Services,Professional,Month-to-Month,Credit Card,2026-04,4,502.08,1966.09,28,85,0,1,6,10.4,Low Risk,0,N/A
CUST-14534,Pinnacle Cyber Health,Financial Services,Enterprise,Month-to-Month,Credit Card,2025-10,1,1296.02,1309.47,66,30,4,0,9,67.9,High Risk,1,Competitor Migration
CUST-14535,Acro Cyber Health,E-Commerce,Professional,Month-to-Month,Bank Transfer,2024-04,4,410.04,1683.96,17,18,0,0,8,46.3,Medium Risk,1,Executive Leadership Turnover
CUST-14536,Boreal Cyber Health,Education,Starter,Month-to-Month,Bank Transfer,2025-07,4,102.81,404.99,1,17,1,1,7,41.3,Medium Risk,0,N/A
CUST-14537,Cortex Cyber Health,Technology,Professional,1-Year,Credit Card,2024-07,24,520.39,12988.61,32,88,0,1,8,2.1,Low Risk,0,N/A
CUST-14538,Equinox Cyber Health,Healthcare,Starter,2-Year,Bank Transfer,2025-11,3,200.06,578.13,10,24,2,2,3,28.9,Low Risk,0,N/A
CUST-14539,Flux Cyber Health,Manufacturing,Professional,2-Year,Electronic Check,2024-01,29,372.5,11048.19,11,19,4,3,9,11.9,Low Risk,0,N/A
CUST-14540,Galactic Cyber Health,Manufacturing,Starter,1-Year,Electronic Check,2026-06,1,189.7,196.24,10,68,3,14,7,23.1,Low Risk,0,N/A
CUST-14541,Helix Cyber Health,Healthcare,Enterprise,1-Year,Bank Transfer,2026-05,3,1835.22,5305.07,130,23,2,1,9,16.1,Low Risk,0,N/A
CUST-14542,Infini Cyber Health,Financial Services,Starter,1-Year,Bank Transfer,2025-08,9,129.97,1146.16,5,91,1,1,5,8.3,Low Risk,0,N/A
CUST-14543,Krypton Cyber Health,Financial Services,Enterprise,Month-to-Month,Credit Card,2024-03,27,1949.23,52263.79,144,58,2,2,7,9.5,Low Risk,0,N/A
CUST-14544,Matrix Cyber Health,Technology,Starter,Month-to-Month,Bank Transfer,2026-06,1,135.4,135.3,3,63,2,14,9,23.1,Low Risk,1,Missing Core Feature
CUST-14545,Neutron Cyber Health,Manufacturing,Starter,Month-to-Month,Bank Transfer,2025-06,2,144.22,285.81,6,74,3,8,10,23.1,Low Risk,1,Competitor Migration
CUST-14546,Optima Cyber Health,E-Commerce,Starter,Month-to-Month,Credit Card,2024-01,27,130.93,3408.8,5,47,1,2,3,20.6,Low Risk,0,N/A
CUST-14547,Prism Cyber Health,Healthcare,Professional,1-Year,Bank Transfer,2024-11,19,422.27,7961.89,17,76,0,14,7,3.9,Low Risk,0,N/A
CUST-14548,Radiant Cyber Health,Healthcare,Starter,Month-to-Month,Credit Card,2026-01,5,160.36,796.03,8,23,0,3,7,62.2,Medium Risk,0,N/A
CUST-14549,Solaris Cyber Health,E-Commerce,Starter,2-Year,Bank Transfer,2024-10,18,131.88,2421.87,4,85,1,2,1,2.9,Low Risk,0,N/A
CUST-14550,Titan Cyber Health,Technology,Starter,1-Year,Electronic Check,2025-03,15,106.78,1585.46,3,63,2,1,7,7.9,Low Risk,0,N/A
CUST-14551,Zenith Cyber Health,Manufacturing,Starter,Month-to-Month,Bank Transfer,2024-05,24,167.54,3916.55,8,79,0,0,3,11.9,Low Risk,0,N/A
CUST-14552,Strata Cyber Health,E-Commerce,Starter,1-Year,Bank Transfer,2025-10,5,108.72,540.67,3,75,1,2,10,3.2,Low Risk,0,N/A
CUST-14553,Synapse Cyber Health,Technology,Professional,2-Year,Credit Card,2025-10,9,473.61,4222.88,25,95,2,2,8,1.2,Low Risk,0,N/A
CUST-14554,Vortex Cyber Health,Healthcare,Professional,Month-to-Month,Credit Card,2024-03,10,504.41,4921.31,27,59,1,3,1,51.2,Medium Risk,1,Competitor Migration
CUST-14555,Vector Cyber Health,Technology,Professional,Month-to-Month,Electronic Check,2024-06,23,441.68,10155.57,21,50,3,8,8,16.8,Low Risk,0,N/A
CUST-14556,Zenith Cyber Health,Financial Services,Professional,Month-to-Month,Electronic Check,2026-03,4,482.28,1918.86,25,41,3,0,6,18.2,Low Risk,0,N/A
CUST-14557,Aegis Cyber Health,Financial Services,Professional,Month-to-Month,Electronic Check,2024-12,5,351.95,1739.39,12,36,2,21,8,67.9,High Risk,1,Low User Adoption
CUST-14558,Orion Cyber Health,Manufacturing,Professional,1-Year,Credit Card,2025-05,7,338.34,2318.58,10,64,0,2,10,3.9,Low Risk,0,N/A
CUST-14559,Apex Logic Health,Financial Services,Starter,Month-to-Month,Bank Transfer,2024-11,9,137.48,1234.32,4,88,2,0,7,8.7,Low Risk,0,N/A
CUST-14560,Vanguard Logic Health,Manufacturing,Professional,1-Year,Electronic Check,2025-09,4,326.15,1282.95,6,35,0,0,7,9.5,Low Risk,1,Missing Core Feature
CUST-14561,Nexus Logic Health,Financial Services,Starter,Month-to-Month,Bank Transfer,2024-11,9,129.86,1143.66,4,62,3,0,10,7.9,Low Risk,0,N/A
CUST-14562,Quantum Logic Health,Education,Starter,1-Year,Bank Transfer,2025-05,8,111.73,898.38,2,65,1,1,10,3.2,Low Risk,0,N/A
CUST-14563,Hyperion Logic Health,E-Commerce,Starter,1-Year,Bank Transfer,2025-03,5,143.25,738.63,6,86,1,0,9,1.4,Low Risk,0,N/A
CUST-14564,Aura Logic Health,E-Commerce,Enterprise,2-Year,Bank Transfer,2024-06,22,1576.34,35917.58,97,31,1,30,8,28.9,Low Risk,1,Competitor Migration
CUST-14565,Catalyst Logic Health,Manufacturing,Professional,Month-to-Month,Credit Card,2026-05,1,512.61,505.44,30,85,2,3,6,25.0,Low Risk,1,Low User Adoption
CUST-14566,Pulse Logic Health,Healthcare,Professional,1-Year,Credit Card,2026-01,2,529.66,1026.02,30,17,2,5,9,26.9,Low Risk,0,N/A
CUST-14567,Vertex Logic Health,Manufacturing,Professional,Month-to-Month,Credit Card,2025-07,7,540.53,3639.03,32,57,2,2,5,35.4,Medium Risk,1,Poor Onboarding Experience
CUST-14568,Starlight Logic Health,Education,Enterprise,Month-to-Month,Credit Card,2024-09,19,1901.68,36051.34,137,30,1,1,7,25.0,Low Risk,0,N/A
CUST-14569,Beacon Logic Health,Education,Professional,Month-to-Month,Electronic Check,2025-06,6,542.06,3380.79,33,30,2,2,1,63.4,Medium Risk,0,N/A
CUST-14570,Cobalt Logic Health,Financial Services,Starter,1-Year,Electronic Check,2024-03,28,169.81,4922.11,9,58,4,0,8,14.8,Low Risk,0,N/A
CUST-14571,Crest Logic Health,E-Commerce,Professional,Month-to-Month,Credit Card,2025-09,2,461.51,925.61,23,25,1,3,9,48.8,Medium Risk,0,N/A
CUST-14572,Elevation Logic Health,Healthcare,Starter,Month-to-Month,Credit Card,2025-08,7,108.58,764.4,1,67,1,1,3,35.4,Medium Risk,0,N/A
CUST-14573,Frontier Logic Health,Financial Services,Starter,1-Year,Bank Transfer,2025-12,3,117.79,350.05,4,38,2,2,8,13.6,Low Risk,0,N/A
CUST-14574,Horizon Logic Health,Manufacturing,Starter,1-Year,Credit Card,2025-08,6,131.3,760.43,2,74,0,0,8,9.5,Low Risk,0,N/A
CUST-14575,Integra Logic Health,Healthcare,Starter,2-Year,Bank Transfer,2025-05,13,153.96,1953.93,5,71,3,1,8,2.8,Low Risk,0,N/A
CUST-14576,Kinetic Logic Health,Technology,Enterprise,1-Year,Bank Transfer,2025-07,7,1914.24,13025.15,139,38,2,1,9,3.2,Low Risk,0,N/A
CUST-14577,Luminary Logic Health,Manufacturing,Professional,Month-to-Month,Bank Transfer,2026-04,1,488.49,486.12,27,87,1,1,5,29.9,Low Risk,0,N/A
CUST-14578,Meridian Logic Health,Healthcare,Professional,Month-to-Month,Electronic Check,2026-05,3,312.64,918.45,6,97,0,14,7,28.9,Low Risk,0,N/A
CUST-14579,Nova Logic Health,Financial Services,Professional,Month-to-Month,Credit Card,2025-11,1,443.63,455.0,20,79,2,1,1,29.9,Low Risk,0,N/A
CUST-14580,Omni Logic Health,Manufacturing,Starter,2-Year,Bank Transfer,2025-07,12,127.44,1561.68,2,68,1,2,4,6.6,Low Risk,0,N/A
CUST-14581,Pinnacle Logic Health,Manufacturing,Enterprise,2-Year,Bank Transfer,2025-11,1,1847.27,1851.8,129,19,0,8,4,48.8,Medium Risk,1,Executive Leadership Turnover
CUST-14582,Acro Logic Health,Manufacturing,Professional,1-Year,Credit Card,2026-04,4,366.12,1442.92,10,15,2,14,7,34.3,Low Risk,1,Missing Core Feature
CUST-14583,Boreal Logic Health,Healthcare,Enterprise,2-Year,Bank Transfer,2024-03,2,1559.01,3241.88,96,31,1,0,4,28.9,Low Risk,1,Competitor Migration
CUST-14584,Cortex Logic Health,E-Commerce,Professional,Month-to-Month,Bank Transfer,2025-12,3,385.59,1190.33,13,48,0,0,8,33.2,Low Risk,1,Executive Leadership Turnover
CUST-14585,Equinox Logic Health,Technology,Enterprise,Month-to-Month,Bank Transfer,2025-03,4,1024.8,4241.01,35,53,3,3,8,29.9,Low Risk,0,N/A
CUST-14586,Flux Logic Health,Education,Enterprise,2-Year,Credit Card,2026-06,2,1637.87,3280.57,108,96,1,8,8,4.1,Low Risk,0,N/A
CUST-14587,Galactic Logic Health,Manufacturing,Starter,1-Year,Credit Card,2024-10,14,158.3,2267.78,8,98,1,1,4,8.3,Low Risk,0,N/A
CUST-14588,Helix Logic Health,E-Commerce,Enterprise,Month-to-Month,Bank Transfer,2024-09,15,1447.28,21081.7,85,26,4,45,8,96.6,High Risk,1,Budget Reallocation / Price
CUST-14589,Infini Logic Health,Financial Services,Enterprise,2-Year,Credit Card,2026-02,1,1567.01,1605.93,96,34,0,0,3,33.2,Low Risk,0,N/A
CUST-14590,Krypton Logic Health,Healthcare,Enterprise,2-Year,Electronic Check,2024-04,4,1500.13,6053.53,89,67,0,1,8,3.4,Low Risk,1,Poor Onboarding Experience
CUST-14591,Matrix Logic Health,Education,Starter,1-Year,Credit Card,2025-12,1,109.23,112.88,3,35,0,0,9,6.9,Low Risk,1,Missing Core Feature
CUST-14592,Neutron Logic Health,Healthcare,Starter,Month-to-Month,Electronic Check,2024-10,1,120.87,123.85,4,59,2,5,8,43.8,Medium Risk,1,Low User Adoption
CUST-14593,Optima Logic Health,Education,Starter,Month-to-Month,Electronic Check,2025-03,5,154.55,744.13,8,77,2,0,9,3.6,Low Risk,0,N/A
CUST-14594,Prism Logic Health,Technology,Starter,Month-to-Month,Bank Transfer,2024-10,12,144.97,1697.88,7,75,0,2,8,21.4,Low Risk,0,N/A
CUST-14595,Radiant Logic Health,Education,Starter,2-Year,Bank Transfer,2024-01,15,106.4,1580.73,2,98,1,0,5,2.9,Low Risk,0,N/A
CUST-14596,Solaris Logic Health,Financial Services,Professional,Month-to-Month,Bank Transfer,2026-02,2,530.75,1041.54,31,87,0,1,9,7.6,Low Risk,0,N/A
CUST-14597,Titan Logic Health,Financial Services,Professional,Month-to-Month,Credit Card,2024-05,5,422.86,2179.18,18,31,0,1,9,25.0,Low Risk,1,Executive Leadership Turnover
CUST-14598,Zenith Logic Health,Technology,Professional,2-Year,Credit Card,2024-12,6,386.76,2358.28,13,48,0,0,6,3.4,Low Risk,0,N/A
CUST-14599,Strata Logic Health,Education,Starter,Month-to-Month,Credit Card,2024-03,27,137.29,3630.03,5,79,0,0,8,5.2,Low Risk,1,Competitor Migration
CUST-14600,Synapse Logic Health,E-Commerce,Starter,Month-to-Month,Bank Transfer,2025-03,11,186.94,2036.13,10,66,1,1,7,18.2,Low Risk,0,N/A
CUST-14601,Vortex Logic Health,E-Commerce,Enterprise,1-Year,Bank Transfer,2026-06,2,1092.19,2141.72,43,16,0,1,4,59.9,Medium Risk,1,Executive Leadership Turnover
CUST-14602,Vector Logic Health,Financial Services,Starter,Month-to-Month,Electronic Check,2025-11,3,136.53,403.54,3,30,0,0,1,79.4,High Risk,1,Competitor Migration
CUST-14603,Zenith Logic Health,Manufacturing,Starter,Month-to-Month,Credit Card,2025-06,4,100.7,408.15,1,69,1,3,7,29.9,Low Risk,1,Low User Adoption
CUST-14604,Aegis Logic Health,Manufacturing,Enterprise,Month-to-Month,Credit Card,2026-01,1,1948.95,1955.64,143,19,0,45,5,97.3,High Risk,1,Missing Core Feature
CUST-14605,Orion Logic Health,E-Commerce,Starter,1-Year,Electronic Check,2024-11,9,177.12,1619.39,10,62,0,8,10,7.2,Low Risk,1,Executive Leadership Turnover
CUST-14606,Apex Meta Health,Financial Services,Starter,Month-to-Month,Credit Card,2024-11,19,130.09,2522.59,3,56,0,0,9,4.7,Low Risk,0,N/A
CUST-14607,Vanguard Meta Health,Technology,Starter,1-Year,Electronic Check,2024-12,19,177.99,3338.0,10,37,4,0,8,14.8,Low Risk,1,Poor Onboarding Experience
CUST-14608,Nexus Meta Health,Healthcare,Starter,Month-to-Month,Credit Card,2026-01,1,93.13,90.9,1,41,0,0,5,55.0,Medium Risk,0,N/A
CUST-14609,Quantum Meta Health,Healthcare,Starter,1-Year,Credit Card,2024-04,16,132.36,2174.41,5,89,0,0,7,4.3,Low Risk,0,N/A
CUST-14610,Hyperion Meta Health,Manufacturing,Starter,2-Year,Bank Transfer,2025-02,16,100.98,1599.51,2,37,1,0,5,6.6,Low Risk,1,Missing Core Feature
CUST-14611,Aura Meta Health,Manufacturing,Enterprise,2-Year,Credit Card,2025-09,10,1453.75,14132.56,85,91,1,1,3,2.9,Low Risk,0,N/A
CUST-14612,Catalyst Meta Health,Healthcare,Enterprise,2-Year,Bank Transfer,2024-07,9,1084.46,9526.93,39,63,1,1,9,1.1,Low Risk,0,N/A
CUST-14613,Pulse Meta Health,Education,Enterprise,Month-to-Month,Bank Transfer,2026-04,3,1274.24,3704.32,65,16,2,0,9,33.2,Low Risk,1,Executive Leadership Turnover
CUST-14614,Vertex Meta Health,Healthcare,Starter,1-Year,Bank Transfer,2025-03,12,166.63,2002.07,9,43,1,1,2,17.5,Low Risk,0,N/A
CUST-14615,Starlight Meta Health,Healthcare,Enterprise,Month-to-Month,Credit Card,2025-02,9,1309.93,11740.66,68,23,3,1,7,41.3,Medium Risk,0,N/A
CUST-14616,Beacon Meta Health,Financial Services,Starter,2-Year,Bank Transfer,2025-12,2,161.97,320.72,9,79,1,3,9,1.6,Low Risk,0,N/A
CUST-14617,Cobalt Meta Health,Healthcare,Starter,Month-to-Month,Bank Transfer,2024-11,1,158.35,159.18,6,76,3,0,8,14.8,Low Risk,1,Competitor Migration
CUST-14618,Crest Meta Health,Education,Professional,1-Year,Credit Card,2025-01,15,387.52,5928.41,15,39,0,8,8,16.8,Low Risk,0,N/A
CUST-14619,Elevation Meta Health,Education,Professional,1-Year,Bank Transfer,2025-04,1,355.65,351.63,12,30,2,0,6,33.2,Low Risk,0,N/A
CUST-14620,Frontier Meta Health,Education,Starter,Month-to-Month,Electronic Check,2024-06,17,173.46,3039.48,10,34,4,1,7,75.0,High Risk,0,N/A
CUST-14621,Horizon Meta Health,Financial Services,Professional,Month-to-Month,Bank Transfer,2025-06,11,521.28,5753.79,29,74,0,1,9,9.5,Low Risk,0,N/A
CUST-14622,Integra Meta Health,Healthcare,Starter,2-Year,Credit Card,2025-07,13,166.79,2137.93,8,34,0,3,10,7.6,Low Risk,0,N/A
CUST-14623,Kinetic Meta Health,Technology,Professional,1-Year,Bank Transfer,2026-02,2,435.93,874.84,21,94,1,1,4,14.2,Low Risk,0,N/A
CUST-14624,Luminary Meta Health,Healthcare,Starter,1-Year,Credit Card,2025-11,8,118.48,963.75,2,50,1,0,6,7.9,Low Risk,0,N/A
CUST-14625,Meridian Meta Health,Technology,Enterprise,1-Year,Credit Card,2025-05,15,1175.22,17361.15,51,64,1,0,8,7.9,Low Risk,0,N/A
CUST-14626,Nova Meta Health,Manufacturing,Starter,Month-to-Month,Bank Transfer,2026-06,2,127.21,259.04,3,81,3,8,7,25.0,Low Risk,1,Executive Leadership Turnover
CUST-14627,Omni Meta Health,Manufacturing,Starter,1-Year,Bank Transfer,2025-12,2,119.33,231.39,2,66,0,2,7,16.1,Low Risk,0,N/A
CUST-14628,Pinnacle Meta Health,Manufacturing,Enterprise,1-Year,Credit Card,2025-03,1,1562.02,1513.32,99,86,0,0,8,7.6,Low Risk,0,N/A
CUST-14629,Acro Meta Health,Education,Starter,Month-to-Month,Credit Card,2024-09,9,186.96,1650.96,9,36,5,21,8,90.0,High Risk,1,Missing Core Feature
CUST-14630,Boreal Meta Health,Financial Services,Professional,2-Year,Electronic Check,2025-08,10,340.17,3511.27,7,62,0,0,9,1.3,Low Risk,0,N/A
CUST-14631,Cortex Meta Health,Education,Enterprise,2-Year,Credit Card,2025-12,2,1882.04,3620.62,133,65,0,5,5,23.1,Low Risk,0,N/A
CUST-14632,Equinox Meta Health,E-Commerce,Starter,Month-to-Month,Bank Transfer,2025-11,3,112.75,328.44,3,61,0,3,5,70.1,High Risk,0,N/A
CUST-14633,Flux Meta Health,Healthcare,Enterprise,1-Year,Electronic Check,2026-06,2,1706.0,3461.71,114,94,2,0,9,2.5,Low Risk,0,N/A
CUST-14634,Galactic Meta Health,E-Commerce,Professional,Month-to-Month,Bank Transfer,2024-12,17,485.24,8440.52,27,87,1,0,9,3.6,Low Risk,0,N/A
CUST-14635,Helix Meta Health,Manufacturing,Enterprise,Month-to-Month,Electronic Check,2025-08,3,1596.14,4900.75,100,93,1,3,5,45.0,Medium Risk,0,N/A
CUST-14636,Infini Meta Health,Financial Services,Starter,1-Year,Bank Transfer,2026-03,1,163.46,167.91,6,56,0,21,8,64.6,Medium Risk,1,Competitor Migration
CUST-14637,Krypton Meta Health,Manufacturing,Starter,1-Year,Credit Card,2025-01,15,183.14,2643.5,10,45,0,1,9,3.9,Low Risk,0,N/A
CUST-14638,Matrix Meta Health,Education,Professional,Month-to-Month,Credit Card,2025-03,3,345.11,1062.62,11,92,5,3,10,35.4,Medium Risk,0,N/A
CUST-14639,Neutron Meta Health,E-Commerce,Starter,1-Year,Bank Transfer,2026-04,4,196.44,784.05,10,31,0,1,7,25.0,Low Risk,0,N/A
CUST-14640,Optima Meta Health,Manufacturing,Professional,1-Year,Bank Transfer,2025-09,1,357.39,363.27,11,42,1,0,9,5.7,Low Risk,0,N/A
CUST-14641,Prism Meta Health,Healthcare,Starter,Month-to-Month,Credit Card,2026-06,2,172.92,341.19,9,17,0,21,2,97.3,High Risk,1,Poor Onboarding Experience
CUST-14642,Radiant Meta Health,Financial Services,Starter,Month-to-Month,Credit Card,2025-03,6,175.0,1015.55,9,74,0,1,1,40.1,Medium Risk,0,N/A
CUST-14643,Solaris Meta Health,Financial Services,Enterprise,Month-to-Month,Electronic Check,2024-12,3,1291.15,3856.38,64,76,0,2,8,17.5,Low Risk,0,N/A
CUST-14644,Titan Meta Health,Financial Services,Starter,Month-to-Month,Bank Transfer,2025-10,5,110.13,558.6,1,21,3,2,8,41.3,Medium Risk,1,Competitor Migration
CUST-14645,Zenith Meta Health,Healthcare,Professional,Month-to-Month,Electronic Check,2024-11,11,558.63,6174.49,35,38,3,0,2,35.4,Medium Risk,1,Poor Onboarding Experience
CUST-14646,Strata Meta Health,Education,Professional,1-Year,Bank Transfer,2026-06,1,301.47,307.94,6,80,5,8,8,35.4,Medium Risk,1,Missing Core Feature
CUST-14647,Synapse Meta Health,Education,Professional,1-Year,Credit Card,2024-05,5,483.06,2427.81,25,41,0,3,2,33.2,Low Risk,0,N/A
CUST-14648,Vortex Meta Health,Technology,Professional,Month-to-Month,Credit Card,2024-07,16,552.31,8526.98,34,64,1,1,8,18.2,Low Risk,0,N/A
CUST-14649,Vector Meta Health,Technology,Professional,2-Year,Credit Card,2024-10,1,547.52,526.58,34,60,0,1,4,13.6,Low Risk,0,N/A
CUST-14650,Zenith Meta Health,Education,Professional,Month-to-Month,Credit Card,2024-01,9,477.79,4238.63,26,40,4,45,9,77.7,High Risk,0,N/A
CUST-14651,Aegis Meta Health,Technology,Professional,Month-to-Month,Bank Transfer,2026-05,3,489.63,1419.41,28,60,0,0,8,33.2,Low Risk,1,Budget Reallocation / Price
CUST-14652,Orion Meta Health,Manufacturing,Enterprise,1-Year,Credit Card,2026-04,4,1114.84,4366.56,46,62,1,0,10,3.2,Low Risk,0,N/A
CUST-14653,Apex Omni Health,Healthcare,Enterprise,Month-to-Month,Credit Card,2025-11,7,1800.58,12542.63,124,93,0,3,7,18.2,Low Risk,0,N/A
CUST-14654,Vanguard Omni Health,Manufacturing,Enterprise,Month-to-Month,Credit Card,2025-02,11,1080.68,12239.88,40,87,0,21,5,73.1,High Risk,0,N/A
CUST-14655,Nexus Omni Health,Education,Professional,Month-to-Month,Credit Card,2025-11,5,459.43,2337.49,24,57,1,5,6,29.9,Low Risk,0,N/A
CUST-14656,Quantum Omni Health,Education,Enterprise,1-Year,Credit Card,2026-05,2,1392.54,2824.1,79,98,1,1,8,6.3,Low Risk,0,N/A
CUST-14657,Hyperion Omni Health,Healthcare,Professional,2-Year,Credit Card,2025-03,14,318.38,4474.02,5,93,6,0,3,11.4,Low Risk,0,N/A
CUST-14658,Aura Omni Health,Manufacturing,Professional,Month-to-Month,Credit Card,2024-04,4,498.68,2040.58,27,20,0,0,8,46.3,Medium Risk,1,Executive Leadership Turnover
CUST-14659,Catalyst Omni Health,Financial Services,Starter,1-Year,Bank Transfer,2025-01,16,141.61,2317.52,4,32,0,5,8,38.9,Medium Risk,0,N/A
CUST-14660,Pulse Omni Health,Technology,Enterprise,Month-to-Month,Credit Card,2025-10,3,1076.27,3187.85,42,66,1,3,8,43.8,Medium Risk,1,Poor Onboarding Experience
CUST-14661,Vertex Omni Health,Technology,Starter,2-Year,Bank Transfer,2024-01,1,146.04,145.71,7,83,6,1,7,8.7,Low Risk,0,N/A
CUST-14662,Starlight Omni Health,E-Commerce,Starter,Month-to-Month,Credit Card,2024-06,6,108.29,661.44,2,79,1,14,7,15.4,Low Risk,0,N/A
CUST-14663,Beacon Omni Health,Healthcare,Starter,Month-to-Month,Credit Card,2024-03,24,142.73,3521.75,5,20,2,1,4,45.0,Medium Risk,1,Executive Leadership Turnover
CUST-14664,Cobalt Omni Health,Manufacturing,Professional,Month-to-Month,Electronic Check,2025-03,8,475.78,3892.28,24,26,0,3,9,38.9,Medium Risk,1,Competitor Migration
CUST-14665,Crest Omni Health,Education,Starter,Month-to-Month,Credit Card,2024-04,23,173.17,3981.28,10,59,2,2,8,9.5,Low Risk,1,Missing Core Feature
CUST-14666,Elevation Omni Health,E-Commerce,Enterprise,1-Year,Credit Card,2026-03,5,1922.2,9808.26,141,83,5,0,10,5.7,Low Risk,0,N/A
CUST-14667,Frontier Omni Health,Education,Professional,1-Year,Credit Card,2024-11,19,421.22,8319.53,19,61,3,1,8,3.9,Low Risk,0,N/A
CUST-14668,Horizon Omni Health,Technology,Starter,Month-to-Month,Credit Card,2025-07,12,139.32,1683.55,6,67,1,0,9,7.9,Low Risk,0,N/A
CUST-14669,Integra Omni Health,E-Commerce,Starter,Month-to-Month,Credit Card,2024-07,25,175.97,4566.71,8,78,3,0,1,10.0,Low Risk,0,N/A
CUST-14670,Kinetic Omni Health,Technology,Professional,1-Year,Electronic Check,2024-06,20,535.9,10698.78,31,64,2,1,8,3.9,Low Risk,0,N/A
CUST-14671,Luminary Omni Health,Financial Services,Starter,1-Year,Bank Transfer,2025-01,18,195.92,3563.23,10,56,2,0,7,7.9,Low Risk,1,Executive Leadership Turnover
CUST-14672,Meridian Omni Health,Education,Professional,Month-to-Month,Credit Card,2025-08,10,443.45,4519.86,21,45,6,0,3,70.1,High Risk,0,N/A
CUST-14673,Nova Omni Health,Healthcare,Professional,Month-to-Month,Credit Card,2024-11,7,545.23,3892.35,34,53,5,1,6,48.8,Medium Risk,1,Budget Reallocation / Price
CUST-14674,Omni Omni Health,Financial Services,Starter,2-Year,Bank Transfer,2026-01,6,115.04,702.65,3,52,6,0,10,4.5,Low Risk,0,N/A
CUST-14675,Pinnacle Omni Health,Education,Professional,Month-to-Month,Bank Transfer,2024-02,2,417.88,861.35,17,22,0,1,1,79.4,High Risk,0,N/A
CUST-14676,Acro Omni Health,Financial Services,Professional,2-Year,Credit Card,2026-04,4,319.14,1280.17,8,17,1,2,7,8.3,Low Risk,0,N/A
CUST-14677,Boreal Omni Health,Financial Services,Professional,Month-to-Month,Credit Card,2025-07,2,535.73,1052.22,34,95,1,1,7,14.8,Low Risk,1,Competitor Migration
CUST-14678,Cortex Omni Health,Technology,Professional,1-Year,Electronic Check,2025-03,15,349.12,5191.36,12,33,0,5,7,38.9,Medium Risk,0,N/A
CUST-14679,Equinox Omni Health,E-Commerce,Starter,2-Year,Credit Card,2026-02,4,176.53,722.42,10,22,0,1,2,21.4,Low Risk,0,N/A
CUST-14680,Flux Omni Health,Financial Services,Professional,Month-to-Month,Credit Card,2024-03,14,444.36,6004.63,23,78,2,2,10,3.6,Low Risk,0,N/A
CUST-14681,Galactic Omni Health,Manufacturing,Enterprise,Month-to-Month,Bank Transfer,2025-02,16,1582.46,25818.9,101,22,2,1,5,63.4,Medium Risk,0,N/A
CUST-14682,Helix Omni Health,E-Commerce,Starter,1-Year,Bank Transfer,2025-09,6,123.94,719.34,1,48,1,0,4,17.5,Low Risk,0,N/A
CUST-14683,Infini Omni Health,Manufacturing,Professional,2-Year,Bank Transfer,2026-03,1,348.88,362.23,11,53,2,21,9,16.1,Low Risk,0,N/A
CUST-14684,Krypton Omni Health,Education,Enterprise,Month-to-Month,Credit Card,2025-12,5,1158.89,5794.28,49,45,0,2,10,9.5,Low Risk,0,N/A
CUST-14685,Matrix Omni Health,E-Commerce,Starter,2-Year,Credit Card,2024-01,27,123.12,3343.57,5,23,0,21,9,16.1,Low Risk,0,N/A
CUST-14686,Neutron Omni Health,Education,Professional,Month-to-Month,Credit Card,2025-11,3,333.75,992.03,7,88,2,1,5,29.9,Low Risk,0,N/A
CUST-14687,Optima Omni Health,Technology,Starter,1-Year,Credit Card,2025-06,6,112.45,668.48,1,22,5,5,6,69.0,High Risk,0,N/A
CUST-14688,Prism Omni Health,Technology,Starter,1-Year,Credit Card,2025-11,7,107.47,730.05,2,27,5,8,10,46.3,Medium Risk,0,N/A
CUST-14689,Radiant Omni Health,Technology,Starter,Month-to-Month,Credit Card,2025-09,10,108.34,1073.55,3,45,2,0,7,18.2,Low Risk,1,Executive Leadership Turnover
CUST-14690,Solaris Omni Health,Healthcare,Professional,Month-to-Month,Credit Card,2026-02,3,542.58,1659.49,31,74,0,3,7,48.8,Medium Risk,1,Executive Leadership Turnover
CUST-14691,Titan Omni Health,Education,Enterprise,1-Year,Bank Transfer,2024-05,2,1110.76,2133.77,46,76,0,3,8,13.6,Low Risk,0,N/A
CUST-14692,Zenith Omni Health,E-Commerce,Starter,Month-to-Month,Electronic Check,2024-01,30,175.96,5133.44,10,90,1,8,5,17.5,Low Risk,0,N/A
CUST-14693,Strata Omni Health,Healthcare,Enterprise,2-Year,Credit Card,2026-02,2,1596.16,3292.61,102,36,1,45,10,16.1,Low Risk,0,N/A
CUST-14694,Synapse Omni Health,E-Commerce,Professional,Month-to-Month,Credit Card,2026-04,1,335.29,324.55,9,45,0,0,8,33.2,Low Risk,1,Poor Onboarding Experience
CUST-14695,Vortex Omni Health,Education,Enterprise,1-Year,Credit Card,2025-04,5,1121.23,5660.18,47,41,2,5,7,14.2,Low Risk,0,N/A
CUST-14696,Vector Omni Health,Manufacturing,Starter,1-Year,Credit Card,2025-09,3,130.58,393.28,2,34,0,0,3,59.9,Medium Risk,1,Low User Adoption
CUST-14697,Zenith Omni Health,Education,Professional,1-Year,Electronic Check,2024-07,2,441.87,854.22,21,91,2,0,7,6.3,Low Risk,0,N/A
CUST-14698,Aegis Omni Health,Education,Professional,Month-to-Month,Electronic Check,2024-06,1,578.72,579.02,35,80,0,2,8,17.5,Low Risk,0,N/A
CUST-14699,Orion Omni Health,Technology,Professional,1-Year,Electronic Check,2025-09,9,365.27,3344.72,13,68,0,1,9,3.9,Low Risk,0,N/A
CUST-14700,Apex Global Health,Technology,Starter,1-Year,Credit Card,2026-03,5,175.36,854.24,9,70,1,1,8,7.9,Low Risk,0,N/A
CUST-14701,Vanguard Global Health,Financial Services,Professional,Month-to-Month,Bank Transfer,2025-07,9,362.55,3379.52,13,96,2,0,6,8.7,Low Risk,0,N/A
CUST-14702,Nexus Global Health,Manufacturing,Starter,Month-to-Month,Bank Transfer,2025-04,12,149.52,1814.4,8,47,6,3,10,41.3,Medium Risk,0,N/A
CUST-14703,Quantum Global Health,Manufacturing,Professional,Month-to-Month,Credit Card,2025-06,13,300.67,3857.39,6,41,3,0,8,18.2,Low Risk,0,N/A
CUST-14704,Hyperion Global Health,Manufacturing,Starter,1-Year,Credit Card,2024-04,9,170.13,1587.91,9,21,2,5,7,34.3,Low Risk,1,Budget Reallocation / Price
CUST-14705,Aura Global Health,Financial Services,Starter,2-Year,Bank Transfer,2026-01,2,168.33,325.09,8,68,0,0,8,6.0,Low Risk,1,Executive Leadership Turnover
CUST-14706,Catalyst Global Health,E-Commerce,Starter,1-Year,Electronic Check,2024-10,10,178.72,1790.72,10,69,1,1,6,7.9,Low Risk,0,N/A
CUST-14707,Pulse Global Health,Manufacturing,Enterprise,Month-to-Month,Bank Transfer,2024-04,4,1661.97,6562.47,109,47,3,14,4,51.2,Medium Risk,1,Executive Leadership Turnover
CUST-14708,Vertex Global Health,Manufacturing,Professional,Month-to-Month,Electronic Check,2024-06,6,423.26,2481.55,17,90,2,21,1,69.0,High Risk,1,Budget Reallocation / Price
CUST-14709,Starlight Global Health,Technology,Enterprise,1-Year,Bank Transfer,2025-10,7,1494.19,10410.12,89,23,1,1,6,21.4,Low Risk,0,N/A
CUST-14710,Beacon Global Health,Manufacturing,Enterprise,1-Year,Credit Card,2025-10,1,1846.8,1913.58,130,96,0,1,8,7.6,Low Risk,0,N/A
CUST-14711,Cobalt Global Health,Education,Professional,2-Year,Credit Card,2026-01,1,363.34,354.48,12,74,1,1,9,2.0,Low Risk,0,N/A
CUST-14712,Crest Global Health,Technology,Professional,Month-to-Month,Bank Transfer,2024-01,4,483.48,1993.94,26,40,0,5,10,16.8,Low Risk,0,N/A
CUST-14713,Elevation Global Health,Healthcare,Professional,Month-to-Month,Credit Card,2025-11,5,509.45,2517.94,29,94,4,2,3,50.0,Medium Risk,0,N/A
CUST-14714,Frontier Global Health,Education,Starter,Month-to-Month,Credit Card,2024-04,11,119.69,1285.84,3,81,3,21,4,69.0,High Risk,1,Competitor Migration
CUST-14715,Horizon Global Health,Technology,Starter,1-Year,Bank Transfer,2025-04,10,186.69,1904.19,9,68,0,0,9,3.9,Low Risk,0,N/A
CUST-14716,Integra Global Health,Technology,Starter,Month-to-Month,Credit Card,2025-01,8,153.74,1260.47,7,53,0,3,8,34.3,Low Risk,1,Poor Onboarding Experience
CUST-14717,Kinetic Global Health,E-Commerce,Professional,Month-to-Month,Credit Card,2026-04,2,333.74,646.29,8,74,0,1,9,16.1,Low Risk,0,N/A
CUST-14718,Luminary Global Health,Healthcare,Professional,Month-to-Month,Credit Card,2026-01,2,451.47,898.04,23,74,1,0,5,50.0,Medium Risk,0,N/A
CUST-14719,Meridian Global Health,Financial Services,Professional,1-Year,Credit Card,2025-09,9,333.12,2946.65,8,40,0,0,10,3.9,Low Risk,0,N/A
CUST-14720,Nova Global Health,E-Commerce,Starter,Month-to-Month,Credit Card,2025-03,7,154.98,1052.58,8,30,3,2,8,41.3,Medium Risk,1,Missing Core Feature
CUST-14721,Omni Global Health,Healthcare,Professional,Month-to-Month,Bank Transfer,2024-12,9,428.61,3842.7,21,35,3,1,8,18.2,Low Risk,0,N/A
CUST-14722,Pinnacle Global Health,Education,Enterprise,Month-to-Month,Credit Card,2026-06,2,1499.23,2974.11,89,25,0,0,4,79.4,High Risk,1,Missing Core Feature
CUST-14723,Acro Global Health,Healthcare,Enterprise,1-Year,Electronic Check,2025-12,5,1899.31,9858.58,137,51,0,0,4,20.6,Low Risk,0,N/A
CUST-14724,Boreal Global Health,Education,Professional,Month-to-Month,Bank Transfer,2025-02,1,437.17,433.34,20,23,2,1,7,56.2,Medium Risk,0,N/A
CUST-14725,Cortex Global Health,E-Commerce,Professional,1-Year,Credit Card,2025-06,11,530.35,6020.35,31,39,1,3,9,6.0,Low Risk,0,N/A
CUST-14726,Equinox Global Health,Manufacturing,Professional,1-Year,Credit Card,2026-06,1,322.51,334.03,6,17,1,8,8,48.8,Medium Risk,0,N/A
CUST-14727,Flux Global Health,Education,Starter,Month-to-Month,Credit Card,2025-01,5,128.29,623.48,2,50,0,3,3,56.2,Medium Risk,1,Executive Leadership Turnover
CUST-14728,Galactic Global Health,Education,Starter,2-Year,Electronic Check,2025-02,7,156.86,1111.08,7,37,0,2,8,3.4,Low Risk,1,Budget Reallocation / Price
CUST-14729,Helix Global Health,E-Commerce,Professional,1-Year,Credit Card,2025-06,14,536.72,7322.31,32,16,2,8,8,34.3,Low Risk,1,Budget Reallocation / Price
CUST-14730,Infini Global Health,Technology,Starter,Month-to-Month,Credit Card,2024-08,22,191.25,4277.46,10,72,3,0,6,9.5,Low Risk,0,N/A
CUST-14731,Krypton Global Health,Healthcare,Professional,1-Year,Bank Transfer,2025-12,4,485.48,1992.7,26,37,2,2,7,7.9,Low Risk,0,N/A
CUST-14732,Matrix Global Health,Education,Professional,Month-to-Month,Credit Card,2025-05,11,412.24,4692.57,17,58,0,1,9,9.5,Low Risk,0,N/A
CUST-14733,Neutron Global Health,Technology,Professional,Month-to-Month,Credit Card,2025-06,11,334.85,3728.12,7,21,0,0,9,25.0,Low Risk,1,Poor Onboarding Experience
CUST-14734,Optima Global Health,Healthcare,Starter,1-Year,Electronic Check,2025-03,1,105.79,109.9,2,22,1,1,8,33.2,Low Risk,0,N/A
CUST-14735,Prism Global Health,Healthcare,Professional,2-Year,Bank Transfer,2024-02,15,368.11,5317.54,12,95,1,0,10,0.5,Low Risk,0,N/A
CUST-14736,Radiant Global Health,Education,Professional,1-Year,Bank Transfer,2025-10,10,346.03,3409.85,9,30,0,2,9,11.4,Low Risk,1,Budget Reallocation / Price
CUST-14737,Solaris Global Health,E-Commerce,Starter,Month-to-Month,Bank Transfer,2026-01,4,117.76,471.39,2,50,5,1,3,70.1,High Risk,0,N/A
CUST-14738,Titan Global Health,Healthcare,Starter,1-Year,Bank Transfer,2025-12,5,105.35,512.34,2,62,0,0,5,20.6,Low Risk,1,Executive Leadership Turnover
CUST-14739,Zenith Global Health,Technology,Starter,Month-to-Month,Credit Card,2024-11,17,187.81,3090.57,10,30,0,0,5,67.9,High Risk,1,Competitor Migration
CUST-14740,Strata Global Health,Financial Services,Professional,Month-to-Month,Bank Transfer,2025-11,2,523.12,1004.4,30,91,3,2,5,29.9,Low Risk,1,Missing Core Feature
CUST-14741,Synapse Global Health,Manufacturing,Professional,1-Year,Bank Transfer,2026-04,1,469.4,477.35,25,52,4,5,8,56.2,Medium Risk,0,N/A
CUST-14742,Vortex Global Health,Manufacturing,Professional,1-Year,Credit Card,2025-08,9,500.72,4562.53,27,26,1,0,8,21.4,Low Risk,0,N/A
CUST-14743,Vector Global Health,Technology,Starter,Month-to-Month,Bank Transfer,2025-02,15,151.06,2297.49,5,21,0,0,10,25.0,Low Risk,1,Budget Reallocation / Price
CUST-14744,Zenith Global Health,Manufacturing,Professional,Month-to-Month,Bank Transfer,2024-05,21,510.96,10906.6,31,95,0,0,8,5.2,Low Risk,0,N/A
CUST-14745,Aegis Global Health,Healthcare,Professional,1-Year,Credit Card,2024-07,20,387.58,8060.89,16,73,0,30,8,32.1,Low Risk,1,Executive Leadership Turnover
CUST-14746,Orion Global Health,Financial Services,Starter,Month-to-Month,Credit Card,2026-05,2,164.07,336.22,7,71,4,0,10,40.1,Medium Risk,0,N/A
CUST-14747,Apex Enterprise Health,Manufacturing,Starter,Month-to-Month,Bank Transfer,2025-07,8,147.68,1189.31,5,31,0,0,8,46.3,Medium Risk,1,Executive Leadership Turnover
CUST-14748,Vanguard Enterprise Health,Technology,Professional,1-Year,Electronic Check,2025-05,8,340.57,2795.48,11,85,3,5,8,6.6,Low Risk,0,N/A
CUST-14749,Nexus Enterprise Health,Education,Professional,1-Year,Credit Card,2024-12,10,531.78,5271.08,33,20,0,0,8,25.0,Low Risk,0,N/A
CUST-14750,Quantum Enterprise Health,Manufacturing,Professional,Month-to-Month,Credit Card,2025-12,6,398.01,2370.38,15,31,0,3,6,62.2,Medium Risk,1,Missing Core Feature
CUST-14751,Hyperion Enterprise Health,Financial Services,Starter,1-Year,Credit Card,2024-10,16,184.52,2994.17,10,19,0,3,6,38.9,Medium Risk,0,N/A
CUST-14752,Aura Enterprise Health,E-Commerce,Starter,1-Year,Bank Transfer,2026-03,2,103.46,198.99,2,43,0,45,5,81.8,High Risk,1,Competitor Migration
CUST-14753,Catalyst Enterprise Health,Education,Starter,Month-to-Month,Bank Transfer,2024-04,2,181.38,366.9,10,37,4,14,7,76.9,High Risk,1,Missing Core Feature
CUST-14754,Pulse Enterprise Health,E-Commerce,Starter,2-Year,Bank Transfer,2024-02,11,183.83,1954.02,10,83,3,1,8,1.2,Low Risk,0,N/A
CUST-14755,Vertex Enterprise Health,E-Commerce,Professional,1-Year,Bank Transfer,2024-02,9,484.53,4528.87,27,52,2,45,8,45.0,Medium Risk,1,Executive Leadership Turnover
CUST-14756,Starlight Enterprise Health,Manufacturing,Professional,1-Year,Credit Card,2024-09,11,506.4,5379.83,30,61,0,2,5,20.6,Low Risk,0,N/A
CUST-14757,Beacon Enterprise Health,Technology,Enterprise,1-Year,Electronic Check,2026-06,1,1533.52,1554.03,92,38,3,0,8,13.6,Low Risk,0,N/A
CUST-14758,Cobalt Enterprise Health,E-Commerce,Enterprise,2-Year,Electronic Check,2026-05,3,1531.93,4714.76,95,67,2,0,6,5.0,Low Risk,0,N/A
CUST-14759,Crest Enterprise Health,Financial Services,Starter,Month-to-Month,Credit Card,2025-11,5,157.04,811.46,5,23,3,0,8,41.3,Medium Risk,1,Executive Leadership Turnover
CUST-14760,Elevation Enterprise Health,Technology,Enterprise,1-Year,Bank Transfer,2024-04,6,1645.19,9777.28,106,28,0,8,8,38.9,Medium Risk,0,N/A
CUST-14761,Frontier Enterprise Health,Healthcare,Enterprise,2-Year,Credit Card,2026-05,2,1082.69,2129.94,41,64,0,2,9,2.4,Low Risk,1,Executive Leadership Turnover
CUST-14762,Horizon Enterprise Health,Education,Enterprise,2-Year,Bank Transfer,2024-12,13,1333.69,17694.1,71,52,0,2,8,3.4,Low Risk,0,N/A
CUST-14763,Integra Enterprise Health,Education,Professional,Month-to-Month,Credit Card,2025-12,4,395.23,1603.62,14,41,0,14,4,56.2,Medium Risk,1,Executive Leadership Turnover
CUST-14764,Kinetic Enterprise Health,Manufacturing,Starter,Month-to-Month,Credit Card,2025-11,2,118.9,236.21,3,65,0,5,7,48.8,Medium Risk,0,N/A
CUST-14765,Luminary Enterprise Health,E-Commerce,Professional,Month-to-Month,Credit Card,2024-08,13,543.21,7101.48,33,60,0,1,7,21.4,Low Risk,1,Poor Onboarding Experience
CUST-14766,Meridian Enterprise Health,E-Commerce,Professional,1-Year,Electronic Check,2024-09,19,411.97,7890.43,17,97,1,0,6,1.7,Low Risk,0,N/A
CUST-14767,Nova Enterprise Health,Healthcare,Professional,Month-to-Month,Credit Card,2024-07,16,376.92,5893.61,15,91,2,1,8,8.7,Low Risk,1,Executive Leadership Turnover
CUST-14768,Omni Enterprise Health,Education,Starter,2-Year,Electronic Check,2025-02,16,93.05,1469.12,1,64,2,0,5,6.6,Low Risk,0,N/A
CUST-14769,Pinnacle Enterprise Health,Healthcare,Starter,1-Year,Bank Transfer,2025-10,6,186.39,1129.76,9,54,1,8,8,14.2,Low Risk,0,N/A
CUST-14770,Acro Enterprise Health,E-Commerce,Starter,1-Year,Electronic Check,2025-01,1,136.37,135.6,5,81,2,1,7,6.3,Low Risk,0,N/A
CUST-14771,Boreal Enterprise Health,Technology,Starter,Month-to-Month,Bank Transfer,2024-10,5,170.68,885.35,7,83,2,1,4,19.0,Low Risk,1,Low User Adoption
CUST-14772,Cortex Enterprise Health,Healthcare,Starter,1-Year,Bank Transfer,2025-02,14,128.85,1853.09,4,73,0,2,7,9.5,Low Risk,0,N/A
CUST-14773,Equinox Enterprise Health,E-Commerce,Enterprise,1-Year,Electronic Check,2025-10,4,1992.32,8095.71,147,67,1,1,3,17.5,Low Risk,0,N/A
CUST-14774,Flux Enterprise Health,E-Commerce,Starter,Month-to-Month,Bank Transfer,2024-06,6,170.51,1003.04,8,65,0,3,8,34.3,Low Risk,1,Competitor Migration
CUST-14775,Galactic Enterprise Health,Manufacturing,Professional,1-Year,Bank Transfer,2025-11,5,542.46,2643.7,31,91,6,1,6,13.6,Low Risk,0,N/A
CUST-14776,Helix Enterprise Health,Technology,Starter,Month-to-Month,Credit Card,2026-06,2,179.27,359.1,9,97,1,5,10,11.4,Low Risk,0,N/A
CUST-14777,Infini Enterprise Health,Technology,Professional,Month-to-Month,Bank Transfer,2025-01,14,296.74,4210.69,5,76,0,0,5,22.3,Low Risk,0,N/A
CUST-14778,Krypton Enterprise Health,Manufacturing,Professional,Month-to-Month,Credit Card,2024-02,13,326.98,4286.4,7,87,1,0,10,3.6,Low Risk,0,N/A
CUST-14779,Matrix Enterprise Health,E-Commerce,Professional,1-Year,Bank Transfer,2025-06,14,308.22,4368.91,7,90,1,1,7,3.6,Low Risk,0,N/A
CUST-14780,Neutron Enterprise Health,Technology,Enterprise,1-Year,Bank Transfer,2025-01,3,1036.24,2985.26,34,65,1,2,8,13.6,Low Risk,0,N/A
CUST-14781,Optima Enterprise Health,Healthcare,Starter,1-Year,Credit Card,2025-09,1,169.23,166.72,9,52,2,3,7,23.1,Low Risk,0,N/A
CUST-14782,Prism Enterprise Health,Education,Professional,1-Year,Credit Card,2025-11,8,391.84,3051.78,13,61,1,45,9,24.0,Low Risk,0,N/A
CUST-14783,Radiant Enterprise Health,Manufacturing,Starter,Month-to-Month,Credit Card,2026-01,2,150.83,309.59,8,73,1,0,8,28.9,Low Risk,0,N/A
CUST-14784,Solaris Enterprise Health,Education,Starter,2-Year,Credit Card,2024-11,15,188.69,2747.08,9,40,2,21,8,21.4,Low Risk,0,N/A
CUST-14785,Titan Enterprise Health,Technology,Professional,1-Year,Credit Card,2024-06,10,488.34,4828.2,27,62,2,1,5,17.5,Low Risk,0,N/A
CUST-14786,Zenith Enterprise Health,Healthcare,Professional,1-Year,Credit Card,2025-02,8,320.39,2631.72,7,26,5,0,8,53.7,Medium Risk,1,Low User Adoption
CUST-14787,Strata Enterprise Health,E-Commerce,Professional,1-Year,Bank Transfer,2024-02,24,362.31,8838.4,12,95,3,3,6,3.2,Low Risk,0,N/A
CUST-14788,Synapse Enterprise Health,Financial Services,Starter,Month-to-Month,Credit Card,2025-01,6,145.37,843.5,7,30,3,0,5,63.4,Medium Risk,1,Poor Onboarding Experience
CUST-14789,Vortex Enterprise Health,Healthcare,Starter,1-Year,Electronic Check,2024-08,21,148.56,3186.28,6,83,1,1,5,4.1,Low Risk,0,N/A
CUST-14790,Vector Enterprise Health,Education,Professional,2-Year,Credit Card,2024-10,11,409.16,4531.2,19,44,3,2,2,6.6,Low Risk,0,N/A
CUST-14791,Zenith Enterprise Health,Technology,Professional,1-Year,Credit Card,2025-06,10,315.8,3235.97,5,70,1,0,8,7.9,Low Risk,0,N/A
CUST-14792,Aegis Enterprise Health,Healthcare,Starter,Month-to-Month,Credit Card,2026-04,3,180.7,561.96,8,98,1,1,5,29.9,Low Risk,1,Executive Leadership Turnover
CUST-14793,Orion Enterprise Health,Technology,Professional,Month-to-Month,Bank Transfer,2024-03,6,470.26,2772.61,26,39,0,8,7,34.3,Low Risk,0,N/A
CUST-14794,Apex Strategic Health,Healthcare,Enterprise,Month-to-Month,Electronic Check,2024-07,11,992.99,10929.55,30,18,0,3,10,38.9,Medium Risk,1,Competitor Migration
CUST-14795,Vanguard Strategic Health,Manufacturing,Starter,Month-to-Month,Bank Transfer,2025-06,6,183.1,1074.24,9,27,1,2,7,41.3,Medium Risk,0,N/A
CUST-14796,Nexus Strategic Health,Healthcare,Starter,1-Year,Credit Card,2025-04,12,128.2,1509.4,2,82,1,0,9,1.4,Low Risk,0,N/A
CUST-14797,Quantum Strategic Health,E-Commerce,Enterprise,1-Year,Credit Card,2025-08,4,1949.5,8083.31,143,21,6,3,5,84.6,High Risk,1,Low User Adoption
CUST-14798,Hyperion Strategic Health,E-Commerce,Starter,Month-to-Month,Credit Card,2024-11,1,169.71,175.14,7,82,1,0,8,14.8,Low Risk,1,Budget Reallocation / Price
CUST-14799,Aura Strategic Health,Financial Services,Professional,Month-to-Month,Credit Card,2025-06,8,362.73,2912.04,13,95,0,0,8,10.4,Low Risk,0,N/A
CUST-14800,Catalyst Strategic Health,Financial Services,Professional,1-Year,Credit Card,2025-12,3,495.01,1524.23,26,80,1,0,9,2.5,Low Risk,0,N/A
CUST-14801,Pulse Strategic Health,Technology,Enterprise,Month-to-Month,Credit Card,2024-08,19,975.5,18350.37,27,44,2,3,8,16.8,Low Risk,0,N/A
CUST-14802,Vertex Strategic Health,E-Commerce,Professional,1-Year,Bank Transfer,2025-04,2,545.01,1071.85,35,90,1,2,7,6.3,Low Risk,0,N/A
CUST-14803,Starlight Strategic Health,Manufacturing,Enterprise,1-Year,Bank Transfer,2026-01,5,1557.12,7730.16,96,97,6,8,7,23.1,Low Risk,0,N/A
CUST-14804,Beacon Strategic Health,Financial Services,Professional,2-Year,Credit Card,2025-04,2,557.57,1142.21,34,47,2,3,10,3.7,Low Risk,0,N/A
CUST-14805,Cobalt Strategic Health,Manufacturing,Starter,1-Year,Credit Card,2024-12,17,131.76,2196.72,5,38,4,2,6,26.9,Low Risk,1,Poor Onboarding Experience
CUST-14806,Crest Strategic Health,Manufacturing,Starter,Month-to-Month,Credit Card,2024-12,17,177.06,3082.95,9,76,1,1,9,3.6,Low Risk,0,N/A
CUST-14807,Elevation Strategic Health,Technology,Professional,Month-to-Month,Credit Card,2024-03,9,386.6,3608.79,13,28,2,8,8,57.4,Medium Risk,0,N/A
CUST-14808,Frontier Strategic Health,Education,Professional,Month-to-Month,Electronic Check,2025-02,6,300.44,1779.58,5,50,1,14,2,51.2,Medium Risk,0,N/A
CUST-14809,Horizon Strategic Health,Education,Professional,1-Year,Bank Transfer,2024-08,11,561.25,6341.08,35,76,1,1,7,3.6,Low Risk,0,N/A
CUST-14810,Integra Strategic Health,Technology,Starter,Month-to-Month,Credit Card,2024-06,9,136.29,1234.26,3,56,1,0,9,7.9,Low Risk,0,N/A
CUST-14811,Kinetic Strategic Health,Manufacturing,Enterprise,1-Year,Bank Transfer,2025-10,6,1566.46,9337.84,96,23,1,1,5,40.1,Medium Risk,1,Executive Leadership Turnover
CUST-14812,Luminary Strategic Health,Healthcare,Professional,Month-to-Month,Credit Card,2025-05,3,566.05,1657.03,34,43,1,0,8,28.9,Low Risk,1,Competitor Migration
CUST-14813,Meridian Strategic Health,Education,Professional,1-Year,Bank Transfer,2026-06,2,298.68,588.55,5,38,0,0,9,6.9,Low Risk,0,N/A
CUST-14814,Nova Strategic Health,Manufacturing,Professional,Month-to-Month,Bank Transfer,2025-01,15,479.43,7157.94,27,23,1,0,6,41.3,Medium Risk,0,N/A
CUST-14815,Omni Strategic Health,E-Commerce,Enterprise,1-Year,Credit Card,2024-07,17,1729.09,29421.44,118,21,1,1,8,21.4,Low Risk,0,N/A
CUST-14816,Pinnacle Strategic Health,E-Commerce,Enterprise,1-Year,Bank Transfer,2024-06,18,1130.27,19968.06,48,44,2,0,9,3.2,Low Risk,0,N/A
CUST-14817,Acro Strategic Health,Healthcare,Professional,1-Year,Electronic Check,2024-08,11,504.74,5614.32,27,86,3,1,8,3.6,Low Risk,0,N/A
CUST-14818,Boreal Strategic Health,Financial Services,Professional,2-Year,Credit Card,2024-11,18,327.29,5773.89,6,52,0,0,8,3.4,Low Risk,0,N/A
CUST-14819,Cortex Strategic Health,Manufacturing,Starter,Month-to-Month,Bank Transfer,2025-03,11,162.1,1854.31,8,44,2,1,8,18.2,Low Risk,1,Budget Reallocation / Price
CUST-14820,Equinox Strategic Health,Healthcare,Professional,Month-to-Month,Bank Transfer,2026-04,2,514.55,1057.04,31,40,1,0,4,50.0,Medium Risk,1,Budget Reallocation / Price
CUST-14821,Flux Strategic Health,Manufacturing,Starter,1-Year,Electronic Check,2026-01,2,133.85,269.45,5,18,1,0,7,33.2,Low Risk,0,N/A
CUST-14822,Galactic Strategic Health,Manufacturing,Enterprise,2-Year,Credit Card,2026-03,3,1095.55,3176.03,43,50,2,5,4,19.8,Low Risk,0,N/A
CUST-14823,Helix Strategic Health,Healthcare,Starter,2-Year,Credit Card,2024-02,4,136.69,541.19,6,88,0,0,6,1.5,Low Risk,0,N/A
CUST-14824,Infini Strategic Health,Technology,Professional,Month-to-Month,Credit Card,2024-09,10,505.91,5149.42,30,43,1,3,9,14.2,Low Risk,0,N/A
CUST-14825,Krypton Strategic Health,Technology,Professional,Month-to-Month,Credit Card,2025-09,7,547.76,3701.53,34,78,0,0,10,4.3,Low Risk,0,N/A
CUST-14826,Matrix Strategic Health,Technology,Professional,2-Year,Electronic Check,2026-05,2,569.63,1180.47,34,76,2,1,9,0.9,Low Risk,0,N/A
CUST-14827,Neutron Strategic Health,Healthcare,Enterprise,1-Year,Credit Card,2024-04,16,1885.95,29814.18,135,97,2,5,8,6.6,Low Risk,0,N/A
CUST-14828,Optima Strategic Health,Education,Professional,Month-to-Month,Credit Card,2026-03,5,454.24,2318.68,24,25,1,1,6,41.3,Medium Risk,0,N/A
CUST-14829,Prism Strategic Health,Financial Services,Professional,1-Year,Credit Card,2024-08,20,505.69,10174.54,30,41,1,0,7,3.9,Low Risk,0,N/A
CUST-14830,Radiant Strategic Health,E-Commerce,Starter,2-Year,Credit Card,2024-01,31,174.54,5535.77,7,21,3,0,7,4.1,Low Risk,0,N/A
CUST-14831,Solaris Strategic Health,Financial Services,Starter,Month-to-Month,Electronic Check,2024-02,26,162.85,4205.97,6,22,0,1,1,50.0,Medium Risk,0,N/A
CUST-14832,Titan Strategic Health,Technology,Enterprise,Month-to-Month,Bank Transfer,2024-05,26,1558.31,39524.54,97,73,1,0,7,9.5,Low Risk,0,N/A
CUST-14833,Zenith Strategic Health,Education,Professional,1-Year,Electronic Check,2025-04,1,535.3,552.6,33,26,5,1,1,83.9,High Risk,1,Poor Onboarding Experience
CUST-14834,Strata Strategic Health,Education,Enterprise,Month-to-Month,Credit Card,2024-06,8,1263.94,10409.7,60,64,0,30,10,50.0,Medium Risk,1,Competitor Migration
CUST-14835,Synapse Strategic Health,Financial Services,Professional,Month-to-Month,Bank Transfer,2025-07,9,527.48,4602.88,31,65,6,45,3,95.7,High Risk,1,Competitor Migration
CUST-14836,Vortex Strategic Health,E-Commerce,Professional,Month-to-Month,Bank Transfer,2025-12,3,445.04,1311.82,22,79,0,1,7,17.5,Low Risk,0,N/A
CUST-14837,Vector Strategic Health,Manufacturing,Enterprise,1-Year,Electronic Check,2025-08,9,1205.4,10543.61,56,78,1,3,5,14.8,Low Risk,1,Poor Onboarding Experience
CUST-14838,Zenith Strategic Health,Healthcare,Professional,Month-to-Month,Bank Transfer,2025-11,8,354.01,2803.18,10,55,0,3,9,16.8,Low Risk,0,N/A
CUST-14839,Aegis Strategic Health,Financial Services,Starter,2-Year,Credit Card,2025-04,11,123.94,1416.41,5,60,0,0,3,7.9,Low Risk,0,N/A
CUST-14840,Orion Strategic Health,Manufacturing,Starter,1-Year,Credit Card,2024-10,19,149.7,2927.34,8,93,4,0,3,15.4,Low Risk,0,N/A
CUST-14841,Apex Capital Health,E-Commerce,Enterprise,Month-to-Month,Credit Card,2025-12,2,1901.5,3879.32,137,63,4,0,9,40.1,Medium Risk,0,N/A
CUST-14842,Vanguard Capital Health,Financial Services,Starter,Month-to-Month,Credit Card,2025-03,7,175.37,1264.31,10,73,0,8,9,16.8,Low Risk,0,N/A
CUST-14843,Nexus Capital Health,Healthcare,Professional,1-Year,Credit Card,2024-04,6,367.93,2276.04,13,35,1,2,10,3.2,Low Risk,0,N/A
CUST-14844,Quantum Capital Health,Healthcare,Professional,Month-to-Month,Credit Card,2026-01,2,363.86,706.44,10,59,2,1,5,50.0,Medium Risk,1,Missing Core Feature
CUST-14845,Hyperion Capital Health,E-Commerce,Enterprise,Month-to-Month,Credit Card,2026-02,5,2026.3,9944.69,150,75,0,1,5,40.1,Medium Risk,1,Poor Onboarding Experience
CUST-14846,Aura Capital Health,Manufacturing,Starter,Month-to-Month,Electronic Check,2026-05,2,167.99,339.47,8,63,1,0,2,50.0,Medium Risk,1,Low User Adoption
CUST-14847,Catalyst Capital Health,Education,Starter,Month-to-Month,Bank Transfer,2025-04,10,188.78,1862.65,9,18,0,3,10,38.9,Medium Risk,1,Missing Core Feature
CUST-14848,Pulse Capital Health,Financial Services,Professional,Month-to-Month,Bank Transfer,2025-09,3,426.15,1233.26,18,74,5,8,3,89.1,High Risk,1,Missing Core Feature
CUST-14849,Vertex Capital Health,Manufacturing,Starter,1-Year,Credit Card,2025-03,5,131.57,660.9,2,86,3,1,10,1.4,Low Risk,0,N/A
CUST-14850,Starlight Capital Health,Manufacturing,Professional,Month-to-Month,Bank Transfer,2026-02,1,436.71,433.95,20,61,2,0,10,13.6,Low Risk,0,N/A
CUST-14851,Beacon Capital Health,Healthcare,Professional,Month-to-Month,Credit Card,2024-08,13,498.43,6661.09,27,74,5,0,7,48.8,Medium Risk,0,N/A
CUST-14852,Cobalt Capital Health,Manufacturing,Professional,1-Year,Credit Card,2025-11,8,460.98,3675.99,22,60,1,0,8,7.9,Low Risk,0,N/A
CUST-14853,Crest Capital Health,Healthcare,Professional,1-Year,Bank Transfer,2026-06,2,474.27,975.84,26,75,3,1,8,13.6,Low Risk,0,N/A
CUST-14854,Elevation Capital Health,Financial Services,Starter,Month-to-Month,Electronic Check,2024-07,6,143.75,857.54,4,36,0,0,4,40.1,Medium Risk,0,N/A
CUST-14855,Frontier Capital Health,Healthcare,Professional,1-Year,Credit Card,2024-10,3,433.41,1310.29,21,18,0,1,8,37.8,Medium Risk,0,N/A
CUST-14856,Horizon Capital Health,Healthcare,Professional,Month-to-Month,Bank Transfer,2025-08,11,449.05,4990.23,21,34,3,3,2,76.9,High Risk,1,Missing Core Feature
CUST-14857,Integra Capital Health,Healthcare,Starter,1-Year,Bank Transfer,2026-02,4,151.04,605.67,7,74,0,14,8,16.8,Low Risk,0,N/A
CUST-14858,Kinetic Capital Health,E-Commerce,Starter,Month-to-Month,Bank Transfer,2025-11,4,158.59,636.36,7,34,3,0,2,63.4,Medium Risk,1,Missing Core Feature
CUST-14859,Luminary Capital Health,Technology,Enterprise,Month-to-Month,Credit Card,2026-03,5,1448.11,7313.27,82,22,4,0,4,88.1,High Risk,1,Budget Reallocation / Price
CUST-14860,Meridian Capital Health,Education,Professional,Month-to-Month,Electronic Check,2026-03,1,495.21,504.14,26,22,0,1,8,61.1,Medium Risk,1,Missing Core Feature
CUST-14861,Nova Capital Health,Education,Starter,Month-to-Month,Credit Card,2025-12,4,197.65,764.25,10,29,0,0,9,25.0,Low Risk,0,N/A
CUST-14862,Omni Capital Health,Education,Starter,1-Year,Bank Transfer,2026-03,2,132.31,263.68,6,58,0,0,10,6.9,Low Risk,0,N/A
CUST-14863,Pinnacle Capital Health,Financial Services,Starter,Month-to-Month,Bank Transfer,2025-07,1,163.36,160.54,9,90,1,2,7,14.8,Low Risk,0,N/A
CUST-14864,Acro Capital Health,Healthcare,Professional,1-Year,Bank Transfer,2024-12,4,561.03,2176.06,33,53,0,1,7,9.5,Low Risk,0,N/A
CUST-14865,Boreal Capital Health,E-Commerce,Starter,1-Year,Credit Card,2026-02,3,142.25,425.64,7,84,2,1,8,6.3,Low Risk,0,N/A
CUST-14866,Cortex Capital Health,Healthcare,Enterprise,2-Year,Credit Card,2025-08,12,1299.04,15788.64,67,22,1,3,8,14.8,Low Risk,0,N/A
CUST-14867,Equinox Capital Health,Financial Services,Professional,1-Year,Credit Card,2024-03,29,317.18,9107.81,5,76,1,1,7,1.7,Low Risk,0,N/A
CUST-14868,Flux Capital Health,Financial Services,Enterprise,Month-to-Month,Credit Card,2024-04,18,1706.46,30374.33,114,62,1,1,7,18.2,Low Risk,1,Poor Onboarding Experience
CUST-14869,Galactic Capital Health,E-Commerce,Enterprise,2-Year,Credit Card,2024-02,28,1855.83,50923.51,130,64,0,0,4,3.9,Low Risk,0,N/A
CUST-14870,Helix Capital Health,E-Commerce,Starter,Month-to-Month,Bank Transfer,2025-05,2,139.69,289.01,6,56,1,14,7,43.8,Medium Risk,1,Poor Onboarding Experience
CUST-14871,Infini Capital Health,Education,Enterprise,2-Year,Credit Card,2024-01,2,1753.15,3575.43,118,81,0,0,7,2.7,Low Risk,0,N/A
CUST-14872,Krypton Capital Health,Financial Services,Enterprise,2-Year,Bank Transfer,2025-07,5,1110.55,5673.31,45,50,1,2,7,2.8,Low Risk,0,N/A
CUST-14873,Matrix Capital Health,Manufacturing,Enterprise,1-Year,Bank Transfer,2026-03,2,1113.48,2247.57,44,83,3,0,6,6.3,Low Risk,0,N/A
CUST-14874,Neutron Capital Health,Financial Services,Enterprise,2-Year,Credit Card,2026-04,2,1609.56,3249.37,101,74,1,45,7,33.2,Low Risk,1,Low User Adoption
CUST-14875,Optima Capital Health,Education,Professional,Month-to-Month,Bank Transfer,2024-04,4,563.83,2255.6,34,46,3,30,9,45.0,Medium Risk,0,N/A
CUST-14876,Prism Capital Health,Technology,Enterprise,1-Year,Credit Card,2025-05,11,1932.05,22020.6,140,89,0,5,2,17.5,Low Risk,1,Poor Onboarding Experience
CUST-14877,Radiant Capital Health,Healthcare,Enterprise,1-Year,Credit Card,2024-01,28,1536.7,42242.38,96,68,4,2,1,29.9,Low Risk,0,N/A
CUST-14878,Solaris Capital Health,Education,Starter,2-Year,Electronic Check,2025-02,17,140.13,2357.36,7,87,0,5,5,6.6,Low Risk,0,N/A
CUST-14879,Titan Capital Health,Healthcare,Enterprise,1-Year,Bank Transfer,2025-03,1,1881.92,1868.42,136,48,3,2,4,27.9,Low Risk,1,Missing Core Feature
CUST-14880,Zenith Capital Health,Education,Professional,2-Year,Bank Transfer,2025-04,15,331.85,5113.37,8,44,0,5,6,6.3,Low Risk,0,N/A
CUST-14881,Strata Capital Health,Technology,Starter,Month-to-Month,Electronic Check,2025-02,10,171.11,1666.01,10,72,0,1,8,21.4,Low Risk,0,N/A
CUST-14882,Synapse Capital Health,Technology,Starter,1-Year,Credit Card,2025-11,5,182.46,935.72,8,77,0,1,7,4.3,Low Risk,0,N/A
CUST-14883,Vortex Capital Health,Technology,Starter,Month-to-Month,Credit Card,2026-05,3,89.37,272.77,1,34,1,0,2,76.0,High Risk,1,Competitor Migration
CUST-14884,Vector Capital Health,Technology,Enterprise,2-Year,Bank Transfer,2025-10,7,1209.16,8195.96,56,75,1,3,7,5.2,Low Risk,0,N/A
CUST-14885,Zenith Capital Health,Manufacturing,Professional,Month-to-Month,Credit Card,2026-02,1,477.98,478.54,24,70,3,1,7,28.9,Low Risk,0,N/A
CUST-14886,Aegis Capital Health,Education,Professional,1-Year,Electronic Check,2025-10,4,451.13,1823.69,23,30,1,0,1,40.1,Medium Risk,0,N/A
CUST-14887,Orion Capital Health,Technology,Enterprise,Month-to-Month,Electronic Check,2024-03,20,1316.74,25514.1,70,22,1,0,9,11.4,Low Risk,0,N/A
CUST-14888,Apex Insight Health,E-Commerce,Starter,1-Year,Electronic Check,2026-03,2,160.0,318.74,9,74,3,21,7,59.9,Medium Risk,0,N/A
CUST-14889,Vanguard Insight Health,Healthcare,Enterprise,2-Year,Bank Transfer,2024-09,19,1652.61,32243.6,107,40,1,5,7,2.5,Low Risk,0,N/A
CUST-14890,Nexus Insight Health,E-Commerce,Starter,2-Year,Bank Transfer,2025-10,5,116.44,590.95,1,54,0,0,9,1.3,Low Risk,0,N/A
CUST-14891,Quantum Insight Health,Financial Services,Professional,Month-to-Month,Credit Card,2025-04,11,546.97,6181.64,35,70,1,2,6,18.2,Low Risk,0,N/A
CUST-14892,Hyperion Insight Health,Education,Professional,Month-to-Month,Bank Transfer,2024-01,15,448.34,6695.47,22,41,1,2,6,18.2,Low Risk,0,N/A
CUST-14893,Aura Insight Health,Technology,Starter,1-Year,Credit Card,2025-03,5,168.44,861.03,7,32,0,8,7,38.9,Medium Risk,0,N/A
CUST-14894,Catalyst Insight Health,Healthcare,Starter,1-Year,Credit Card,2024-04,8,174.31,1379.26,9,28,0,2,10,11.4,Low Risk,0,N/A
CUST-14895,Pulse Insight Health,Technology,Enterprise,Month-to-Month,Electronic Check,2026-01,4,1595.41,6259.06,100,57,0,5,3,56.2,Medium Risk,1,Low User Adoption
CUST-14896,Vertex Insight Health,E-Commerce,Enterprise,Month-to-Month,Credit Card,2024-02,10,1845.01,18029.47,131,38,1,5,8,29.9,Low Risk,0,N/A
CUST-14897,Starlight Insight Health,E-Commerce,Starter,Month-to-Month,Credit Card,2024-03,6,155.27,926.6,8,25,2,0,8,41.3,Medium Risk,0,N/A
CUST-14898,Beacon Insight Health,Financial Services,Starter,2-Year,Credit Card,2025-10,3,148.1,448.61,6,30,2,14,10,10.9,Low Risk,0,N/A
CUST-14899,Cobalt Insight Health,Healthcare,Professional,Month-to-Month,Credit Card,2025-11,1,409.39,416.76,17,36,2,1,8,28.9,Low Risk,0,N/A
CUST-14900,Crest Insight Health,Healthcare,Professional,Month-to-Month,Electronic Check,2024-03,7,444.85,3118.77,20,61,0,2,5,40.1,Medium Risk,0,N/A
CUST-14901,Elevation Insight Health,Manufacturing,Starter,Month-to-Month,Credit Card,2025-02,16,175.58,2798.39,10,76,0,1,4,22.3,Low Risk,0,N/A
CUST-14902,Frontier Insight Health,Manufacturing,Enterprise,1-Year,Credit Card,2024-09,16,1689.0,26319.33,113,35,6,2,2,47.5,Medium Risk,1,Executive Leadership Turnover
CUST-14903,Horizon Insight Health,Manufacturing,Starter,Month-to-Month,Electronic Check,2025-07,5,152.36,744.32,8,49,0,2,8,21.4,Low Risk,0,N/A
CUST-14904,Integra Insight Health,Healthcare,Starter,Month-to-Month,Credit Card,2025-10,6,120.61,749.71,1,56,4,3,6,64.6,Medium Risk,0,N/A
CUST-14905,Kinetic Insight Health,Healthcare,Starter,2-Year,Credit Card,2024-02,18,156.62,2849.48,8,20,1,2,6,8.3,Low Risk,0,N/A
CUST-14906,Luminary Insight Health,E-Commerce,Professional,2-Year,Bank Transfer,2025-08,10,415.27,4099.73,17,87,1,2,8,1.2,Low Risk,0,N/A
CUST-14907,Meridian Insight Health,Manufacturing,Starter,2-Year,Credit Card,2025-09,5,175.53,896.65,9,80,0,1,6,1.5,Low Risk,0,N/A
CUST-14908,Nova Insight Health,Technology,Enterprise,1-Year,Credit Card,2024-02,23,926.94,20919.33,21,17,1,3,8,19.8,Low Risk,0,N/A
CUST-14909,Omni Insight Health,Healthcare,Professional,Month-to-Month,Credit Card,2024-01,30,315.62,9139.0,5,71,0,2,2,24.0,Low Risk,1,Poor Onboarding Experience
CUST-14910,Pinnacle Insight Health,Healthcare,Starter,Month-to-Month,Credit Card,2024-11,20,141.37,2728.15,6,17,2,1,10,11.4,Low Risk,0,N/A
CUST-14911,Acro Insight Health,Technology,Starter,Month-to-Month,Credit Card,2024-11,15,144.18,2080.33,6,85,0,0,10,4.3,Low Risk,0,N/A
CUST-14912,Boreal Insight Health,Education,Starter,Month-to-Month,Credit Card,2024-05,22,148.07,3341.86,4,83,0,2,8,5.2,Low Risk,0,N/A
CUST-14913,Cortex Insight Health,Manufacturing,Professional,1-Year,Electronic Check,2024-09,21,516.03,10868.35,28,20,0,1,5,27.9,Low Risk,1,Competitor Migration
CUST-14914,Equinox Insight Health,Education,Professional,Month-to-Month,Credit Card,2024-02,24,345.85,8153.81,11,95,3,1,7,4.3,Low Risk,0,N/A
CUST-14915,Flux Insight Health,Healthcare,Starter,Month-to-Month,Electronic Check,2024-10,16,154.53,2404.95,8,34,1,0,5,63.4,Medium Risk,1,Competitor Migration
CUST-14916,Galactic Insight Health,E-Commerce,Starter,Month-to-Month,Credit Card,2025-01,4,120.81,475.71,4,78,2,8,10,6.6,Low Risk,0,N/A
CUST-14917,Helix Insight Health,Financial Services,Professional,Month-to-Month,Credit Card,2026-02,5,334.7,1701.57,7,25,2,1,3,63.4,Medium Risk,0,N/A
CUST-14918,Infini Insight Health,Healthcare,Starter,1-Year,Bank Transfer,2025-02,8,115.8,927.01,3,60,3,1,4,17.5,Low Risk,0,N/A
CUST-14919,Krypton Insight Health,Healthcare,Starter,Month-to-Month,Bank Transfer,2025-06,1,173.21,173.68,10,18,3,2,8,56.2,Medium Risk,1,Poor Onboarding Experience
CUST-14920,Matrix Insight Health,Technology,Starter,1-Year,Credit Card,2024-10,9,143.53,1263.09,6,54,0,45,9,27.9,Low Risk,0,N/A
CUST-14921,Neutron Insight Health,Healthcare,Professional,Month-to-Month,Electronic Check,2024-09,18,345.73,6291.8,11,42,0,2,7,21.4,Low Risk,0,N/A
CUST-14922,Optima Insight Health,Healthcare,Professional,2-Year,Bank Transfer,2026-05,1,377.23,369.75,15,28,3,21,6,61.1,Medium Risk,1,Poor Onboarding Experience
CUST-14923,Prism Insight Health,E-Commerce,Professional,2-Year,Electronic Check,2024-02,12,463.74,5380.95,24,76,0,5,3,6.6,Low Risk,0,N/A
CUST-14924,Radiant Insight Health,Manufacturing,Starter,Month-to-Month,Credit Card,2024-06,25,142.12,3627.54,4,95,2,1,1,10.0,Low Risk,0,N/A
CUST-14925,Solaris Insight Health,Financial Services,Starter,Month-to-Month,Bank Transfer,2024-03,29,113.74,3334.09,1,44,1,5,4,33.2,Low Risk,0,N/A
CUST-14926,Titan Insight Health,Healthcare,Starter,Month-to-Month,Electronic Check,2025-06,3,131.67,391.66,2,31,1,3,2,85.8,High Risk,1,Low User Adoption
CUST-14927,Zenith Insight Health,Manufacturing,Professional,Month-to-Month,Credit Card,2024-01,20,473.48,9698.69,25,94,5,5,8,26.9,Low Risk,0,N/A
CUST-14928,Strata Insight Health,Manufacturing,Professional,Month-to-Month,Credit Card,2024-04,19,454.92,8357.49,21,36,1,3,8,16.8,Low Risk,0,N/A
CUST-14929,Synapse Insight Health,Technology,Starter,1-Year,Credit Card,2024-07,11,167.68,1789.66,9,16,3,0,10,9.5,Low Risk,0,N/A
CUST-14930,Vortex Insight Health,Education,Starter,1-Year,Bank Transfer,2025-10,3,152.69,440.23,5,22,2,0,5,55.0,Medium Risk,0,N/A
CUST-14931,Vector Insight Health,E-Commerce,Enterprise,Month-to-Month,Credit Card,2025-01,3,1321.05,3839.77,70,27,2,1,6,56.2,Medium Risk,0,N/A
CUST-14932,Zenith Insight Health,Technology,Starter,1-Year,Credit Card,2024-09,14,150.27,2175.66,7,57,1,0,8,7.9,Low Risk,0,N/A
CUST-14933,Aegis Insight Health,Manufacturing,Professional,Month-to-Month,Credit Card,2024-01,10,338.14,3469.9,9,73,0,0,7,21.4,Low Risk,0,N/A
CUST-14934,Orion Insight Health,Manufacturing,Professional,2-Year,Bank Transfer,2025-07,2,444.21,915.82,22,40,2,0,7,5.0,Low Risk,0,N/A
CUST-14935,Apex Dynamic Health,Technology,Enterprise,Month-to-Month,Credit Card,2024-08,4,1367.68,5322.48,74,35,1,0,9,7.9,Low Risk,0,N/A
CUST-14936,Vanguard Dynamic Health,Healthcare,Starter,Month-to-Month,Bank Transfer,2025-10,10,144.36,1409.74,7,77,0,30,8,52.5,Medium Risk,0,N/A
CUST-14937,Nexus Dynamic Health,Manufacturing,Starter,1-Year,Bank Transfer,2024-04,12,135.62,1626.16,3,27,0,1,2,45.0,Medium Risk,0,N/A
CUST-14938,Quantum Dynamic Health,Manufacturing,Starter,Month-to-Month,Credit Card,2024-05,23,172.17,3929.93,8,19,1,2,10,11.4,Low Risk,0,N/A
CUST-14939,Hyperion Dynamic Health,E-Commerce,Professional,Month-to-Month,Credit Card,2024-10,11,352.09,3804.35,12,40,0,3,9,16.8,Low Risk,0,N/A
CUST-14940,Aura Dynamic Health,Healthcare,Enterprise,1-Year,Bank Transfer,2024-03,9,1733.45,15989.44,118,76,2,0,8,3.6,Low Risk,1,Poor Onboarding Experience
CUST-14941,Catalyst Dynamic Health,Healthcare,Starter,Month-to-Month,Electronic Check,2024-02,19,140.16,2574.24,3,49,4,5,10,25.0,Low Risk,0,N/A
CUST-14942,Pulse Dynamic Health,Education,Enterprise,Month-to-Month,Electronic Check,2025-01,3,1382.73,4109.52,74,70,2,1,8,28.9,Low Risk,0,N/A
CUST-14943,Vertex Dynamic Health,Education,Starter,Month-to-Month,Electronic Check,2025-10,6,155.5,904.56,8,76,1,0,5,19.0,Low Risk,0,N/A
CUST-14944,Starlight Dynamic Health,Technology,Starter,1-Year,Credit Card,2024-01,5,142.07,720.15,4,87,0,1,7,4.3,Low Risk,0,N/A
CUST-14945,Beacon Dynamic Health,Healthcare,Professional,2-Year,Bank Transfer,2025-02,5,548.96,2699.06,32,42,0,5,8,6.3,Low Risk,0,N/A
CUST-14946,Cobalt Dynamic Health,Healthcare,Starter,Month-to-Month,Credit Card,2026-02,2,125.66,256.45,5,39,3,1,9,13.6,Low Risk,0,N/A
CUST-14947,Crest Dynamic Health,E-Commerce,Professional,Month-to-Month,Credit Card,2024-12,4,511.27,2001.64,28,77,0,1,4,22.3,Low Risk,0,N/A
CUST-14948,Elevation Dynamic Health,Manufacturing,Professional,2-Year,Credit Card,2025-07,1,457.62,473.98,21,46,2,1,7,5.0,Low Risk,0,N/A
CUST-14949,Frontier Dynamic Health,Technology,Professional,Month-to-Month,Electronic Check,2025-06,8,351.91,2852.09,9,52,2,1,8,18.2,Low Risk,1,Poor Onboarding Experience
CUST-14950,Horizon Dynamic Health,Education,Professional,Month-to-Month,Electronic Check,2025-10,7,319.66,2224.33,8,97,6,1,8,28.9,Low Risk,0,N/A
CUST-14951,Integra Dynamic Health,E-Commerce,Professional,1-Year,Electronic Check,2024-02,6,550.66,3280.33,34,85,5,1,10,5.7,Low Risk,0,N/A
CUST-14952,Kinetic Dynamic Health,Financial Services,Enterprise,Month-to-Month,Bank Transfer,2025-01,8,1291.62,10009.82,66,52,0,1,8,21.4,Low Risk,1,Missing Core Feature
CUST-14953,Luminary Dynamic Health,E-Commerce,Professional,2-Year,Electronic Check,2025-12,6,433.65,2654.54,21,81,0,1,8,1.5,Low Risk,0,N/A
CUST-14954,Meridian Dynamic Health,Financial Services,Professional,2-Year,Bank Transfer,2025-09,8,390.46,3093.19,16,96,0,1,9,0.6,Low Risk,0,N/A
CUST-14955,Nova Dynamic Health,E-Commerce,Professional,Month-to-Month,Electronic Check,2024-05,24,440.25,10554.01,22,21,0,0,5,50.0,Medium Risk,0,N/A
CUST-14956,Omni Dynamic Health,Manufacturing,Enterprise,Month-to-Month,Bank Transfer,2024-12,7,970.79,6707.91,27,38,0,1,2,40.1,Medium Risk,0,N/A
CUST-14957,Pinnacle Dynamic Health,Financial Services,Starter,Month-to-Month,Credit Card,2024-02,13,169.18,2120.84,7,40,0,1,6,21.4,Low Risk,0,N/A
CUST-14958,Acro Dynamic Health,E-Commerce,Professional,1-Year,Credit Card,2025-09,10,497.85,4917.99,28,19,2,21,8,72.1,High Risk,1,Poor Onboarding Experience
CUST-14959,Boreal Dynamic Health,Healthcare,Enterprise,Month-to-Month,Credit Card,2024-07,16,1607.95,24995.41,101,19,0,3,2,80.2,High Risk,1,Budget Reallocation / Price
CUST-14960,Cortex Dynamic Health,Manufacturing,Professional,Month-to-Month,Credit Card,2026-01,1,572.05,576.5,35,15,1,1,9,33.2,Low Risk,1,Executive Leadership Turnover
CUST-14961,Equinox Dynamic Health,Financial Services,Professional,Month-to-Month,Electronic Check,2024-04,6,399.41,2486.48,17,39,3,5,10,14.2,Low Risk,0,N/A
CUST-14962,Flux Dynamic Health,Education,Starter,Month-to-Month,Bank Transfer,2025-02,2,122.73,240.3,1,31,1,0,7,56.2,Medium Risk,1,Poor Onboarding Experience
CUST-14963,Galactic Dynamic Health,E-Commerce,Professional,Month-to-Month,Electronic Check,2025-09,8,435.02,3520.25,22,70,0,3,1,56.2,Medium Risk,0,N/A
CUST-14964,Helix Dynamic Health,Technology,Starter,Month-to-Month,Bank Transfer,2025-07,5,152.21,770.37,6,88,6,21,6,79.4,High Risk,1,Missing Core Feature
CUST-14965,Infini Dynamic Health,E-Commerce,Starter,1-Year,Credit Card,2025-11,3,167.03,498.9,10,68,2,0,6,13.6,Low Risk,0,N/A
CUST-14966,Krypton Dynamic Health,Financial Services,Enterprise,Month-to-Month,Bank Transfer,2025-09,1,1140.2,1115.84,47,81,1,2,7,14.8,Low Risk,1,Poor Onboarding Experience
CUST-14967,Matrix Dynamic Health,Technology,Professional,Month-to-Month,Electronic Check,2026-06,2,330.83,655.19,7,87,0,0,9,7.6,Low Risk,0,N/A
CUST-14968,Neutron Dynamic Health,Financial Services,Starter,Month-to-Month,Bank Transfer,2024-06,24,124.69,2969.87,3,64,0,0,7,11.4,Low Risk,0,N/A
CUST-14969,Optima Dynamic Health,Manufacturing,Enterprise,1-Year,Electronic Check,2025-09,9,1821.87,16282.29,126,67,1,1,10,3.2,Low Risk,0,N/A
CUST-14970,Prism Dynamic Health,Financial Services,Professional,1-Year,Credit Card,2025-07,2,311.05,630.52,5,71,2,8,10,10.4,Low Risk,1,Missing Core Feature
CUST-14971,Radiant Dynamic Health,Manufacturing,Enterprise,Month-to-Month,Bank Transfer,2024-01,5,1106.37,5569.24,45,93,1,0,4,19.0,Low Risk,0,N/A
CUST-14972,Solaris Dynamic Health,Education,Professional,2-Year,Credit Card,2025-08,7,382.16,2572.16,14,57,0,3,1,14.2,Low Risk,0,N/A
CUST-14973,Titan Dynamic Health,Technology,Professional,Month-to-Month,Credit Card,2025-11,7,500.28,3476.64,28,53,2,1,8,18.2,Low Risk,0,N/A
CUST-14974,Zenith Dynamic Health,Technology,Starter,Month-to-Month,Credit Card,2024-05,11,145.44,1637.22,6,67,6,1,4,70.1,High Risk,1,Poor Onboarding Experience
CUST-14975,Strata Dynamic Health,Healthcare,Professional,Month-to-Month,Bank Transfer,2026-02,3,460.03,1379.99,25,37,4,5,10,56.2,Medium Risk,0,N/A
CUST-14976,Synapse Dynamic Health,E-Commerce,Professional,Month-to-Month,Credit Card,2025-05,2,437.03,865.4,21,92,0,3,1,50.0,Medium Risk,1,Executive Leadership Turnover
CUST-14977,Vortex Dynamic Health,Financial Services,Professional,Month-to-Month,Credit Card,2024-05,26,545.37,13732.24,35,72,5,0,3,52.5,Medium Risk,1,Missing Core Feature
CUST-14978,Vector Dynamic Health,Technology,Enterprise,Month-to-Month,Credit Card,2025-12,5,1008.23,5130.43,30,52,0,45,10,50.0,Medium Risk,0,N/A
CUST-14979,Zenith Dynamic Health,Healthcare,Starter,Month-to-Month,Credit Card,2025-07,5,117.68,609.31,4,69,0,1,8,21.4,Low Risk,1,Budget Reallocation / Price
CUST-14980,Aegis Dynamic Health,Healthcare,Starter,Month-to-Month,Bank Transfer,2024-05,6,188.68,1107.15,10,93,0,14,6,18.2,Low Risk,0,N/A
CUST-14981,Orion Dynamic Health,Technology,Starter,2-Year,Credit Card,2025-09,1,139.91,141.73,5,47,3,3,8,9.1,Low Risk,0,N/A
CUST-14982,Apex Applied Health,Education,Enterprise,1-Year,Bank Transfer,2025-01,2,1086.67,2218.1,40,55,3,2,9,5.7,Low Risk,0,N/A
CUST-14983,Vanguard Applied Health,Healthcare,Enterprise,1-Year,Electronic Check,2026-03,5,1496.14,7302.28,90,87,0,1,7,4.3,Low Risk,0,N/A
CUST-14984,Nexus Applied Health,Technology,Professional,Month-to-Month,Electronic Check,2025-03,14,473.43,6390.56,23,50,0,0,9,9.5,Low Risk,0,N/A
CUST-14985,Quantum Applied Health,Technology,Professional,2-Year,Credit Card,2026-03,5,544.01,2623.41,33,95,1,0,8,1.2,Low Risk,0,N/A
CUST-14986,Hyperion Applied Health,Technology,Starter,Month-to-Month,Credit Card,2026-02,1,189.58,189.03,9,74,0,0,7,33.2,Low Risk,0,N/A
CUST-14987,Aura Applied Health,Financial Services,Professional,Month-to-Month,Bank Transfer,2025-05,15,484.23,7346.55,25,86,1,0,7,8.7,Low Risk,0,N/A
CUST-14988,Catalyst Applied Health,Education,Starter,Month-to-Month,Electronic Check,2026-06,1,162.44,161.85,6,21,2,1,9,33.2,Low Risk,1,Missing Core Feature
CUST-14989,Pulse Applied Health,E-Commerce,Professional,2-Year,Electronic Check,2024-09,7,372.13,2613.22,12,26,2,2,7,8.3,Low Risk,0,N/A
CUST-14990,Vertex Applied Health,Manufacturing,Professional,1-Year,Bank Transfer,2026-04,1,536.77,516.37,33,79,1,0,10,2.5,Low Risk,0,N/A
CUST-14991,Starlight Applied Health,Financial Services,Professional,Month-to-Month,Credit Card,2025-02,15,378.22,5615.27,13,66,1,1,7,18.2,Low Risk,1,Low User Adoption
CUST-14992,Beacon Applied Health,Technology,Professional,1-Year,Bank Transfer,2026-06,2,335.08,679.19,7,44,1,8,7,23.1,Low Risk,0,N/A
CUST-14993,Cobalt Applied Health,E-Commerce,Enterprise,Month-to-Month,Bank Transfer,2024-02,7,1654.48,11547.97,106,48,0,0,7,21.4,Low Risk,0,N/A
CUST-14994,Crest Applied Health,E-Commerce,Enterprise,Month-to-Month,Credit Card,2024-12,19,1404.7,27269.68,78,18,1,0,8,25.0,Low Risk,1,Competitor Migration
CUST-14995,Elevation Applied Health,Education,Starter,1-Year,Credit Card,2024-06,20,90.06,1866.61,1,90,1,30,9,6.0,Low Risk,0,N/A
CUST-14996,Frontier Applied Health,Technology,Starter,Month-to-Month,Bank Transfer,2025-05,1,100.89,98.19,2,73,1,2,2,50.0,Medium Risk,0,N/A
CUST-14997,Horizon Applied Health,Education,Starter,1-Year,Credit Card,2025-08,6,160.95,946.38,6,92,4,1,7,13.6,Low Risk,0,N/A
CUST-14998,Integra Applied Health,Education,Starter,Month-to-Month,Credit Card,2024-06,7,159.14,1156.17,7,21,0,5,5,80.2,High Risk,1,Executive Leadership Turnover
CUST-14999,Kinetic Applied Health,Financial Services,Professional,Month-to-Month,Bank Transfer,2025-11,1,521.48,522.58,29,73,1,5,5,65.7,High Risk,0,N/A
CUST-15000,Luminary Applied Health,E-Commerce,Starter,2-Year,Electronic Check,2024-12,15,136.88,2133.92,5,59,3,0,9,1.1,Low Risk,0,N/A
